bez,lor_ab_2021,umonat,ustunde,uwochentag,ukategorie,uart,utyp1,ulichtverh,istrad,istpkw,istfuss,istkrad,istgkfz,istsonstige,ustrzustand,xgcswgs84,ygcswgs84,all_acc,perc_bike_acc,rushhours
8,8100521.0,1,11,4,2,3,6,0,0,1,0,0,1,0,1,13.45500598,52.4623009,2,0.0,08 to 12
4,4400727.0,1,2,3,2,9,1,2,0,0,0,0,1,0,1,13.29111618,52.49387309,1,0.0,00 to 04
4,4400830.0,1,7,1,3,0,1,1,0,0,0,0,0,1,1,13.30534822,52.48407191,1,0.0,04 to 08
2,2400521.0,1,22,6,2,1,5,2,0,1,0,0,0,0,0,13.43737099,52.517556,1,0.0,20 to 24
4,4400727.0,1,17,1,3,0,1,2,0,0,0,1,0,0,1,13.29974796,52.48791866,1,0.0,16 to 20
7,4501153.0,1,14,6,3,2,6,0,0,1,0,0,0,0,0,13.33629164,52.47837396,1,0.0,12 to 16
7,7100205.0,1,13,2,3,0,4,0,0,0,1,0,0,1,0,13.36256795,52.49909824,2,0.0,12 to 16
7,7400721.0,1,15,7,2,1,1,0,0,1,0,0,0,0,0,13.38588423,52.47553062,1,0.0,12 to 16
3,3200206.0,1,13,5,3,2,6,0,0,1,0,0,0,0,0,13.39826708,52.57738163,1,0.0,12 to 16
1,1400940.0,1,9,1,3,5,3,0,0,1,0,0,0,0,0,13.36525689,52.55808889,1,0.0,08 to 12
9,9100101.0,2,12,7,3,2,2,0,0,0,0,1,0,1,1,13.4577519,52.4918167,2,0.0,12 to 16
4,4501151.0,1,17,5,3,2,1,2,0,1,0,0,0,0,0,13.32702026,52.47781709,1,0.0,16 to 20
4,4300414.0,1,11,5,3,0,1,0,1,0,0,0,0,0,0,13.28696175,52.51024968,1,1.0,08 to 12
4,4400726.0,1,15,2,3,5,3,0,0,1,0,0,1,0,0,13.29063655,52.49378756,2,0.0,12 to 16
1,1100102.0,1,15,5,3,5,2,0,0,1,0,0,0,0,1,13.369821,52.51582959,1,0.0,12 to 16
2,2400522.0,1,18,4,3,3,6,1,1,0,0,0,0,0,0,13.44252783,52.51689063,1,1.0,16 to 20
12,12200414.0,1,14,5,2,3,7,0,0,1,0,0,1,0,1,13.30881102,52.55713178,2,0.0,12 to 16
1,1100310.0,1,10,6,3,5,2,0,0,1,0,0,0,0,0,13.41961997,52.52520178,1,0.0,08 to 12
2,2500835.0,1,21,4,3,6,7,2,1,0,1,0,0,0,0,13.45285824,52.50107535,2,0.5,20 to 24
5,5200634.0,1,15,4,3,2,6,0,0,1,0,0,0,1,1,13.20312525,52.5117929,2,0.0,12 to 16
3,3601452.0,1,7,3,3,0,7,0,0,1,0,0,0,1,1,13.44418945,52.52943224,2,0.0,04 to 08
6,6400735.0,1,11,4,3,5,2,0,0,1,0,0,0,0,0,13.17542061,52.41996231,1,0.0,08 to 12
7,7601236.0,1,9,3,2,6,2,0,0,0,1,0,1,0,0,13.36193572,52.41362926,2,0.0,08 to 12
3,3500936.0,1,7,3,3,3,6,0,1,1,0,0,0,0,0,13.44815487,52.54717101,2,0.5,04 to 08
3,3501037.0,1,17,3,3,5,3,2,0,1,0,0,0,0,1,13.46906298,52.56297781,1,0.0,16 to 20
1,1100310.0,1,13,1,3,5,3,0,0,1,0,0,0,0,0,13.4091764,52.51674525,1,0.0,12 to 16
1,1100205.0,1,18,5,3,4,6,2,1,0,0,0,0,1,0,13.37764319,52.50957906,2,0.5,16 to 20
4,4200308.0,1,6,3,3,3,6,2,0,1,0,0,1,0,1,13.28260654,52.52843034,2,0.0,04 to 08
11,11300722.0,1,4,2,3,6,2,2,0,1,1,0,0,0,1,13.47675274,52.51343456,2,0.0,04 to 08
6,6300527.0,1,3,1,3,3,6,2,0,1,0,0,0,1,1,13.26399353,52.43534916,2,0.0,00 to 04
7,7400927.0,1,9,4,3,3,6,0,0,1,0,0,1,0,0,13.3886979,52.4695124,2,0.0,08 to 12
4,4300414.0,1,15,7,3,1,5,0,0,1,0,1,0,0,0,13.29769472,52.51090969,2,0.0,12 to 16
12,12500930.0,1,15,6,3,3,6,0,0,1,0,0,0,0,0,13.34401431,52.58274696,1,0.0,12 to 16
1,1100310.0,1,3,4,2,6,4,2,0,1,1,0,0,0,0,13.41262809,52.51921233,2,0.0,00 to 04
1,1100310.0,1,16,6,3,2,6,2,0,1,0,0,0,0,1,13.41675606,52.52207519,1,0.0,16 to 20
4,4501148.0,1,22,5,3,2,6,2,0,1,0,0,0,0,0,13.30955669,52.48192672,1,0.0,20 to 24
3,3701657.0,1,6,4,3,5,2,2,0,1,0,0,0,0,0,13.4242441,52.53905061,1,0.0,04 to 08
12,12400723.0,1,11,5,3,5,3,0,1,1,0,0,0,0,1,13.31537724,52.61314013,2,0.5,08 to 12
3,3200206.0,1,16,5,2,0,7,0,1,0,0,0,0,0,0,13.40385303,52.5809442,1,1.0,16 to 20
4,4100101.0,1,17,3,3,2,6,2,0,1,0,0,0,0,0,13.29492109,52.53905409,1,0.0,16 to 20
1,1100205.0,1,8,5,3,2,6,0,0,1,0,0,0,0,0,13.37977451,52.50972329,1,0.0,08 to 12
4,4100101.0,1,14,1,2,2,6,0,0,1,0,0,0,0,0,13.32575802,52.53800624,1,0.0,12 to 16
12,12601031.0,1,13,5,3,5,3,0,0,1,0,0,0,0,1,13.33128678,52.60063121,1,0.0,12 to 16
1,1100311.0,1,17,4,3,0,5,2,1,1,0,0,0,0,1,13.42301478,52.51988474,2,0.5,16 to 20
1,1401049.0,1,7,3,3,1,5,1,1,1,0,0,0,0,0,13.36640787,52.55308856,2,0.5,04 to 08
3,3200205.0,1,12,3,3,1,5,0,1,1,0,0,0,0,1,13.40242993,52.58622174,2,0.5,12 to 16
7,7501029.0,1,16,3,3,6,2,1,0,0,1,0,0,1,1,13.38058644,52.43805153,2,0.0,16 to 20
10,10100312.0,1,12,4,3,1,5,0,0,1,0,0,0,1,1,13.54051453,52.52197488,2,0.0,12 to 16
1,1100205.0,1,18,3,3,0,1,2,0,1,0,1,0,0,1,13.37899741,52.50967,2,0.0,16 to 20
4,4300415.0,1,17,2,3,3,6,2,0,1,0,0,1,0,0,13.2852835,52.50964634,2,0.0,16 to 20
10,10100311.0,1,6,6,2,0,1,2,0,0,0,1,0,0,2,13.54077723,52.5099775,1,0.0,04 to 08
4,4200311.0,1,19,1,3,5,3,2,0,1,0,0,1,0,0,13.28097194,52.50247963,2,0.0,16 to 20
4,4400830.0,1,15,6,3,2,6,0,0,1,0,0,1,0,0,13.3041698,52.48481229,2,0.0,12 to 16
2,2500727.0,1,22,4,3,5,3,2,0,1,0,0,0,0,0,13.45376921,52.51582173,1,0.0,20 to 24
4,4300621.0,1,15,7,3,5,7,0,0,1,0,0,0,0,0,13.3055724,52.51161677,1,0.0,12 to 16
4,4200311.0,1,18,5,3,3,6,0,0,1,0,0,0,1,0,13.28276782,52.51015542,2,0.0,16 to 20
3,3200204.0,1,13,6,3,5,2,0,1,1,0,0,0,0,1,13.39058326,52.61854174,2,0.5,12 to 16
9,9100409.0,1,12,5,3,2,6,0,0,1,0,0,0,1,0,13.51196554,52.42816033,2,0.0,12 to 16
4,4100101.0,1,5,3,3,2,6,2,0,1,0,0,0,0,0,13.29376824,52.53755066,1,0.0,04 to 08
5,5400942.0,1,15,5,3,2,6,0,0,1,0,0,0,0,1,13.15177549,52.49758644,1,0.0,12 to 16
7,7400822.0,1,14,4,2,2,6,0,0,1,0,0,0,0,0,13.36656709,52.47224193,1,0.0,12 to 16
7,7601341.0,1,7,6,3,5,3,2,1,1,0,0,0,0,1,13.35664989,52.40563733,2,0.5,04 to 08
4,4200311.0,1,11,6,3,2,6,0,0,1,0,0,0,0,0,13.2852335,52.51422561,1,0.0,08 to 12
3,3200206.0,1,17,5,3,2,6,1,0,1,0,0,0,0,0,13.40267503,52.58073554,1,0.0,16 to 20
4,4501148.0,1,16,4,3,3,6,2,0,1,0,0,1,0,0,13.31401653,52.47937611,2,0.0,16 to 20
7,7501030.0,1,5,3,3,5,2,2,0,1,0,0,0,0,1,13.38457459,52.45269491,1,0.0,04 to 08
4,4100101.0,1,6,3,3,2,6,2,0,1,0,0,0,0,0,13.29493447,52.5394255,1,0.0,04 to 08
7,7501030.0,1,10,3,2,5,3,0,0,1,0,0,0,0,0,13.38502877,52.44928169,1,0.0,08 to 12
11,11401032.0,1,9,4,3,5,3,0,1,1,0,0,0,0,0,13.50492813,52.51074273,2,0.5,08 to 12
9,9100202.0,1,7,3,3,5,3,1,1,1,0,0,0,0,1,13.46502433,52.48672236,2,0.5,04 to 08
4,4200308.0,1,18,1,3,2,6,2,0,1,0,0,0,0,0,13.28251145,52.52021565,1,0.0,16 to 20
5,5200633.0,1,16,5,3,3,6,2,0,0,0,1,0,1,0,13.18689744,52.5150694,2,0.0,16 to 20
6,6300526.0,1,16,6,2,6,2,2,0,1,1,0,0,0,1,13.26230773,52.43482496,2,0.0,16 to 20
9,9100203.0,1,18,2,3,5,3,2,0,1,0,0,0,0,0,13.47943026,52.48449525,1,0.0,16 to 20
9,9100203.0,1,12,2,3,5,3,0,1,1,0,0,0,0,0,13.47941806,52.48448944,2,0.5,12 to 16
10,10300733.0,1,12,6,2,5,2,0,0,1,0,0,0,0,0,13.56136496,52.50860475,1,0.0,12 to 16
1,1300836.0,1,10,5,3,3,6,0,0,1,0,0,1,0,0,13.36963169,52.54177478,2,0.0,08 to 12
5,5200528.0,1,0,1,3,5,2,2,1,1,0,0,0,0,0,13.17896627,52.51656757,2,0.5,00 to 04
1,1100310.0,2,0,7,3,5,2,2,0,1,0,0,0,0,0,13.41650018,52.52219145,1,0.0,00 to 04
1,1400940.0,1,22,5,3,0,1,2,0,0,0,1,0,0,1,13.36550618,52.55794822,1,0.0,20 to 24
7,7100206.0,1,11,5,3,2,6,0,0,1,0,0,0,0,0,13.36093162,52.49284138,1,0.0,08 to 12
6,6300629.0,1,22,6,3,1,7,2,1,1,0,0,0,0,0,13.28938045,52.44400008,2,0.5,20 to 24
2,2200207.0,1,18,4,3,2,6,2,0,1,0,0,0,0,0,13.37836475,52.49927984,1,0.0,16 to 20
7,7501133.0,1,20,5,3,5,3,2,0,1,0,0,0,0,1,13.3873192,52.4401743,1,0.0,20 to 24
7,7501029.0,1,6,6,3,6,2,2,0,1,1,0,0,0,1,13.38186602,52.43927037,2,0.0,04 to 08
10,10100206.0,1,18,4,3,5,2,2,0,1,0,0,0,0,1,13.55823167,52.56282336,1,0.0,16 to 20
3,3601451.0,1,7,4,2,5,3,2,1,0,0,0,0,1,1,13.43701537,52.53978795,2,0.5,04 to 08
1,1400940.0,1,17,1,3,5,3,2,1,1,0,0,0,0,0,13.36548411,52.55807714,2,0.5,16 to 20
12,12100205.0,1,14,5,3,2,6,0,0,1,0,0,0,0,1,13.34684894,52.57906894,1,0.0,12 to 16
4,4100101.0,1,10,4,3,5,3,0,0,1,0,0,1,0,0,13.2934365,52.53676681,2,0.0,08 to 12
9,9100203.0,1,8,3,3,5,3,0,1,1,0,0,0,0,1,13.47943434,52.4844972,2,0.5,08 to 12
7,7300619.0,1,16,3,3,2,2,2,0,1,0,0,0,0,1,13.35976037,52.474454,1,0.0,16 to 20
2,2500728.0,1,13,3,2,0,2,0,1,1,0,0,0,0,1,13.46599365,52.51452225,2,0.5,12 to 16
4,4200311.0,1,12,1,3,2,6,0,0,1,0,0,0,0,1,13.28219929,52.51011815,1,0.0,12 to 16
10,10300733.0,1,11,3,3,3,6,0,0,1,0,0,1,0,1,13.56343189,52.5079485,2,0.0,08 to 12
2,2400625.0,1,6,2,3,6,4,1,0,1,1,0,0,0,0,13.44767223,52.50372295,2,0.0,04 to 08
6,6400735.0,1,11,6,3,5,7,0,0,1,0,0,0,0,0,13.0970364,52.4132711,1,0.0,08 to 12
7,7400927.0,1,0,2,3,9,1,2,0,1,0,0,0,0,0,13.40847871,52.46140018,1,0.0,00 to 04
1,1401044.0,1,19,1,3,5,2,1,0,1,0,0,0,0,0,13.36730684,52.55149233,1,0.0,16 to 20
4,4200311.0,1,8,4,3,2,6,0,0,1,0,0,0,0,0,13.28032454,52.50034887,1,0.0,08 to 12
3,3400723.0,1,16,7,3,6,2,2,0,1,1,0,0,0,0,13.40357185,52.5692346,2,0.0,16 to 20
4,4100101.0,1,15,5,3,5,3,0,0,1,0,0,0,1,0,13.32298198,52.53766662,2,0.0,12 to 16
12,12100101.0,1,22,6,3,5,7,2,0,1,0,0,0,0,1,13.36477857,52.56057739,1,0.0,20 to 24
12,12500927.0,1,12,5,3,3,6,0,0,1,0,1,0,0,0,13.33252244,52.5977376,2,0.0,12 to 16
10,10400837.0,1,5,4,3,2,6,2,0,1,0,0,0,0,0,13.58320199,52.50517035,1,0.0,04 to 08
7,7400822.0,1,17,5,3,2,6,2,0,1,0,0,0,0,1,13.36702781,52.47208819,1,0.0,16 to 20
6,6100209.0,1,8,5,2,9,1,0,0,1,0,0,0,0,1,13.33024664,52.46248404,1,0.0,08 to 12
4,4200206.0,1,20,3,3,6,4,2,0,1,1,0,0,0,0,13.25848409,52.5085347,2,0.0,20 to 24
4,4100101.0,1,14,6,3,3,6,0,0,1,0,1,0,0,0,13.29925021,52.54624577,2,0.0,12 to 16
10,10100312.0,1,7,5,2,1,1,2,0,1,0,0,1,0,0,13.54012794,52.52232363,2,0.0,04 to 08
1,1100310.0,1,12,5,3,2,1,0,0,1,0,0,1,0,1,13.41602635,52.52215817,2,0.0,12 to 16
2,2100101.0,1,20,4,3,6,2,2,0,1,1,0,0,0,1,13.37479602,52.50308901,2,0.0,20 to 24
5,5200528.0,1,7,3,3,2,6,2,0,1,0,0,0,1,0,13.17875479,52.51643767,2,0.0,04 to 08
1,1401044.0,1,17,3,3,6,3,2,0,1,1,0,0,0,1,13.36758744,52.5512916,2,0.0,16 to 20
2,3601452.0,10,1,7,2,5,2,2,1,1,0,0,0,0,1,13.4477226,52.52658663,2,0.5,00 to 04
2,2400522.0,4,22,4,3,1,5,2,0,1,0,0,0,1,1,13.44456805,52.51668464,2,0.0,20 to 24
7,7501133.0,9,13,5,3,2,7,0,0,1,0,0,0,0,0,13.37558903,52.42909385,1,0.0,12 to 16
3,3100101.0,11,6,2,3,2,6,2,0,1,0,0,0,1,1,13.47948482,52.62722172,2,0.0,04 to 08
12,12601032.0,5,15,1,3,2,6,0,0,1,0,0,0,0,0,13.32420191,52.60751483,1,0.0,12 to 16
3,3601451.0,8,7,3,3,5,3,0,1,1,0,0,0,0,0,13.43457473,52.53561866,2,0.5,04 to 08
1,1300836.0,6,16,4,3,3,6,0,1,1,0,0,0,0,0,13.36988851,52.54038342,2,0.5,16 to 20
5,5200633.0,5,19,5,2,6,7,0,0,1,1,0,0,0,0,13.18553429,52.51532832,2,0.0,16 to 20
4,4300414.0,4,19,4,3,3,5,1,1,1,0,0,0,0,1,13.29886025,52.51117642,2,0.5,16 to 20
7,7501135.0,9,14,4,3,3,6,0,0,0,0,1,0,1,0,13.39645684,52.4231668,2,0.0,12 to 16
2,2400521.0,12,14,6,3,3,6,0,0,1,0,1,0,0,0,13.4287219,52.51818229,2,0.0,12 to 16
7,7100205.0,8,14,4,3,0,7,0,0,0,0,1,0,1,0,13.36174766,52.4971452,2,0.0,12 to 16
7,7501030.0,6,22,6,3,2,7,2,0,1,0,0,0,0,0,13.38483821,52.45023607,1,0.0,20 to 24
4,4300622.0,10,14,1,3,0,6,0,0,1,0,0,0,0,1,13.31577878,52.51209274,1,0.0,12 to 16
2,2500727.0,4,16,4,3,6,4,0,1,0,1,0,0,0,0,13.45410718,52.51618682,2,0.5,16 to 20
4,4200308.0,11,17,4,3,2,6,2,0,1,0,0,0,0,0,13.2830989,52.51893029,1,0.0,16 to 20
1,1100102.0,9,17,3,3,5,2,0,1,1,0,0,0,0,0,13.36834502,52.50630542,2,0.5,16 to 20
12,12100103.0,8,17,2,3,2,6,0,0,1,0,1,0,0,0,13.36106337,52.56984154,2,0.0,16 to 20
4,4300414.0,4,9,4,3,5,3,0,0,1,0,0,0,0,1,13.2972364,52.51087962,1,0.0,08 to 12
3,3400830.0,10,11,6,2,5,7,0,1,1,0,0,0,0,1,13.42774802,52.56751703,2,0.5,08 to 12
4,4300620.0,8,16,4,3,5,2,0,1,1,0,0,0,0,0,13.3332539,52.51343282,2,0.5,16 to 20
1,1100310.0,7,23,4,3,2,6,2,0,1,0,0,0,1,1,13.42023536,52.52520283,2,0.0,20 to 24
4,4501148.0,6,10,6,2,8,1,0,0,0,0,1,0,0,0,13.30968606,52.48201461,1,0.0,08 to 12
10,10100312.0,11,5,5,2,3,6,2,1,0,0,1,0,0,0,13.53728504,52.52720576,2,0.5,04 to 08
1,1100206.0,4,7,4,3,3,6,0,1,1,0,0,0,0,0,13.38836072,52.51711768,2,0.5,04 to 08
7,7601236.0,9,15,5,3,6,4,0,0,1,1,0,0,0,0,13.36188566,52.41374014,2,0.0,12 to 16
2,2200208.0,12,20,3,3,5,2,2,1,1,0,0,0,0,0,13.38926438,52.49748826,2,0.5,20 to 24
12,12100205.0,6,19,2,3,6,2,0,0,1,1,0,0,0,0,13.34784496,52.57448766,2,0.0,16 to 20
4,4400726.0,4,13,3,3,2,7,0,0,1,0,0,0,1,0,13.28473853,52.49524971,2,0.0,12 to 16
3,3601452.0,9,20,5,3,5,2,2,1,1,0,0,0,0,0,13.44523473,52.52887167,2,0.5,20 to 24
12,12500824.0,7,11,7,2,0,7,0,0,1,0,0,0,0,0,13.28707127,52.59250061,1,0.0,08 to 12
2,2200207.0,4,23,3,3,3,6,2,0,1,0,0,0,0,1,13.37456616,52.50320726,1,0.0,20 to 24
7,7501133.0,10,18,5,3,0,3,1,1,1,0,0,0,0,1,13.38813093,52.43755635,2,0.5,16 to 20
7,7400927.0,12,12,4,3,2,6,0,0,1,0,0,0,0,0,13.39525933,52.46703845,1,0.0,12 to 16
3,3200205.0,5,15,7,3,1,5,0,0,1,0,0,0,1,0,13.40309044,52.59463211,2,0.0,12 to 16
5,5200633.0,8,11,7,3,6,4,0,0,0,1,1,0,0,0,13.18957283,52.51453246,2,0.0,08 to 12
6,6300527.0,7,16,4,3,2,6,0,0,1,0,0,0,0,0,13.26445457,52.43546614,1,0.0,16 to 20
3,3100101.0,5,15,1,2,3,6,0,0,1,0,1,0,0,0,13.42724663,52.63389582,2,0.0,12 to 16
12,12100205.0,10,14,4,3,5,3,0,0,1,0,0,0,0,0,13.34765328,52.5744711,1,0.0,12 to 16
3,3400620.0,4,10,3,3,2,6,0,0,1,0,0,0,0,0,13.39906373,52.57318377,1,0.0,08 to 12
3,3500936.0,9,6,2,3,2,6,1,0,1,0,0,0,0,0,13.45061974,52.54806894,1,0.0,04 to 08
7,7300619.0,11,10,2,3,2,6,0,0,1,0,0,0,1,0,13.35725223,52.47380151,2,0.0,08 to 12
2,2100101.0,5,18,7,3,5,3,0,1,1,0,0,0,0,0,13.38914034,52.4980268,2,0.5,16 to 20
12,12100103.0,8,18,6,3,5,2,0,1,1,0,0,0,0,0,13.35999744,52.5719312,2,0.5,16 to 20
7,7400720.0,6,3,1,3,3,6,2,0,1,0,0,0,0,1,13.38605362,52.48320552,1,0.0,00 to 04
1,1300836.0,4,8,3,3,5,2,0,1,1,0,0,0,0,0,13.36833544,52.54111107,2,0.5,08 to 12
6,6400735.0,10,11,7,3,2,2,0,0,1,0,1,0,0,0,13.17419967,52.42024051,2,0.0,08 to 12
6,6300526.0,12,6,5,3,5,3,2,1,1,0,0,0,0,0,13.26220729,52.43495058,2,0.5,04 to 08
7,7400927.0,8,15,2,3,2,6,0,0,1,0,0,0,0,0,13.40270548,52.46395107,1,0.0,12 to 16
7,7501030.0,7,8,5,3,2,6,0,0,1,0,0,0,0,0,13.38674203,52.44202754,1,0.0,08 to 12
2,2500727.0,4,7,3,3,5,3,0,1,1,0,0,0,0,0,13.45362467,52.5184913,2,0.5,04 to 08
1,1100207.0,10,10,5,3,3,6,0,0,1,0,1,0,0,0,13.40398898,52.51271094,2,0.0,08 to 12
12,12400723.0,4,12,2,3,2,2,0,0,1,0,0,0,0,0,13.31536758,52.6130958,1,0.0,12 to 16
10,10400940.0,9,9,3,3,5,2,0,1,1,0,0,0,0,0,13.61355311,52.50476522,2,0.5,08 to 12
4,4200311.0,11,11,2,2,8,1,0,1,0,0,0,0,0,0,13.28173285,52.5099218,1,1.0,08 to 12
7,7200411.0,9,0,7,3,1,5,2,1,1,0,0,0,0,0,13.35970961,52.48966372,2,0.5,00 to 04
8,8200624.0,5,19,7,3,2,6,0,0,1,0,0,0,0,0,13.43084597,52.46192107,1,0.0,16 to 20
7,7400720.0,8,16,1,3,2,6,0,0,1,0,0,0,0,0,13.38605474,52.48331311,1,0.0,16 to 20
1,1100102.0,6,18,3,3,2,6,0,0,1,0,1,0,0,0,13.36114698,52.51526557,2,0.0,16 to 20
6,6400735.0,4,18,1,2,0,1,0,1,0,0,0,0,0,0,13.1609308,52.41965943,1,1.0,16 to 20
1,1100310.0,9,12,2,3,2,6,0,0,1,0,0,0,0,0,13.42028521,52.52524472,1,0.0,12 to 16
7,7501030.0,12,6,4,3,2,6,2,0,1,0,1,0,0,1,13.38560059,52.44702202,2,0.0,04 to 08
1,1401049.0,8,13,3,3,3,6,0,1,1,0,0,0,0,0,13.36644065,52.55302354,2,0.5,12 to 16
3,3701660.0,6,12,4,3,1,5,0,1,1,0,0,0,0,0,13.42817699,52.53219701,2,0.5,12 to 16
6,6400838.0,4,10,6,3,2,6,0,0,1,0,1,0,0,0,13.22517713,52.42974441,2,0.0,08 to 12
4,4300414.0,11,6,2,3,5,2,0,0,1,0,0,0,0,0,13.28924145,52.51039198,1,0.0,04 to 08
4,4100101.0,9,14,1,3,2,6,0,0,1,0,0,0,0,0,13.28805012,52.53256497,1,0.0,12 to 16
3,3601139.0,8,15,7,2,5,2,0,1,1,0,0,0,0,0,13.41479592,52.55501441,2,0.5,12 to 16
7,7300619.0,4,15,5,2,5,7,0,0,1,0,0,0,0,0,13.35392759,52.47896396,1,0.0,12 to 16
6,6400736.0,10,16,4,3,9,1,1,0,1,0,0,0,0,1,13.19810794,52.42020694,1,0.0,16 to 20
3,3200205.0,8,9,3,3,0,7,0,1,0,0,0,0,0,1,13.4027963,52.59319086,1,1.0,08 to 12
3,3400620.0,7,7,2,3,5,2,0,0,1,0,0,0,1,0,13.39867415,52.57245093,2,0.0,04 to 08
7,7400825.0,6,8,4,3,2,6,0,0,1,0,0,0,0,0,13.38407497,52.45799223,1,0.0,08 to 12
4,4300413.0,11,8,3,3,2,6,0,0,1,0,1,0,0,0,13.2850998,52.51615065,2,0.0,08 to 12
7,7601442.0,4,15,5,3,5,7,0,1,1,0,0,0,0,0,13.40010893,52.41611495,2,0.5,12 to 16
2,2400522.0,9,16,4,3,5,3,0,1,0,0,1,0,0,0,13.4503043,52.51610528,2,0.5,16 to 20
1,1100104.0,11,17,1,3,4,6,2,0,1,0,0,0,0,0,13.36600606,52.50344432,1,0.0,16 to 20
7,7400928.0,6,19,6,3,2,6,2,0,1,0,0,0,0,0,13.42020885,52.46135439,1,0.0,16 to 20
1,1100310.0,4,17,5,3,5,2,0,1,1,0,0,0,0,0,13.40893058,52.51698823,2,0.5,16 to 20
2,2200208.0,9,18,3,3,4,6,0,1,0,0,0,0,1,0,13.38916994,52.49474915,2,0.5,16 to 20
4,4200207.0,7,15,5,3,2,6,0,0,1,0,0,0,0,0,13.26895749,52.49567649,1,0.0,12 to 16
3,3400620.0,4,17,5,3,5,7,0,0,1,0,0,0,1,0,13.39936222,52.5740439,2,0.0,16 to 20
11,11300725.0,10,5,4,3,0,1,2,0,0,0,1,0,0,1,13.49712071,52.5115612,1,0.0,04 to 08
10,10300733.0,12,0,5,3,5,3,2,0,1,0,0,0,0,1,13.55308467,52.50905153,1,0.0,00 to 04
4,4200311.0,8,15,5,3,0,2,0,0,1,0,1,0,0,0,13.2818844,52.51009751,2,0.0,12 to 16
4,4300621.0,7,17,2,3,5,2,0,1,1,0,0,0,0,0,13.30927944,52.51166594,2,0.5,16 to 20
6,6400735.0,5,15,6,2,2,3,0,0,1,0,1,0,0,0,13.15978455,52.41962326,2,0.0,12 to 16
5,5200634.0,10,20,3,3,0,7,2,1,0,0,0,0,0,0,13.20034294,52.51235134,1,1.0,20 to 24
2,2400625.0,4,18,4,3,5,7,0,0,1,0,1,0,0,0,13.44739846,52.50339496,2,0.0,16 to 20
7,7400721.0,9,12,7,3,2,6,0,0,1,0,0,0,0,0,13.38559478,52.47329034,1,0.0,12 to 16
4,4200311.0,11,18,5,2,6,4,2,0,1,1,0,0,0,1,13.28153148,52.50990864,2,0.0,16 to 20
7,7501029.0,8,10,4,3,2,6,0,0,0,0,1,0,1,1,13.38094583,52.43843117,2,0.0,08 to 12
6,6100101.0,7,15,3,3,5,2,0,1,1,0,0,0,0,0,13.31465963,52.45319391,2,0.5,12 to 16
10,10400837.0,6,19,5,3,0,1,0,0,0,0,0,0,1,1,13.58785304,52.50500838,1,0.0,16 to 20
11,11300722.0,11,7,4,3,5,3,0,1,1,0,0,0,0,0,13.48424305,52.51281989,2,0.5,04 to 08
3,3601449.0,4,14,4,3,2,6,0,0,1,0,1,0,0,0,13.43882048,52.54093992,2,0.0,12 to 16
2,2500834.0,9,13,5,2,2,6,0,1,0,0,0,1,0,0,13.45149083,52.50954047,2,0.5,12 to 16
3,3601142.0,11,12,2,2,5,3,0,0,1,0,1,0,0,0,13.41197129,52.54110574,2,0.0,12 to 16
1,1300836.0,6,13,1,3,0,7,0,1,0,0,0,0,0,0,13.36873395,52.54107316,1,1.0,12 to 16
3,3200206.0,4,14,4,3,0,6,0,0,0,0,1,0,1,0,13.40388787,52.58095031,2,0.0,12 to 16
2,2500729.0,9,17,4,3,6,7,0,0,1,1,0,0,0,1,13.47438881,52.5136655,2,0.0,16 to 20
6,6300527.0,7,16,5,3,5,2,0,1,1,0,0,0,0,0,13.26347876,52.43507264,2,0.5,16 to 20
9,9100203.0,4,12,4,2,6,4,0,0,1,1,0,0,0,0,13.48310444,52.47453537,2,0.0,12 to 16
12,12100101.0,10,17,5,3,5,2,0,1,1,0,0,0,0,1,13.3650165,52.56051202,2,0.5,16 to 20
3,3500934.0,12,18,2,3,1,5,2,0,1,0,0,0,0,1,13.42993228,52.55388392,1,0.0,16 to 20
11,11100101.0,8,14,5,3,5,3,0,1,1,0,0,0,0,0,13.48337084,52.57674715,2,0.5,12 to 16
2,2500727.0,7,18,3,3,4,6,0,1,0,0,0,0,0,0,13.45371394,52.51878762,1,1.0,16 to 20
10,10400837.0,5,1,7,2,0,1,2,1,0,0,0,0,0,0,13.58155435,52.5051909,1,1.0,00 to 04
1,1100102.0,10,11,3,3,5,2,0,1,1,0,0,0,0,0,13.37163915,52.51948058,2,0.5,08 to 12
3,3601142.0,4,7,4,3,2,2,0,1,1,0,0,0,0,0,13.41232436,52.5411205,2,0.5,04 to 08
4,4300414.0,9,10,1,2,5,7,0,1,1,0,0,0,0,0,13.29587666,52.51078804,2,0.5,08 to 12
4,4200206.0,11,15,2,2,1,5,0,1,1,0,0,0,0,0,13.25658277,52.50841475,2,0.5,12 to 16
9,9100203.0,5,9,6,3,5,3,0,1,1,0,0,0,0,0,13.47944076,52.48450025,2,0.5,08 to 12
1,1100206.0,8,16,5,3,3,6,0,1,1,0,0,0,0,0,13.38158082,52.51668117,2,0.5,16 to 20