bez,lor_ab_2021,umonat,ustunde,uwochentag,ukategorie,uart,utyp1,ulichtverh,istrad,istpkw,istfuss,istkrad,istgkfz,istsonstige,ustrzustand,xgcswgs84,ygcswgs84,all_acc,perc_bike_acc,rushhours
2,2500727.0,8,9,2,3,5,2,0,0,1,0,0,0,1,0,13.4524911,52.51845052,2,0.0,08 to 12
2,2500729.0,7,14,4,3,6,4,0,0,0,1,0,0,1,1,13.46798497,52.51431383,2,0.0,12 to 16
1,1200624.0,4,16,3,3,2,6,0,0,1,0,0,0,0,0,13.36337967,52.53546847,1,0.0,16 to 20
4,4200310.0,10,11,5,3,2,6,0,0,1,0,0,0,0,0,13.26006681,52.50862354,1,0.0,08 to 12
3,3200205.0,4,13,3,3,5,3,0,0,1,0,1,0,0,0,13.40278827,52.5931614,2,0.0,12 to 16
4,4501151.0,9,16,3,3,2,6,0,0,1,0,0,0,0,0,13.3263126,52.4779376,1,0.0,16 to 20
12,12400723.0,11,14,1,3,0,1,0,1,0,0,0,0,0,0,13.3124033,52.62400688,1,1.0,12 to 16
9,9100101.0,9,19,6,2,8,1,0,0,1,0,0,0,0,0,13.47926798,52.48472836,1,0.0,16 to 20
1,1100205.0,5,17,2,3,0,1,0,0,0,0,1,0,0,1,13.38557374,52.51009501,1,0.0,16 to 20
12,12100204.0,8,19,7,3,5,2,0,1,1,0,0,0,0,1,13.36400195,52.56460368,2,0.5,16 to 20
7,7601442.0,6,16,3,3,2,6,0,0,1,0,0,0,0,0,13.4017987,52.41368722,1,0.0,16 to 20
3,3701657.0,4,19,3,3,5,2,0,1,1,0,0,0,0,0,13.4286328,52.53756737,2,0.5,16 to 20
12,12100205.0,9,18,2,3,5,2,1,1,1,0,0,0,0,0,13.34765472,52.57449384,2,0.5,16 to 20
7,7400824.0,12,20,2,3,5,2,2,0,1,0,0,0,0,0,13.38574086,52.46950079,1,0.0,20 to 24
7,7300619.0,5,15,2,3,2,6,0,0,1,0,0,0,0,1,13.36296698,52.47395944,1,0.0,12 to 16
12,12100205.0,8,20,7,3,5,3,1,0,1,0,0,0,0,0,13.34765108,52.57443618,1,0.0,20 to 24
9,9200613.0,6,13,2,2,3,6,0,0,0,0,1,1,0,0,13.50565572,52.45948105,2,0.0,12 to 16
10,10100311.0,4,20,3,2,0,1,2,1,0,0,0,0,0,0,13.54415478,52.51113624,1,1.0,20 to 24
3,3601347.0,10,14,7,2,0,1,0,1,0,0,0,0,0,0,13.41356807,52.54089349,1,1.0,12 to 16
2,2200208.0,12,14,6,3,2,6,0,0,1,0,0,0,0,0,13.38790036,52.49344058,1,0.0,12 to 16
4,4200206.0,8,17,3,2,5,3,0,0,0,0,1,0,1,0,13.23117719,52.5068401,2,0.0,16 to 20
4,4300414.0,7,16,5,3,3,6,0,1,0,0,0,0,0,0,13.29942522,52.51121376,1,1.0,16 to 20
12,12500930.0,10,11,6,2,2,6,0,0,1,0,1,0,0,0,13.34360627,52.58328084,2,0.0,08 to 12
3,3400831.0,4,10,3,3,5,7,0,1,1,0,0,0,0,0,13.42909947,52.57281108,2,0.5,08 to 12
9,9100305.0,9,15,4,3,5,2,0,0,1,0,1,0,0,0,13.49313301,52.46779706,2,0.0,12 to 16
11,11300725.0,11,8,2,3,0,6,0,0,1,0,1,0,0,1,13.49421709,52.51181657,2,0.0,08 to 12
4,4100101.0,5,14,2,3,2,6,0,0,1,0,0,1,0,1,13.31155362,52.53598449,2,0.0,12 to 16
12,12200414.0,8,22,1,3,3,6,2,0,1,0,0,1,0,0,13.30988386,52.55850319,2,0.0,20 to 24
7,7400824.0,6,11,3,3,5,3,0,1,0,0,0,0,1,0,13.38530725,52.46323295,2,0.5,08 to 12
12,12400723.0,4,11,2,3,5,3,0,1,1,0,0,0,0,0,13.31536966,52.61310535,2,0.5,08 to 12
7,7200308.0,9,9,2,2,0,2,0,1,0,0,0,0,1,0,13.34842415,52.48171536,2,0.5,08 to 12
3,3100103.0,12,14,4,3,2,6,0,0,0,0,0,1,1,1,13.49987798,52.62094862,2,0.0,12 to 16
2,2200207.0,8,14,3,3,0,3,0,1,0,0,1,0,0,0,13.37827427,52.49932662,2,0.5,12 to 16
4,4501148.0,6,16,5,3,2,6,0,0,1,0,1,0,0,0,13.31325909,52.47976819,2,0.0,16 to 20
4,4200311.0,4,7,2,3,2,6,0,0,1,0,0,1,0,0,13.27984594,52.5004099,2,0.0,04 to 08
2,2500727.0,11,15,2,3,5,2,0,1,1,0,0,0,0,0,13.45372528,52.51872669,2,0.5,12 to 16
1,1100206.0,9,23,2,2,9,1,2,0,1,0,0,0,0,0,13.38708864,52.51703545,1,0.0,20 to 24
7,7400824.0,8,18,7,3,1,5,0,0,1,0,0,0,1,0,13.38549202,52.46739681,2,0.0,16 to 20
4,4300621.0,4,15,2,3,3,6,0,1,0,0,0,0,0,0,13.3021791,52.51139412,1,1.0,12 to 16
2,2200209.0,10,6,5,3,0,6,2,0,0,0,1,0,1,1,13.38740921,52.49215141,2,0.0,04 to 08
3,3400620.0,8,19,3,3,5,2,0,0,1,0,0,0,1,0,13.39869608,52.57207826,2,0.0,16 to 20
6,6100209.0,7,0,3,3,8,1,2,0,1,0,0,0,0,0,13.33260477,52.46397578,1,0.0,00 to 04
12,12200414.0,6,17,5,3,2,6,0,0,1,0,0,0,0,1,13.30278237,52.55057779,1,0.0,16 to 20
7,7400824.0,11,0,4,3,5,2,2,0,1,0,0,0,0,0,13.38574085,52.46946349,1,0.0,00 to 04
1,1100207.0,4,15,2,3,2,6,0,0,1,0,0,0,0,0,13.40357178,52.51242451,1,0.0,12 to 16
1,1100310.0,9,8,5,3,2,6,0,0,1,0,1,0,0,0,13.40896299,52.51656797,2,0.0,08 to 12
7,7601547.0,11,7,2,3,6,3,0,0,1,1,0,0,0,0,13.41762551,52.37682772,2,0.0,04 to 08
2,2500727.0,6,1,7,3,0,1,2,1,0,0,0,0,0,1,13.45424257,52.51571735,1,1.0,00 to 04
8,8100521.0,4,15,7,2,0,1,0,0,0,0,1,0,0,0,13.45246843,52.46384301,1,0.0,12 to 16
7,7300619.0,9,14,4,2,5,3,0,0,1,0,0,0,1,0,13.35400078,52.47891096,2,0.0,12 to 16
3,3601348.0,7,20,5,3,5,2,1,1,1,0,0,0,0,0,13.42283267,52.5395163,2,0.5,20 to 24
2,2500830.0,4,11,7,3,0,7,0,1,0,1,0,0,0,0,13.45337855,52.5147738,2,0.5,08 to 12
10,10100206.0,10,12,4,3,5,3,0,0,1,0,0,0,1,1,13.55829203,52.56289627,2,0.0,12 to 16
4,4400726.0,12,0,6,3,9,1,2,0,1,0,0,0,0,0,13.28867407,52.49419863,1,0.0,00 to 04
2,2100101.0,8,8,5,3,5,2,0,1,1,0,0,0,0,0,13.3768965,52.50195873,2,0.5,08 to 12
3,3200206.0,7,17,3,3,5,2,0,1,1,0,0,0,0,0,13.40236726,52.58068014,2,0.5,16 to 20
10,10100312.0,5,9,7,3,5,3,0,1,1,0,0,0,0,0,13.53696835,52.53297892,2,0.5,08 to 12
2,2200208.0,10,14,3,3,0,1,0,1,0,0,0,0,0,1,13.38779892,52.49786794,1,1.0,12 to 16
3,3501037.0,4,12,6,3,2,6,0,0,1,0,0,0,0,0,13.46896761,52.56284156,1,0.0,12 to 16
4,4400725.0,9,18,1,3,2,6,0,0,1,0,0,0,0,0,13.28070711,52.49976168,1,0.0,16 to 20
3,3601142.0,11,13,2,2,5,3,0,0,1,0,1,0,0,0,13.4119725,52.54112235,2,0.0,12 to 16
3,3400723.0,5,18,1,2,0,1,0,0,0,0,1,0,0,1,13.40568461,52.56649705,1,0.0,16 to 20
9,9100101.0,8,15,5,3,0,1,0,1,0,0,0,0,0,0,13.46030328,52.49378402,1,1.0,12 to 16
12,12400723.0,6,15,6,3,5,7,0,0,0,0,1,0,1,0,13.31317141,52.62145423,2,0.0,12 to 16
2,2200209.0,4,11,5,3,3,6,0,1,0,0,0,1,0,0,13.38605432,52.48531741,2,0.5,08 to 12
2,2500835.0,10,16,6,3,2,7,0,0,1,0,0,0,1,0,13.45684375,52.4998915,2,0.0,16 to 20
2,2500834.0,12,17,3,3,1,5,2,1,1,0,0,0,0,0,13.45105119,52.50956898,2,0.5,16 to 20
4,4400725.0,8,14,1,3,0,6,0,0,1,0,1,0,0,0,13.28090526,52.49920068,2,0.0,12 to 16
9,9100101.0,6,10,3,3,5,2,0,0,1,0,1,0,0,0,13.45933014,52.49283415,2,0.0,08 to 12
3,3701657.0,3,5,3,2,6,2,2,0,1,1,0,0,0,1,13.42438501,52.53900358,2,0.0,04 to 08
4,4300414.0,10,7,4,3,3,6,0,0,1,0,1,0,0,1,13.29891809,52.51098922,2,0.0,04 to 08
1,1200624.0,3,12,3,3,2,6,0,0,1,0,0,0,1,0,13.36334915,52.53549889,2,0.0,12 to 16
11,11300724.0,9,15,2,3,5,3,0,1,1,0,0,0,0,0,13.48826407,52.51241383,2,0.5,12 to 16
3,3601141.0,11,11,7,3,3,6,0,1,1,0,0,0,0,0,13.41412593,52.55261682,2,0.5,08 to 12
12,12100204.0,9,16,6,2,5,3,0,1,1,0,0,0,0,0,13.36419305,52.56371813,2,0.5,16 to 20
4,4100101.0,3,12,3,3,2,6,0,0,1,0,0,0,0,0,13.28614554,52.53189009,1,0.0,12 to 16
6,6400737.0,5,12,7,2,0,7,0,0,1,0,0,0,0,0,13.22511843,52.45999526,1,0.0,12 to 16
3,3701657.0,8,1,7,3,2,2,2,0,1,0,0,0,1,0,13.42451927,52.53922488,2,0.0,00 to 04
9,9100407.0,7,22,3,2,2,6,2,0,1,0,0,0,0,0,13.49329145,52.43604071,1,0.0,20 to 24
5,5200528.0,6,11,2,3,2,6,0,0,1,0,0,0,1,0,13.17893799,52.51654919,2,0.0,08 to 12
9,9200613.0,3,19,2,3,5,3,2,1,1,0,0,0,0,0,13.51311088,52.45415669,2,0.5,16 to 20
1,1401044.0,9,19,7,3,2,6,1,0,1,0,0,0,0,1,13.36877727,52.54898818,1,0.0,16 to 20
1,1401044.0,12,15,2,3,0,2,1,0,1,0,1,0,0,1,13.36730324,52.55149782,2,0.0,12 to 16
7,7601442.0,6,15,4,3,3,6,0,0,1,0,1,0,0,0,13.40605797,52.40601441,2,0.0,12 to 16
3,3200206.0,3,9,2,3,2,6,0,0,1,0,0,0,0,0,13.40216403,52.58064356,1,0.0,08 to 12
4,4400726.0,11,14,6,3,2,6,0,0,1,0,0,0,0,0,13.28399908,52.49597429,1,0.0,12 to 16
11,11401034.0,9,17,7,3,9,1,0,0,1,0,0,0,0,0,13.52583887,52.51003959,1,0.0,16 to 20
6,6300527.0,7,23,5,2,5,3,2,0,1,0,0,0,0,0,13.27137794,52.43823838,1,0.0,20 to 24
6,6400735.0,3,16,7,3,0,4,0,0,0,1,1,0,0,0,13.1773578,52.4193455,2,0.0,16 to 20
7,7400721.0,10,14,2,2,5,3,0,0,1,0,1,0,0,0,13.38575709,52.47996186,2,0.0,12 to 16
3,3601142.0,8,13,2,3,2,6,0,1,1,0,0,0,0,0,13.41248703,52.54097102,2,0.5,12 to 16
1,1400940.0,7,1,1,2,2,3,2,0,1,0,0,0,0,0,13.36551135,52.55792286,1,0.0,00 to 04
2,2400522.0,6,19,3,3,3,6,0,1,1,0,0,0,0,0,13.44548032,52.51673729,2,0.5,16 to 20
7,7501133.0,11,17,1,3,5,2,2,0,1,0,0,0,0,1,13.39111888,52.43192105,1,0.0,16 to 20
9,9100101.0,3,13,7,3,2,6,0,1,1,0,0,0,0,0,13.47699432,52.4871912,2,0.5,12 to 16
3,3601451.0,9,14,3,3,9,1,0,0,0,0,0,0,1,0,13.43591365,52.53497321,1,0.0,12 to 16
6,6400735.0,11,16,7,3,2,6,2,0,1,0,0,0,0,0,13.15328123,52.41891081,1,0.0,16 to 20
2,2500728.0,6,14,5,2,2,6,0,0,1,0,0,0,0,0,13.46523063,52.51459532,1,0.0,12 to 16
10,10400940.0,3,18,7,3,5,2,1,0,1,0,0,0,0,0,13.59864041,52.50487957,1,0.0,16 to 20
7,7601236.0,8,16,2,3,6,4,0,0,1,1,0,0,0,1,13.3718805,52.42383725,2,0.0,16 to 20
3,3601142.0,7,11,4,3,6,4,0,1,1,1,0,0,0,0,13.41246209,52.54280509,3,0.3333333333333333,08 to 12
2,2500727.0,6,11,4,3,0,3,0,1,0,0,0,0,1,0,13.453777,52.5157305,2,0.5,08 to 12
3,3601142.0,6,12,4,3,2,6,0,0,1,0,0,0,0,0,13.41244273,52.54098136,1,0.0,12 to 16
1,1100311.0,3,14,6,3,3,6,0,0,1,0,1,0,0,0,13.42051756,52.52092005,2,0.0,12 to 16
10,10300734.0,11,10,2,3,2,6,0,0,1,0,0,0,0,0,13.5664504,52.50711497,1,0.0,08 to 12
6,6300526.0,9,13,1,3,9,1,0,0,0,0,1,0,0,0,13.24152427,52.43349913,1,0.0,12 to 16
2,3701659.0,7,8,6,3,5,3,0,1,1,0,0,0,0,0,13.42113451,52.52643525,2,0.5,08 to 12
4,4400726.0,3,17,6,3,3,6,0,0,1,0,1,0,0,0,13.28542034,52.49478127,2,0.0,16 to 20
4,4400726.0,10,20,4,3,2,6,2,0,1,0,0,0,1,1,13.28597574,52.49463311,2,0.0,20 to 24
2,2500727.0,8,13,3,3,5,2,0,1,1,0,0,0,0,1,13.45421857,52.51566153,2,0.5,12 to 16
10,10400940.0,7,13,2,3,2,6,0,0,1,0,0,0,0,0,13.60676547,52.50494965,1,0.0,12 to 16
8,8200622.0,6,18,4,3,2,6,0,0,1,0,0,0,0,0,13.45087264,52.46368332,1,0.0,16 to 20
7,7501133.0,11,14,2,3,5,7,0,0,1,0,0,0,1,0,13.37963345,52.43680239,2,0.0,12 to 16
12,12400723.0,3,15,6,3,5,3,0,0,1,0,1,0,0,0,13.31590119,52.61758479,2,0.0,12 to 16
6,6300526.0,9,12,4,3,3,6,0,0,1,0,1,0,0,0,13.24684513,52.43448331,2,0.0,12 to 16
11,11300722.0,11,0,7,3,2,6,2,1,0,0,0,0,0,0,13.48082454,52.51302999,1,1.0,00 to 04
12,12100205.0,6,14,6,3,6,4,0,1,0,1,0,0,0,0,13.34711218,52.57872925,2,0.5,12 to 16
4,4300621.0,3,15,5,3,5,3,0,0,1,0,0,0,0,0,13.30770479,52.51175505,1,0.0,12 to 16
7,7501133.0,9,7,3,2,5,3,0,0,1,0,0,0,0,0,13.3873192,52.4401743,1,0.0,04 to 08
4,4300414.0,7,12,5,3,6,4,0,1,0,1,0,0,0,0,13.30037347,52.51127627,2,0.5,12 to 16
10,10100206.0,3,19,5,2,5,2,2,0,1,0,0,0,0,0,13.56023093,52.56205777,1,0.0,16 to 20
1,1300836.0,10,16,4,3,2,6,0,0,1,0,0,0,0,1,13.36881741,52.54133532,1,0.0,16 to 20
2,2200208.0,12,21,4,3,9,1,2,0,1,0,0,0,0,1,13.38795725,52.49352747,1,0.0,20 to 24
10,10100311.0,8,11,5,2,0,1,0,0,1,0,1,0,0,0,13.54040974,52.50999284,2,0.0,08 to 12
12,12100204.0,7,14,2,3,5,2,0,1,1,0,0,0,0,0,13.36186495,52.56835001,2,0.5,12 to 16
2,2400625.0,5,12,6,3,4,7,0,1,0,1,0,0,0,0,13.44761714,52.50365694,2,0.5,12 to 16
7,7601442.0,10,15,2,2,2,6,1,0,1,0,0,1,0,0,13.4027851,52.41138385,2,0.0,12 to 16
3,3701657.0,3,19,4,3,5,2,2,1,1,0,0,0,0,0,13.4243583,52.5392618,2,0.5,16 to 20
9,9200613.0,9,13,6,3,5,3,0,1,0,0,0,1,0,0,13.49741312,52.4648363,2,0.5,12 to 16
3,3601449.0,11,21,4,3,6,4,2,0,0,1,1,0,0,0,13.43867223,52.54081357,2,0.0,20 to 24
7,7601236.0,5,12,7,3,1,5,0,0,1,0,0,0,1,0,13.37039367,52.42207116,2,0.0,12 to 16
1,1100102.0,8,8,4,3,2,6,0,0,1,0,0,0,0,0,13.37639671,52.51612752,1,0.0,08 to 12
3,3701659.0,6,8,6,3,5,3,0,1,1,0,0,0,0,0,13.42394736,52.52819924,2,0.5,08 to 12
6,6400737.0,3,12,4,3,5,2,0,0,1,0,0,0,0,0,13.21469592,52.4273187,1,0.0,12 to 16
7,7400824.0,10,14,5,3,2,6,0,0,1,0,0,0,0,0,13.38571071,52.4677748,1,0.0,12 to 16
4,4400727.0,12,14,3,3,2,6,0,0,1,0,0,0,0,0,13.29433116,52.49177571,1,0.0,12 to 16
1,1100310.0,8,20,7,3,5,3,0,1,1,0,0,0,0,0,13.41953595,52.52512499,2,0.5,20 to 24
2,2500727.0,6,11,2,3,5,2,0,1,1,0,0,0,0,0,13.45726373,52.51539783,2,0.5,08 to 12
4,4300414.0,3,18,3,2,0,1,1,1,0,0,0,0,0,0,13.29755086,52.51090034,1,1.0,16 to 20
4,4200308.0,10,19,3,3,2,6,2,0,1,0,0,0,0,0,13.28323511,52.52902909,1,0.0,16 to 20
3,3601449.0,3,16,3,3,2,6,0,0,1,0,0,1,0,0,13.43903873,52.54112544,2,0.0,16 to 20
4,4100101.0,9,18,1,3,2,6,0,0,1,0,0,0,0,0,13.29566343,52.54078397,1,0.0,16 to 20
11,11100101.0,11,8,6,3,5,2,0,1,0,0,0,1,0,0,13.48330367,52.58305147,2,0.5,08 to 12
1,1100104.0,9,9,5,3,2,6,0,0,1,0,1,0,0,0,13.36396069,52.50108293,2,0.0,08 to 12
10,10100206.0,3,7,3,3,2,6,0,0,1,0,0,0,0,0,13.56035141,52.56223359,1,0.0,04 to 08
3,3701660.0,5,10,7,3,6,4,0,0,1,1,0,0,0,0,13.4241286,52.52835386,2,0.0,08 to 12
8,8200622.0,8,18,5,3,3,6,0,0,1,0,0,1,0,0,13.44521034,52.46300692,2,0.0,16 to 20
1,1100310.0,7,7,1,2,9,1,0,0,0,0,1,0,0,0,13.4130195,52.51950391,1,0.0,04 to 08
4,4300620.0,6,18,1,2,5,3,0,0,0,0,1,0,1,0,13.33326368,52.5134335,2,0.0,16 to 20
6,6300527.0,3,15,2,2,2,6,0,0,1,0,0,0,0,0,13.27584562,52.43982033,1,0.0,12 to 16
3,3701660.0,9,8,6,3,1,5,0,1,1,0,0,0,0,1,13.43036109,52.53406344,2,0.5,08 to 12
9,9100101.0,12,14,1,3,2,6,0,0,1,0,0,0,0,0,13.46203958,52.49495413,1,0.0,12 to 16
1,1100104.0,6,12,4,3,0,6,0,0,0,0,1,0,1,0,13.36339675,52.50042907,2,0.0,12 to 16
4,4300414.0,3,13,2,3,0,2,0,1,1,0,0,0,0,0,13.29228367,52.51074969,2,0.5,12 to 16
1,1100310.0,9,13,7,3,5,2,0,1,1,0,0,0,0,0,13.41952034,52.52511044,2,0.5,12 to 16
7,7501133.0,7,11,4,3,2,6,0,0,1,0,0,0,1,0,13.38774267,52.43877174,2,0.0,08 to 12
12,12100205.0,3,17,1,3,5,3,0,0,1,0,0,0,0,0,13.34765149,52.57444267,1,0.0,16 to 20
2,2400521.0,10,20,7,3,5,3,2,1,1,0,0,0,0,0,13.43645054,52.51750213,2,0.5,20 to 24
10,10400941.0,8,8,2,3,5,7,0,0,1,0,0,0,0,0,13.61589822,52.50467921,1,0.0,08 to 12
12,12100204.0,7,14,6,2,5,2,0,1,1,0,0,0,0,1,13.36441129,52.56375409,2,0.5,12 to 16
7,7400825.0,6,10,3,3,5,2,0,1,0,0,0,0,1,0,13.38455036,52.45282802,2,0.5,08 to 12
4,4300414.0,10,19,6,3,6,2,2,0,1,1,0,0,0,1,13.28926869,52.51055994,2,0.0,16 to 20
11,11401034.0,3,17,7,2,2,6,0,0,1,0,0,0,0,0,13.5310679,52.51037197,1,0.0,16 to 20
2,2500728.0,9,16,3,3,2,6,0,0,1,0,0,0,0,0,13.46305105,52.51482014,1,0.0,16 to 20
1,1400940.0,11,9,5,3,5,2,0,1,1,0,0,0,0,1,13.36526112,52.55806697,2,0.5,08 to 12
7,7400824.0,6,7,4,2,5,2,0,0,1,0,0,0,1,0,13.38574131,52.46948207,2,0.0,04 to 08
4,4501151.0,8,11,2,3,3,6,0,0,1,0,0,1,0,0,13.32637274,52.47781998,2,0.0,08 to 12
10,10400837.0,6,17,3,3,0,2,0,1,1,0,0,0,0,0,13.59031509,52.50509317,2,0.5,16 to 20
11,11300722.0,3,10,6,3,2,6,0,0,1,0,0,0,0,0,13.47549959,52.51355233,1,0.0,08 to 12
4,4200207.0,10,18,2,2,2,6,1,0,1,0,0,0,0,1,13.23703511,52.46997025,1,0.0,16 to 20
2,2100101.0,12,17,7,3,5,3,2,1,1,0,0,0,0,1,13.38872068,52.49814432,2,0.5,16 to 20
2,2500727.0,8,0,3,3,5,3,2,0,0,0,1,0,1,0,13.45370218,52.51604772,2,0.0,00 to 04
6,6400737.0,7,15,6,3,2,7,0,1,1,0,0,0,0,0,13.20821048,52.42542167,2,0.5,12 to 16
12,12100103.0,5,13,3,2,5,2,0,0,1,0,0,0,0,0,13.35902459,52.57339236,1,0.0,12 to 16
3,3601452.0,10,19,1,3,2,6,2,0,1,0,0,0,0,0,13.44338312,52.53058132,1,0.0,16 to 20
4,4300415.0,3,16,4,3,2,6,0,0,1,0,0,0,0,0,13.28383365,52.50749802,1,0.0,16 to 20
3,3601141.0,9,13,5,3,6,4,0,1,0,1,0,0,0,0,13.41391449,52.54965382,2,0.5,12 to 16
12,12200310.0,11,7,3,3,2,6,2,0,1,0,0,0,0,1,13.30547706,52.57105991,1,0.0,04 to 08
4,4100101.0,5,16,7,3,2,6,0,0,1,0,0,0,0,0,13.28622084,52.5321713,1,0.0,16 to 20
5,5200634.0,8,17,3,3,2,6,0,0,1,0,1,0,0,0,13.20405014,52.51160461,2,0.0,16 to 20
2,2100101.0,6,8,4,3,0,1,0,1,0,0,0,0,0,0,13.38631579,52.4987351,1,1.0,08 to 12
2,2500727.0,5,9,5,3,0,2,0,0,1,0,1,0,0,0,13.45423195,52.51569265,2,0.0,08 to 12
2,2400625.0,3,20,4,3,3,6,2,1,0,0,0,0,0,0,13.44860225,52.50503317,1,1.0,20 to 24
3,3701659.0,9,6,4,3,5,2,1,1,1,0,0,0,0,0,13.42361461,52.52823567,2,0.5,04 to 08
7,7601236.0,12,18,6,3,2,5,2,0,1,0,0,0,1,0,13.36398254,52.41428555,2,0.0,16 to 20
8,8100521.0,8,15,4,3,2,6,0,0,0,0,0,0,1,0,13.45590363,52.46151077,1,0.0,12 to 16
6,6300629.0,6,18,7,3,1,1,0,1,1,0,0,0,0,0,13.29194208,52.44489924,2,0.5,16 to 20
4,4200308.0,3,16,4,3,2,6,0,0,1,0,0,0,0,0,13.28281975,52.52876983,1,0.0,16 to 20
12,12100204.0,10,13,3,3,2,6,0,0,1,0,0,0,0,0,13.36313579,52.56587328,1,0.0,12 to 16
7,7300619.0,12,12,3,3,5,3,0,1,1,0,0,0,0,1,13.35392001,52.47896967,2,0.5,12 to 16
7,7501133.0,8,16,4,3,5,3,0,1,1,0,0,0,0,0,13.38848701,52.43703019,2,0.5,16 to 20
6,6400735.0,7,19,1,3,8,1,0,1,0,0,0,0,0,1,13.16995493,52.42074393,1,1.0,16 to 20
3,3701657.0,5,5,5,3,5,2,1,1,1,0,0,0,0,0,13.42862391,52.53757035,2,0.5,04 to 08
4,4300622.0,10,8,2,3,2,6,0,0,1,0,0,0,1,1,13.32438201,52.51270061,2,0.0,08 to 12
7,7601544.0,3,8,4,3,6,2,0,0,1,1,0,0,0,0,13.40862271,52.38810627,2,0.0,08 to 12
4,4300621.0,9,13,5,3,3,6,0,1,0,0,0,0,0,0,13.30568644,52.51143408,1,1.0,12 to 16
1,1100102.0,11,17,3,3,2,2,2,0,1,0,0,0,0,1,13.37212095,52.50514988,1,0.0,16 to 20
5,5200634.0,5,16,7,3,0,7,0,1,0,0,0,0,0,0,13.20227083,52.51196733,1,1.0,16 to 20
6,6300629.0,8,14,3,3,5,3,0,1,1,0,0,0,0,0,13.30986088,52.45154332,2,0.5,12 to 16
3,3200206.0,6,18,5,3,5,5,0,0,1,0,1,0,0,1,13.39925726,52.57470493,2,0.0,16 to 20
2,2500835.0,5,18,5,3,0,3,0,1,0,0,0,0,1,0,13.46292259,52.49797527,2,0.5,16 to 20
3,3701657.0,3,15,3,3,5,2,0,0,1,0,0,0,1,0,13.42423797,52.5392885,2,0.0,12 to 16
7,7400824.0,10,5,5,2,5,2,2,0,1,0,1,0,0,0,13.38549821,52.46948764,2,0.0,04 to 08
6,6400737.0,12,5,7,3,3,6,2,0,1,0,0,0,0,0,13.20889791,52.44742478,1,0.0,04 to 08
4,4200311.0,8,17,5,3,2,6,0,0,1,0,0,0,0,0,13.28100774,52.5032012,1,0.0,16 to 20
12,12100205.0,6,13,1,3,0,1,0,0,0,0,1,0,0,1,13.34766345,52.57463222,1,0.0,12 to 16
7,7601442.0,3,18,3,2,5,7,1,0,1,0,1,0,0,0,13.40019349,52.41655655,2,0.0,16 to 20
12,12100101.0,10,16,2,3,0,3,0,0,1,0,1,0,0,0,13.36464196,52.56131535,2,0.0,16 to 20
6,6400737.0,3,16,3,2,0,1,0,1,0,0,0,0,0,0,13.21836888,52.42816997,1,1.0,16 to 20
7,7200308.0,11,14,5,3,6,4,0,1,0,1,0,0,0,0,13.34830826,52.48176423,2,0.5,12 to 16
1,1100310.0,9,10,4,3,3,6,0,1,1,0,0,0,0,0,13.4130938,52.51976316,2,0.5,08 to 12
4,4400725.0,3,9,3,3,5,3,0,0,1,0,0,1,0,0,13.28252441,52.49776059,2,0.0,08 to 12
4,4200310.0,10,16,7,3,2,6,0,0,1,0,0,0,0,0,13.25964016,52.5086019,1,0.0,16 to 20
2,2400522.0,8,14,5,3,2,6,0,0,1,0,0,0,0,0,13.446262,52.51651358,1,0.0,12 to 16
6,6300527.0,7,16,6,3,2,6,0,0,1,0,0,0,1,1,13.26965058,52.43773711,2,0.0,16 to 20
7,7601442.0,6,8,6,3,2,6,0,0,1,0,0,0,0,0,13.40060638,52.41524751,1,0.0,08 to 12
4,4300413.0,3,5,3,3,2,6,1,0,1,0,0,0,0,0,13.2865276,52.51435521,1,0.0,04 to 08
7,7200411.0,9,17,5,2,2,6,0,0,1,0,0,0,0,0,13.35936894,52.4892889,1,0.0,16 to 20
7,7400928.0,12,16,6,3,2,6,2,0,1,0,0,0,0,0,13.41437379,52.46081446,1,0.0,16 to 20
1,1300836.0,6,17,3,3,2,6,0,0,1,0,0,0,0,0,13.36851551,52.5411881,1,0.0,16 to 20
4,4300621.0,3,14,3,3,5,2,0,1,1,0,0,0,0,0,13.31494522,52.51222935,2,0.5,12 to 16
4,4300414.0,9,9,6,3,0,6,0,0,1,0,1,0,0,1,13.29542069,52.51094902,2,0.0,08 to 12
3,3601142.0,7,23,2,2,1,5,2,1,1,0,0,0,0,1,13.41238054,52.5418135,2,0.5,20 to 24
2,2400522.0,3,12,2,3,2,6,0,0,1,0,0,0,0,0,13.45191407,52.5160953,1,0.0,12 to 16
2,2400625.0,10,19,6,3,6,7,2,1,0,1,0,0,0,1,13.44865466,52.5051185,2,0.5,16 to 20
3,3400826.0,12,11,5,2,5,3,0,0,1,0,0,0,1,0,13.41243957,52.55935448,2,0.0,08 to 12
1,1300836.0,8,12,1,2,5,2,0,0,1,0,0,0,0,0,13.36837322,52.54112697,1,0.0,12 to 16