bez,lor_ab_2021,umonat,ustunde,uwochentag,ukategorie,uart,utyp1,ulichtverh,istrad,istpkw,istfuss,istkrad,istgkfz,istsonstige,ustrzustand,xgcswgs84,ygcswgs84,all_acc,perc_bike_acc,rushhours
12,12100204.0,7,17,5,2,0,6,0,0,0,0,1,0,1,1,13.36423546,52.56350704,2,0.0,16 to 20
7,7501030.0,5,16,2,3,5,2,0,0,1,0,0,0,0,1,13.38519066,52.44922783,1,0.0,16 to 20
7,7400824.0,6,16,2,3,3,2,0,0,1,0,1,0,0,0,13.38551362,52.47003042,2,0.0,16 to 20
9,9100305.0,10,9,5,3,0,1,0,1,1,0,0,0,0,1,13.49333097,52.46787643,2,0.5,08 to 12
7,7501135.0,3,11,2,2,2,6,0,0,1,0,1,0,0,0,13.39493575,52.42583719,2,0.0,08 to 12
4,4501151.0,9,9,2,3,2,6,0,0,1,0,0,0,0,0,13.321206,52.47788156,1,0.0,08 to 12
1,1300836.0,11,19,4,3,2,6,2,0,1,0,0,0,0,0,13.36863738,52.53891395,1,0.0,16 to 20
7,7501133.0,6,12,4,3,0,2,0,1,1,0,0,0,0,0,13.39065551,52.43274967,2,0.5,12 to 16
9,9200613.0,8,15,7,3,1,5,0,1,0,0,0,0,1,0,13.50957018,52.45654901,2,0.5,12 to 16
12,12400723.0,6,7,3,3,5,2,0,0,1,0,1,0,0,0,13.31191984,52.62564536,2,0.0,04 to 08
1,1100102.0,3,18,2,3,2,6,2,0,1,0,0,0,0,0,13.34515195,52.51409843,1,0.0,16 to 20
12,12100204.0,10,18,2,2,0,1,2,0,0,0,1,0,0,1,13.364376,52.56388136,1,0.0,16 to 20
7,7501133.0,12,7,6,3,1,5,1,0,1,0,0,0,0,1,13.38835267,52.43688367,1,0.0,04 to 08
6,6400737.0,8,8,3,3,5,3,0,0,1,0,0,0,0,0,13.2097718,52.42629515,1,0.0,08 to 12
12,12500928.0,7,17,5,3,5,2,0,1,1,0,0,0,0,0,13.31891138,52.61079885,2,0.5,16 to 20
3,3601141.0,10,19,6,3,5,2,2,1,1,0,0,0,0,1,13.41406105,52.55051848,2,0.5,16 to 20
6,6300629.0,3,13,2,3,3,6,0,1,0,0,0,0,0,0,13.30829885,52.45096513,1,1.0,12 to 16
5,5200633.0,9,9,4,3,2,6,0,0,1,0,0,0,0,0,13.19082659,52.51428068,1,0.0,08 to 12
4,4200311.0,11,6,2,2,6,4,1,0,1,1,0,0,0,1,13.28416454,52.51007884,2,0.0,04 to 08
2,2400625.0,5,14,7,3,6,7,0,1,0,1,0,0,0,0,13.4478895,52.50399845,2,0.5,12 to 16
2,2500729.0,8,8,2,2,6,7,0,1,0,1,0,0,0,0,13.47288437,52.51382573,2,0.5,08 to 12
6,6400735.0,6,18,4,3,5,2,0,1,1,0,0,0,0,0,13.15812455,52.41944179,2,0.5,16 to 20
2,2500727.0,5,23,4,3,5,2,2,1,1,0,0,0,0,0,13.45420561,52.51563137,2,0.5,20 to 24
3,3601348.0,3,17,1,3,0,4,1,0,0,1,0,0,1,0,13.41900477,52.54010424,2,0.0,16 to 20
12,4100101.0,9,5,3,3,2,6,2,0,1,0,0,0,0,0,13.30086912,52.54823253,1,0.0,04 to 08
9,9100101.0,12,20,5,3,2,6,2,0,1,0,1,0,0,1,13.4593641,52.49308246,2,0.0,20 to 24
3,3701659.0,8,18,3,3,5,2,0,1,1,0,0,0,0,0,13.42403598,52.52827483,2,0.5,16 to 20
7,7400822.0,6,12,6,3,2,6,0,0,1,0,0,0,0,0,13.3666206,52.47227189,1,0.0,12 to 16
4,4400726.0,10,13,7,3,2,6,0,0,1,0,0,0,0,0,13.28344279,52.49693389,1,0.0,12 to 16
9,9100409.0,3,16,1,3,2,6,0,0,1,0,1,0,0,0,13.51193956,52.42848038,2,0.0,16 to 20
9,9100306.0,11,5,4,2,0,6,2,0,1,0,1,0,0,0,13.4584939,52.45809494,2,0.0,04 to 08
3,3601142.0,9,15,2,3,3,6,0,1,1,0,0,0,0,0,13.4128229,52.54487716,2,0.5,12 to 16
12,12100103.0,8,12,1,3,5,2,0,0,1,0,1,0,0,1,13.35902459,52.57339236,2,0.0,12 to 16
9,9100101.0,3,15,1,3,3,6,0,0,1,0,0,0,0,0,13.4576975,52.491693,1,0.0,12 to 16
4,4200311.0,10,19,5,3,2,6,2,0,1,0,0,0,0,1,13.28141301,52.50990095,1,0.0,16 to 20
7,7400825.0,8,11,4,3,1,5,0,1,1,0,0,0,0,0,13.38403025,52.4578098,2,0.5,08 to 12
3,3601449.0,7,15,3,3,5,2,0,1,1,0,0,0,0,0,13.44795459,52.54687403,2,0.5,12 to 16
12,12601032.0,5,15,2,3,2,6,0,0,1,0,1,0,0,1,13.32453008,52.60715063,2,0.0,12 to 16
3,3701660.0,6,14,5,3,2,6,0,1,1,0,0,0,0,0,13.4270092,52.53081155,2,0.5,12 to 16
9,9100202.0,11,12,4,3,3,6,0,1,0,0,0,0,0,0,13.46247268,52.48842705,1,1.0,12 to 16
12,12100205.0,3,18,1,3,5,2,2,0,1,0,0,0,0,0,13.34765371,52.5744778,1,0.0,16 to 20
10,10100210.0,9,6,5,2,2,6,2,0,1,0,0,0,1,0,13.54056759,52.54154216,2,0.0,04 to 08
2,2400521.0,11,9,2,3,6,4,0,1,1,1,0,0,0,0,13.43456661,52.51784979,3,0.3333333333333333,08 to 12
1,1100102.0,6,12,1,3,5,3,0,0,1,0,0,0,0,0,13.36861191,52.50623611,1,0.0,12 to 16
7,7400720.0,3,16,7,3,2,6,0,0,1,0,0,0,0,0,13.38603976,52.48214601,1,0.0,16 to 20
7,7400824.0,9,21,4,3,6,2,2,0,1,1,0,0,0,0,13.38551428,52.47008303,2,0.0,20 to 24
4,4200310.0,7,7,6,3,3,6,0,1,0,0,0,0,1,0,13.26163233,52.50870918,2,0.5,04 to 08
2,2200208.0,3,17,6,3,2,6,0,0,1,0,0,0,0,0,13.38914633,52.49500143,1,0.0,16 to 20
8,8200624.0,10,17,5,3,2,6,1,0,1,0,0,0,0,1,13.43162024,52.46186067,1,0.0,16 to 20
7,7400928.0,12,20,2,3,9,1,2,0,1,0,0,0,0,2,13.4162237,52.46060315,1,0.0,20 to 24
4,4300414.0,10,14,1,3,3,6,0,0,1,0,0,0,0,1,13.29370011,52.51066238,1,0.0,12 to 16
7,7601442.0,3,13,6,3,2,6,0,0,1,0,1,0,0,0,13.40023227,52.41589989,2,0.0,12 to 16
3,3701657.0,11,17,4,3,3,6,2,0,1,0,1,0,0,0,13.42463182,52.53966118,2,0.0,16 to 20
1,1100104.0,9,18,3,3,5,2,0,0,1,0,0,0,0,0,13.36834654,52.50579778,1,0.0,16 to 20
1,1300836.0,8,8,2,3,1,5,0,1,1,0,0,0,0,0,13.36981647,52.5432162,2,0.5,08 to 12
10,10100206.0,3,14,6,3,6,4,0,0,1,1,0,0,0,1,13.55649365,52.56041847,2,0.0,12 to 16
6,6300527.0,10,13,6,3,2,2,0,0,1,1,0,0,0,0,13.28296171,52.44184014,2,0.0,12 to 16
4,4400726.0,8,17,4,3,2,6,0,0,1,0,0,0,1,0,13.2837274,52.49658367,2,0.0,16 to 20
1,1100205.0,7,18,4,3,0,1,0,0,0,0,1,0,0,1,13.37850345,52.50963683,1,0.0,16 to 20
4,4300622.0,5,14,2,2,0,7,0,1,0,0,0,0,0,1,13.32054333,52.5126512,1,1.0,12 to 16
6,6400735.0,6,14,6,3,5,3,0,0,1,0,0,0,0,0,13.15461255,52.41905667,1,0.0,12 to 16
4,4200206.0,3,12,5,3,2,6,0,0,1,0,0,0,0,0,13.25896787,52.50856521,1,0.0,12 to 16
12,12400721.0,9,15,5,3,2,6,0,0,1,0,0,0,0,0,13.30580316,52.63755653,1,0.0,12 to 16
4,4300414.0,12,18,3,2,5,2,2,0,1,0,0,0,0,0,13.28919935,52.51038935,1,0.0,16 to 20
10,10100311.0,6,14,2,3,2,6,0,0,1,0,1,0,0,0,13.54479948,52.51473705,2,0.0,12 to 16
7,7400825.0,3,12,5,3,0,6,0,0,1,0,1,0,0,1,13.38397294,52.45495828,2,0.0,12 to 16
7,7200411.0,9,21,5,3,1,5,1,1,1,0,0,0,0,0,13.35746564,52.48747654,2,0.5,20 to 24
4,4200207.0,7,12,7,3,2,6,0,0,1,0,0,0,1,0,13.24010726,52.4720964,2,0.0,12 to 16
1,1400940.0,3,10,5,3,5,3,0,0,1,0,0,0,0,1,13.36549947,52.55798118,1,0.0,08 to 12
7,7601544.0,10,16,5,3,1,7,0,0,1,0,0,0,0,1,13.40690173,52.39265849,1,0.0,16 to 20
9,9100203.0,12,13,4,3,5,3,0,0,1,0,0,0,1,0,13.47942022,52.48456024,2,0.0,12 to 16
2,2500727.0,5,19,7,3,0,1,0,1,0,0,0,0,0,0,13.4541926,52.51592325,1,1.0,16 to 20
7,7400825.0,8,21,7,3,2,6,2,0,1,0,0,0,0,0,13.38421683,52.45475049,1,0.0,20 to 24
7,7300619.0,7,9,5,3,5,3,0,0,1,0,0,0,0,0,13.35401191,52.47890319,1,0.0,08 to 12
4,4200206.0,6,17,2,3,2,6,0,0,1,0,0,0,0,0,13.23330688,52.50697479,1,0.0,16 to 20
4,4300414.0,10,8,4,3,2,6,0,0,1,0,0,0,1,0,13.29922407,52.51100911,2,0.0,08 to 12
7,7400721.0,3,10,5,3,2,6,0,0,1,0,0,0,1,1,13.38570515,52.47792959,2,0.0,08 to 12
10,10300733.0,9,16,2,3,5,2,0,1,1,0,0,0,0,0,13.561658,52.50869134,2,0.5,16 to 20
7,7100206.0,11,9,3,3,2,6,0,0,1,0,0,0,0,0,13.36096302,52.49318334,1,0.0,08 to 12
3,3200206.0,5,19,6,3,2,6,0,0,1,0,0,0,0,0,13.39827342,52.57699524,1,0.0,16 to 20
3,3601452.0,8,18,7,3,1,5,0,1,1,0,0,0,0,0,13.44369143,52.52989035,2,0.5,16 to 20
3,3601347.0,6,9,1,3,2,6,0,0,1,0,0,0,0,0,13.41662561,52.54047181,1,0.0,08 to 12
3,3701657.0,3,15,4,3,2,6,0,1,1,0,0,0,0,0,13.42442653,52.53924598,2,0.5,12 to 16
4,4300415.0,10,16,7,3,3,6,0,0,1,0,0,1,0,0,13.28279953,52.50513887,2,0.0,16 to 20
6,6300527.0,12,16,5,3,5,2,2,0,1,0,0,0,1,0,13.27140153,52.43824616,2,0.0,16 to 20
10,10100208.0,8,14,3,3,2,6,0,0,1,0,0,0,0,0,13.54869634,52.55138746,1,0.0,12 to 16
10,10400837.0,7,13,5,3,2,6,0,0,1,0,0,0,1,0,13.58881308,52.50499179,2,0.0,12 to 16
3,3200205.0,3,18,3,3,5,3,2,1,1,0,0,0,0,1,13.40215455,52.5865428,2,0.5,16 to 20
4,4400725.0,10,18,6,3,2,6,1,0,1,0,0,0,0,1,13.28125788,52.49908624,1,0.0,16 to 20
10,10400941.0,3,17,3,3,5,2,1,0,1,0,0,0,0,1,13.62069124,52.50419773,1,0.0,16 to 20
7,7400720.0,9,17,4,3,2,6,0,0,1,0,1,0,0,0,13.38604034,52.48219094,2,0.0,16 to 20
5,5200528.0,11,8,2,3,5,2,0,1,1,0,0,0,0,1,13.17898003,52.51657651,2,0.5,08 to 12
4,4400727.0,9,12,7,3,2,6,0,0,1,0,0,0,0,0,13.29085616,52.49370539,1,0.0,12 to 16
7,7400720.0,5,12,6,3,2,6,0,0,1,0,0,0,0,0,13.38552761,52.47072465,1,0.0,12 to 16
2,3601452.0,8,16,1,3,3,5,0,1,0,0,0,0,1,0,13.44736719,52.52689499,2,0.5,16 to 20
7,7200411.0,6,20,3,3,0,6,1,0,0,0,0,0,1,0,13.35950628,52.48944001,1,0.0,20 to 24
3,3601449.0,3,16,3,2,6,4,0,0,1,1,0,0,0,1,13.44533926,52.54594536,2,0.0,16 to 20
7,7601442.0,9,0,2,3,3,6,2,0,1,0,0,0,0,0,13.40677061,52.39496915,1,0.0,00 to 04
4,4300622.0,12,15,4,3,3,6,0,0,1,0,0,0,0,1,13.32091135,52.51286111,1,0.0,12 to 16
6,6300527.0,8,9,3,3,5,2,0,0,1,0,0,0,0,0,13.27140762,52.43824816,1,0.0,08 to 12
12,12601032.0,6,11,5,3,5,3,0,0,1,0,0,0,0,0,13.32493163,52.60666133,1,0.0,08 to 12
3,3601347.0,3,16,3,3,5,3,0,1,1,0,0,0,0,1,13.41794439,52.54006842,2,0.5,16 to 20
4,4300414.0,11,8,2,3,3,6,0,1,0,0,0,0,0,0,13.2966543,52.51102923,1,1.0,08 to 12
1,1100102.0,9,12,2,3,5,2,0,1,1,0,0,0,0,0,13.36834502,52.50630542,2,0.5,12 to 16
7,7400825.0,8,12,7,3,0,6,0,0,1,0,1,0,0,0,13.38415321,52.45512674,2,0.0,12 to 16
4,4200206.0,3,16,3,2,6,4,0,0,0,1,1,0,0,1,13.25847321,52.50853395,2,0.0,16 to 20
3,3400620.0,10,16,4,3,3,6,0,1,1,0,0,0,0,1,13.39845245,52.57186536,2,0.5,16 to 20
7,7601547.0,8,10,3,3,2,6,0,0,1,0,0,0,0,0,13.4177712,52.37639752,1,0.0,08 to 12
9,9100305.0,7,13,2,3,5,3,0,1,1,0,0,0,0,0,13.49312729,52.46780092,2,0.5,12 to 16
5,5200528.0,5,14,2,3,5,2,0,1,1,0,0,0,0,0,13.17909154,52.51664897,2,0.5,12 to 16
1,1100102.0,6,18,5,3,5,2,0,1,1,0,0,0,0,1,13.36892736,52.50741598,2,0.5,16 to 20
3,3701660.0,11,14,3,3,1,5,0,1,0,0,0,0,1,0,13.43018999,52.53391715,2,0.5,12 to 16
7,7400824.0,3,13,3,3,2,6,0,0,1,0,0,0,1,1,13.38570945,52.46764916,2,0.0,12 to 16
9,9100202.0,9,16,4,3,0,6,0,0,1,0,0,0,1,0,13.46369185,52.48760942,2,0.0,16 to 20
7,7200410.0,11,17,2,3,1,5,2,1,1,0,0,0,0,0,13.3537236,52.48499376,2,0.5,16 to 20
4,4300414.0,6,10,7,3,1,5,0,0,1,0,0,0,0,0,13.30092297,52.51131239,1,0.0,08 to 12
2,2400522.0,3,12,3,3,0,6,0,0,1,0,1,0,0,1,13.45227316,52.51590636,2,0.0,12 to 16
1,1300836.0,9,9,4,3,5,2,0,1,1,0,0,0,0,0,13.37015847,52.53997736,2,0.5,08 to 12
1,1400940.0,7,16,5,3,0,2,0,0,1,0,1,0,0,0,13.36526822,52.55803017,2,0.0,16 to 20
10,10100210.0,3,12,3,3,2,6,0,0,1,0,0,0,0,1,13.54226552,52.54380786,1,0.0,12 to 16
1,1100102.0,10,8,4,3,5,2,0,1,1,0,0,0,0,0,13.37575743,52.50934504,2,0.5,08 to 12
12,12100205.0,12,13,5,3,0,2,0,0,1,0,1,0,0,1,13.34764132,52.57434782,2,0.0,12 to 16
10,10400837.0,8,16,5,2,5,3,0,1,1,0,0,0,0,0,13.58139002,52.50508572,2,0.5,16 to 20
6,6300526.0,7,20,2,2,6,2,0,1,0,1,0,0,0,1,13.26070158,52.43495566,2,0.5,20 to 24
7,7501133.0,5,16,6,3,2,2,0,0,1,0,1,0,0,0,13.37716843,52.43246196,2,0.0,16 to 20
1,1100311.0,10,8,3,3,3,6,0,1,1,0,1,0,0,0,13.42001929,52.52107415,3,0.3333333333333333,08 to 12
4,4200311.0,3,16,2,2,3,6,0,0,1,0,1,0,0,0,13.28446512,52.50977825,2,0.0,16 to 20
7,7400721.0,9,17,7,3,2,6,0,0,1,0,0,0,0,0,13.38558364,52.47282444,1,0.0,16 to 20
3,3701657.0,11,11,6,3,5,3,0,1,1,0,0,0,0,0,13.42842094,52.53790583,2,0.5,08 to 12
9,9200613.0,5,13,5,2,3,6,0,0,0,0,1,0,1,0,13.51522125,52.45272378,2,0.0,12 to 16
7,7501133.0,8,14,5,3,5,3,0,0,1,0,1,0,0,0,13.3777061,52.43359407,2,0.0,12 to 16
3,3601449.0,6,13,6,3,2,6,0,0,0,0,0,1,0,0,13.4449342,52.54575938,1,0.0,12 to 16
3,3400831.0,3,16,2,3,5,3,0,1,1,0,0,0,0,1,13.42882188,52.57271981,2,0.5,16 to 20
2,2500727.0,10,12,6,3,5,2,0,1,1,0,0,0,0,0,13.45358111,52.51841818,2,0.5,12 to 16
7,7200308.0,12,15,3,3,2,6,1,0,1,0,0,0,0,0,13.33979554,52.47857024,1,0.0,12 to 16
7,7100205.0,8,17,1,3,2,6,0,0,1,0,0,0,0,0,13.36245003,52.49881203,1,0.0,16 to 20
7,7300619.0,6,23,2,2,9,1,2,0,1,0,0,0,0,0,13.34488369,52.47803952,1,0.0,20 to 24
7,7200308.0,3,10,2,3,5,2,0,1,0,0,0,0,1,1,13.34856278,52.48186198,2,0.5,08 to 12
9,9100101.0,10,10,4,3,2,6,0,0,1,0,0,0,1,1,13.46008705,52.4936225,2,0.0,08 to 12
1,1100104.0,3,7,2,3,6,4,0,0,0,1,0,0,1,1,13.36790852,52.50556396,2,0.0,04 to 08
1,1400940.0,9,13,2,3,5,3,0,1,1,0,0,0,0,0,13.36525699,52.55808839,2,0.5,12 to 16
2,2500727.0,11,12,6,3,5,2,0,1,0,0,0,0,1,0,13.45377342,52.51571404,2,0.5,12 to 16
1,1100206.0,9,10,6,3,2,6,0,1,0,0,0,0,1,0,13.38151246,52.51667678,2,0.5,08 to 12
1,1100102.0,8,18,6,3,3,6,0,1,0,0,0,0,1,0,13.3641656,52.51546252,2,0.5,16 to 20
1,1401044.0,7,22,3,3,2,3,2,0,1,0,0,0,0,1,13.36782799,52.55059625,1,0.0,20 to 24
2,2400521.0,5,17,7,3,2,6,0,0,1,0,0,0,0,0,13.42752983,52.51868123,1,0.0,16 to 20
9,9100306.0,10,7,3,3,2,6,0,0,1,0,0,0,1,0,13.46199299,52.4532383,2,0.0,04 to 08
4,4200310.0,3,3,1,2,0,1,2,0,0,0,1,0,0,1,13.27057805,52.50925588,1,0.0,00 to 04
4,4400727.0,9,15,1,3,2,6,0,0,1,0,0,0,0,0,13.29832207,52.48931665,1,0.0,12 to 16
3,3200205.0,11,10,2,3,5,2,0,1,1,0,0,0,0,0,13.40171523,52.5900468,2,0.5,08 to 12
3,3701657.0,5,18,5,3,5,2,0,1,1,0,0,0,0,0,13.42405178,52.53909367,2,0.5,16 to 20
7,7501030.0,8,18,5,3,5,3,0,0,1,0,1,0,0,0,13.38651813,52.44216143,2,0.0,16 to 20
2,2500729.0,6,12,7,3,3,1,0,0,1,0,1,0,0,0,13.47412428,52.51383538,2,0.0,12 to 16
1,1100310.0,3,14,7,3,3,2,0,0,1,0,0,0,1,0,13.42013356,52.5251161,2,0.0,12 to 16
4,4200308.0,10,19,6,3,2,6,2,0,1,0,0,0,0,0,13.28266542,52.52813775,1,0.0,16 to 20
4,4300413.0,12,11,5,3,2,6,0,0,1,0,0,0,0,0,13.28678244,52.51352331,1,0.0,08 to 12
3,3601139.0,8,9,2,2,5,2,0,1,1,0,0,0,0,0,13.41479391,52.55502908,2,0.5,08 to 12
3,3701657.0,7,0,4,1,9,1,2,0,0,0,1,0,0,0,13.42455101,52.5389469,1,0.0,00 to 04
3,3701660.0,3,1,7,3,2,2,2,1,1,0,0,0,0,1,13.4282835,52.53189865,2,0.5,00 to 04
4,4400725.0,10,16,5,3,2,6,0,0,1,0,0,0,0,0,13.28183625,52.49811615,1,0.0,16 to 20
12,12601031.0,3,18,6,3,2,6,2,0,1,0,0,0,0,1,13.32601167,52.60531379,1,0.0,16 to 20
10,10400941.0,9,15,3,3,2,6,0,0,1,0,1,0,0,0,13.62434645,52.50376978,2,0.0,12 to 16
12,12400723.0,11,14,1,3,2,7,0,0,1,0,0,0,1,0,13.31236673,52.62413672,2,0.0,12 to 16
1,1401044.0,9,17,6,3,2,6,0,0,1,0,1,0,0,0,13.36934266,52.54711138,2,0.0,16 to 20
1,1100310.0,5,18,5,3,2,6,0,0,1,0,1,0,0,0,13.4195481,52.52513631,2,0.0,16 to 20
1,1100104.0,8,11,7,3,0,2,0,0,1,0,1,0,0,1,13.36489757,52.50216603,2,0.0,08 to 12
4,4200311.0,7,18,3,3,6,7,0,0,0,1,0,0,1,0,13.2821458,52.50994901,2,0.0,16 to 20
4,4200207.0,6,10,3,3,3,6,0,0,1,0,0,1,0,0,13.26273335,52.4909833,2,0.0,08 to 12
9,9200613.0,3,17,6,3,5,3,1,1,1,0,0,0,0,1,13.49919336,52.46376508,2,0.5,16 to 20
4,4400726.0,9,21,7,3,9,1,2,0,1,0,0,0,0,1,13.29016234,52.49403908,1,0.0,20 to 24
4,4200207.0,12,8,2,3,0,6,0,0,1,0,0,0,0,0,13.23895074,52.47117684,1,0.0,08 to 12
2,2400625.0,6,8,4,2,6,4,0,1,0,1,0,0,0,0,13.44865276,52.50511541,2,0.5,08 to 12
6,6300527.0,3,15,6,3,8,1,0,1,1,0,0,0,0,1,13.27123669,52.43838173,2,0.5,12 to 16
9,9100203.0,11,8,2,3,5,3,0,1,0,0,0,1,0,0,13.47944869,52.48450403,2,0.5,08 to 12
1,1100102.0,9,23,7,2,0,1,2,0,0,0,0,0,1,0,13.35741351,52.51492379,1,0.0,20 to 24
6,6400737.0,7,17,6,2,0,1,0,1,0,0,0,0,0,0,13.19167144,52.41972523,1,1.0,16 to 20
4,4400726.0,3,15,6,3,2,6,0,0,1,0,0,0,0,1,13.284061,52.49614273,1,0.0,12 to 16
7,7400824.0,10,7,4,3,0,2,1,0,0,0,0,1,1,1,13.38574131,52.46948207,2,0.0,04 to 08
5,5400943.0,8,16,3,3,5,3,0,0,1,0,0,0,0,0,13.12616314,52.47854039,1,0.0,16 to 20
3,3601449.0,7,2,1,3,0,1,2,0,0,0,0,0,1,0,13.44526919,52.54565376,1,0.0,00 to 04
2,2500727.0,5,12,2,3,0,6,0,0,1,0,1,0,0,1,13.45682183,52.51560059,2,0.0,12 to 16
11,11400931.0,6,16,4,2,3,6,0,0,1,0,1,0,0,0,13.51459095,52.50992382,2,0.0,16 to 20
2,2400625.0,11,10,2,3,0,1,0,1,0,0,0,0,0,0,13.44848499,52.50484708,1,1.0,08 to 12
3,3400826.0,3,8,6,3,5,2,0,1,1,0,0,0,0,1,13.41412184,52.55773042,2,0.5,08 to 12
12,12200310.0,9,19,4,2,2,6,1,0,0,0,1,0,1,0,13.30858562,52.56576462,2,0.0,16 to 20
2,2500726.0,11,14,7,3,3,6,0,1,1,0,0,0,0,0,13.44762019,52.52614039,2,0.5,12 to 16
4,4100101.0,6,12,6,3,2,6,0,0,1,0,0,0,0,0,13.29123451,52.53394245,1,0.0,12 to 16
2,2500727.0,3,14,6,3,5,2,0,1,0,0,0,0,1,1,13.45372747,52.51597529,2,0.5,12 to 16
9,9200613.0,9,7,3,3,2,6,0,0,1,0,0,0,1,0,13.50892394,52.45720816,2,0.0,04 to 08
4,4300622.0,7,18,4,3,4,6,0,1,0,0,0,0,0,0,13.32147797,52.51203865,1,1.0,16 to 20
2,2200208.0,3,18,5,3,3,6,2,1,0,0,0,0,0,0,13.38906258,52.4972165,1,1.0,16 to 20
4,4300414.0,10,15,4,3,2,6,0,0,1,0,0,0,0,1,13.2860201,52.51095402,1,0.0,12 to 16
1,1100310.0,12,10,4,3,3,6,0,1,1,0,0,0,0,1,13.41232206,52.5194115,2,0.5,08 to 12
1,1200624.0,8,18,4,3,3,6,0,0,1,0,1,0,0,0,13.36395372,52.53488836,2,0.0,16 to 20
6,6300526.0,7,11,2,2,6,4,0,1,0,1,0,0,0,0,13.26019928,52.43505047,2,0.5,08 to 12
12,12200414.0,5,16,5,3,2,6,0,0,1,0,0,0,0,0,13.30890738,52.5572314,1,0.0,16 to 20
2,2400522.0,10,0,2,3,0,6,2,0,1,0,0,0,0,0,13.45198817,52.51608799,1,0.0,00 to 04
3,3701659.0,3,15,5,3,5,3,0,1,0,0,0,0,1,0,13.42366726,52.52798447,2,0.5,12 to 16
3,3601449.0,9,16,6,3,2,6,0,0,1,0,0,1,0,0,13.44495538,52.54576911,2,0.0,16 to 20
7,7400720.0,11,18,4,3,5,2,2,1,1,0,0,0,0,0,13.38605362,52.48320582,2,0.5,16 to 20
4,4200206.0,5,8,5,3,2,6,0,0,1,0,0,0,0,0,13.21636639,52.50912134,1,0.0,08 to 12
12,12100103.0,8,6,4,3,5,2,0,1,1,0,0,0,0,1,13.35907162,52.57338003,2,0.5,04 to 08
3,3500936.0,6,10,5,3,0,7,0,0,1,0,1,0,0,1,13.45383608,52.54900534,2,0.0,08 to 12
9,9100101.0,5,14,3,2,5,2,0,1,0,0,0,0,1,0,13.45906227,52.49285934,2,0.5,12 to 16
2,2200208.0,3,12,5,3,2,6,0,0,1,0,0,0,0,0,13.38904608,52.49488726,1,0.0,12 to 16
3,3200206.0,10,8,5,3,5,3,0,1,1,0,0,0,0,0,13.39874379,52.57559747,2,0.5,08 to 12
3,3500936.0,12,13,2,3,3,6,0,1,0,0,0,1,0,1,13.44814382,52.54695947,2,0.5,12 to 16
6,6400737.0,8,17,6,3,2,6,0,0,1,0,0,0,0,0,13.19725083,52.43820241,1,0.0,16 to 20
12,12100204.0,6,14,2,3,6,4,0,1,0,1,0,0,0,0,13.36414131,52.56397561,2,0.5,12 to 16
1,1400940.0,3,11,5,2,5,3,0,0,1,0,1,0,0,0,13.36526058,52.55806978,2,0.0,08 to 12
4,4300414.0,10,15,2,3,0,7,0,1,1,0,0,0,0,0,13.28667329,52.51023167,2,0.5,12 to 16
3,3400831.0,3,9,5,3,5,3,0,1,1,0,0,0,0,0,13.42923416,52.57338366,2,0.5,08 to 12
2,2500727.0,11,18,6,3,5,3,2,1,1,0,0,0,0,0,13.45360497,52.51845136,2,0.5,16 to 20
12,12200412.0,9,20,5,3,3,6,1,0,1,0,0,1,0,0,13.30266588,52.5752109,2,0.0,20 to 24
3,3601141.0,3,9,5,3,5,3,0,1,0,0,0,0,0,0,13.41372528,52.55057197,1,1.0,08 to 12
3,3601449.0,5,0,5,3,5,2,2,1,1,0,0,0,0,0,13.44463578,52.54562236,2,0.5,00 to 04
1,1100310.0,8,18,5,3,5,2,0,1,1,0,0,0,0,0,13.41994064,52.52495144,2,0.5,16 to 20
5,5200634.0,7,21,7,3,0,1,2,1,0,0,0,0,0,0,13.2145277,52.50949535,1,1.0,20 to 24
4,4400727.0,6,21,7,3,3,6,1,0,1,0,0,0,0,0,13.29936002,52.48855942,1,0.0,20 to 24
7,7100205.0,3,8,5,3,3,6,0,1,1,0,0,0,0,0,13.36226393,52.49836034,2,0.5,08 to 12
12,12500930.0,9,5,5,2,5,3,2,0,1,0,1,0,0,0,13.34369441,52.58315704,2,0.0,04 to 08
10,10100312.0,12,12,7,3,5,7,0,0,1,0,0,0,0,0,13.53690312,52.53013776,1,0.0,12 to 16
4,4400726.0,6,10,3,3,3,6,0,0,1,0,0,0,0,0,13.28476096,52.49550036,1,0.0,08 to 12
4,4400725.0,3,12,4,3,2,6,0,0,0,0,0,1,1,1,13.28028235,52.50002355,2,0.0,12 to 16
1,1100102.0,9,15,6,3,1,7,0,0,1,0,0,0,1,0,13.34057156,52.51378283,2,0.0,12 to 16
9,9100203.0,7,13,3,3,5,3,0,1,1,0,0,0,0,0,13.47946399,52.48451132,2,0.5,12 to 16
3,3601449.0,3,9,4,3,5,2,0,0,1,0,0,0,1,0,13.44496926,52.54551746,2,0.0,08 to 12