bez,lor_ab_2021,umonat,ustunde,uwochentag,ukategorie,uart,utyp1,ulichtverh,istrad,istpkw,istfuss,istkrad,istgkfz,istsonstige,ustrzustand,xgcswgs84,ygcswgs84,all_acc,perc_bike_acc,rushhours
7,7400822.0,10,17,6,3,2,6,0,0,1,0,0,0,0,0,13.36553616,52.47276982,1,0.0,16 to 20
7,7601442.0,8,18,1,3,5,7,0,0,1,0,0,0,0,0,13.39975524,52.41732974,1,0.0,16 to 20
9,9100101.0,7,14,6,3,2,6,0,0,1,0,0,1,0,1,13.45882761,52.490942,2,0.0,12 to 16
10,10100311.0,6,3,3,2,1,5,2,0,1,0,0,0,1,0,13.54021453,52.50989523,2,0.0,00 to 04
7,7200411.0,3,9,4,3,2,6,0,0,1,0,0,1,0,0,13.35883637,52.4887033,2,0.0,08 to 12
1,1300836.0,5,15,4,3,5,2,0,1,1,0,0,0,0,0,13.36855242,52.54120609,2,0.5,12 to 16
7,7100206.0,8,14,6,2,5,3,0,1,0,0,0,0,1,0,13.36087901,52.49218297,2,0.5,12 to 16
1,1100102.0,7,12,3,3,0,1,0,0,0,0,1,0,0,0,13.37093315,52.50893118,1,0.0,12 to 16
2,2100101.0,6,13,1,3,5,3,0,0,1,0,0,0,0,0,13.38868987,52.49815189,1,0.0,12 to 16
12,12400723.0,3,9,4,3,5,3,0,0,1,0,0,0,0,0,13.31641112,52.61403178,1,0.0,08 to 12
7,7300619.0,9,15,6,3,2,6,0,0,1,0,0,0,0,0,13.36237055,52.47396342,1,0.0,12 to 16
7,7501030.0,12,14,2,3,1,5,0,1,1,0,0,0,0,1,13.38666043,52.44176064,2,0.5,12 to 16
7,7200308.0,6,15,4,3,6,4,0,0,1,1,0,0,0,0,13.34830826,52.48176423,2,0.0,12 to 16
11,11300725.0,3,8,4,2,1,7,0,1,0,0,1,0,0,0,13.49341751,52.51189322,2,0.5,08 to 12
3,3601449.0,11,13,5,2,6,4,0,0,1,1,0,0,0,0,13.44527566,52.54591616,2,0.0,12 to 16
4,4100101.0,9,16,7,2,2,6,0,0,1,0,0,0,0,0,13.28625408,52.53219715,1,0.0,16 to 20
2,2200208.0,7,15,5,3,5,2,0,1,1,0,0,0,0,0,13.38925281,52.49753481,2,0.5,12 to 16
4,4200311.0,3,7,4,3,2,6,0,0,1,0,1,0,0,0,13.28140857,52.50990066,2,0.0,04 to 08
10,10300733.0,10,20,1,3,5,2,2,0,1,0,0,0,0,0,13.56149271,52.50858338,1,0.0,20 to 24
3,3500934.0,8,10,2,2,3,6,0,0,0,0,1,1,0,0,13.42962614,52.55504787,2,0.0,08 to 12
7,7601544.0,7,14,7,3,5,7,0,1,1,0,0,0,0,0,13.40826629,52.38840667,2,0.5,12 to 16
2,2500727.0,6,17,3,3,0,7,0,1,0,0,0,0,0,0,13.45983579,52.5152859,1,1.0,16 to 20
10,10100208.0,10,18,7,3,0,1,2,1,0,0,0,0,0,1,13.55076535,52.55348101,1,1.0,16 to 20
12,12100204.0,3,17,3,2,5,2,1,1,0,0,0,0,1,0,13.36418913,52.5637376,2,0.5,16 to 20
7,7200411.0,9,14,3,3,2,6,0,0,1,0,1,0,0,0,13.35773261,52.48777763,2,0.0,12 to 16
4,4200308.0,11,17,6,3,2,6,2,0,1,0,0,0,0,1,13.28310931,52.51890753,1,0.0,16 to 20
11,11100101.0,6,13,5,3,5,2,0,1,1,0,0,0,0,0,13.48303578,52.57465789,2,0.5,12 to 16
9,9100202.0,3,15,3,2,0,2,0,0,1,0,0,0,1,1,13.46500113,52.48673762,2,0.0,12 to 16
7,7400720.0,8,14,2,3,2,6,0,0,1,0,0,0,1,0,13.38605581,52.48344017,2,0.0,12 to 16
2,2500726.0,7,9,4,3,6,7,0,1,0,1,0,0,0,0,13.45009468,52.5231789,2,0.5,08 to 12
7,7200410.0,6,19,3,3,1,5,0,1,1,0,0,0,0,0,13.35378484,52.48502186,2,0.5,16 to 20
7,7501133.0,3,5,2,3,6,2,2,0,1,1,0,0,0,1,13.38712811,52.44014144,2,0.0,04 to 08
5,5400943.0,10,14,3,3,5,2,0,1,1,0,0,0,0,0,13.126128,52.4785331,2,0.5,12 to 16
4,4400726.0,12,15,3,3,2,6,0,0,1,0,0,1,0,1,13.28861501,52.49407901,2,0.0,12 to 16
9,9200613.0,8,18,4,3,2,6,0,1,0,0,0,0,0,0,13.51061525,52.45601892,1,1.0,16 to 20
10,10100210.0,7,8,1,3,5,3,0,1,0,0,0,0,1,0,13.54802349,52.55059592,2,0.5,08 to 12
2,2100101.0,5,9,4,3,5,2,0,1,1,0,0,0,0,0,13.38056502,52.49924435,2,0.5,08 to 12
7,7501029.0,10,7,2,3,2,6,0,0,1,0,0,1,0,1,13.38065599,52.438125,2,0.0,04 to 08
11,11300722.0,3,7,2,2,8,1,0,0,0,0,1,0,0,0,13.4774516,52.51351287,1,0.0,04 to 08
4,4300622.0,9,17,5,3,2,6,0,0,1,0,0,0,0,0,13.32292579,52.51243441,1,0.0,16 to 20
12,12100101.0,11,14,3,2,6,7,0,0,1,1,0,0,0,1,13.36500662,52.56056534,2,0.0,12 to 16
6,6400736.0,5,11,4,3,2,6,0,0,1,0,0,0,0,0,13.1969231,52.41677333,1,0.0,08 to 12
6,6400735.0,8,13,3,3,0,1,0,0,0,0,1,0,0,0,13.152137,52.41879643,1,0.0,12 to 16
3,3601141.0,6,17,5,3,1,1,0,1,0,0,1,0,0,1,13.41387221,52.55135896,2,0.5,16 to 20
11,11300722.0,5,12,3,3,3,6,0,0,1,0,1,0,0,0,13.48010834,52.51323956,2,0.0,12 to 16
3,3100103.0,3,7,2,2,2,6,0,0,1,0,0,1,1,1,13.48708686,52.6245574,3,0.0,04 to 08
3,3701657.0,9,16,4,3,5,2,0,1,0,0,1,0,0,0,13.42859505,52.53758003,2,0.5,16 to 20
1,1100102.0,12,1,7,2,0,1,2,1,0,0,0,0,0,0,13.35930584,52.51504303,1,1.0,00 to 04
5,5400943.0,8,15,5,3,5,3,0,1,1,0,0,0,0,0,13.12629243,52.47857479,2,0.5,12 to 16
1,1100310.0,6,2,1,3,0,1,2,0,0,0,0,0,1,0,13.4084332,52.52196054,1,0.0,00 to 04
4,4200311.0,10,17,2,3,5,3,1,0,1,0,0,1,0,0,13.28114331,52.50263462,2,0.0,16 to 20
1,1100310.0,3,13,2,3,2,6,0,0,1,0,0,0,0,0,13.42028521,52.52524472,1,0.0,12 to 16
12,12100205.0,11,8,5,3,5,2,0,0,1,0,0,0,1,0,13.34764848,52.57440967,2,0.0,08 to 12
2,2400521.0,9,15,3,3,0,7,0,1,0,0,0,0,0,0,13.43103829,52.51807383,1,1.0,12 to 16
11,11401034.0,3,0,1,2,1,6,2,0,1,0,0,1,0,1,13.52523459,52.50989437,2,0.0,00 to 04
11,11300724.0,10,11,7,3,4,6,0,1,0,0,0,0,0,0,13.48827115,52.51241312,1,1.0,08 to 12
12,12500930.0,8,13,5,3,5,3,0,1,1,0,0,0,0,0,13.34056736,52.58722942,2,0.5,12 to 16
1,1100104.0,7,13,5,3,5,5,0,1,1,0,0,0,0,1,13.36333875,52.50036165,2,0.5,12 to 16
2,2500727.0,5,11,1,3,5,3,0,1,1,0,0,0,0,0,13.45376553,52.5158357,2,0.5,08 to 12
7,7400823.0,6,18,6,3,2,6,0,0,1,0,0,0,0,0,13.37411511,52.47057532,1,0.0,16 to 20
2,2100101.0,2,5,7,3,5,3,2,0,1,0,0,0,0,1,13.38055494,52.49924565,1,0.0,04 to 08
3,3601449.0,9,16,5,3,2,6,0,0,1,0,1,0,0,0,13.44491772,52.54575182,2,0.0,16 to 20
3,3601449.0,12,5,4,3,0,1,2,1,0,0,0,0,0,1,13.43864069,52.54119544,1,1.0,04 to 08
3,3701657.0,6,15,3,3,5,2,0,1,1,0,0,0,0,0,13.42403075,52.53909728,2,0.5,12 to 16
1,1100310.0,2,19,7,2,3,6,2,1,1,0,0,0,0,1,13.41069229,52.52319738,2,0.5,16 to 20
3,3601449.0,9,7,6,3,5,2,0,1,1,0,0,0,0,0,13.43918035,52.54124168,2,0.5,04 to 08
7,7601547.0,7,0,1,3,0,1,2,1,0,0,0,0,0,0,13.41099632,52.38601036,1,1.0,00 to 04
1,1400940.0,2,16,7,2,5,3,1,0,1,0,0,0,0,0,13.36550149,52.55797126,1,0.0,16 to 20
7,7501030.0,10,15,6,3,6,7,0,1,0,1,0,0,0,0,13.38611343,52.444279,2,0.5,12 to 16
12,12100205.0,12,12,4,3,5,3,0,0,1,0,0,0,1,0,13.34774154,52.57441318,2,0.0,12 to 16
7,7400928.0,8,10,1,3,3,6,0,0,1,0,0,0,0,0,13.41723589,52.46076081,1,0.0,08 to 12
12,12400723.0,7,16,5,3,5,3,0,1,1,0,0,0,0,1,13.31523537,52.61825045,2,0.5,16 to 20
4,4200311.0,5,13,1,3,0,3,0,1,1,0,0,0,0,1,13.27973633,52.50979201,2,0.5,12 to 16
4,4400726.0,6,14,2,3,2,6,0,0,1,0,0,0,0,0,13.28366867,52.49666129,1,0.0,12 to 16
3,3601449.0,10,16,4,3,2,6,2,0,1,0,0,0,0,1,13.44500009,52.54553147,1,0.0,16 to 20
1,1100311.0,2,16,7,3,4,6,0,1,0,0,0,0,1,0,13.4225741,52.52002106,2,0.5,16 to 20
7,7300619.0,9,13,2,3,5,3,0,0,1,0,0,1,0,0,13.35649294,52.47361985,2,0.0,12 to 16
2,2100101.0,11,11,3,3,0,7,0,1,0,0,0,0,0,0,13.37842759,52.50002348,1,1.0,08 to 12
3,3601141.0,6,8,4,3,5,2,0,1,1,0,0,0,0,0,13.41375375,52.55073994,2,0.5,08 to 12
8,8200622.0,8,22,7,3,3,6,2,0,1,0,0,1,0,0,13.44646995,52.46315817,2,0.0,20 to 24
12,12400723.0,6,8,2,3,0,3,0,1,1,0,0,0,0,0,13.31527352,52.61821226,2,0.5,08 to 12
3,3601348.0,2,13,7,3,6,4,0,0,0,1,0,0,1,0,13.4188664,52.54012631,2,0.0,12 to 16
4,4100101.0,10,13,1,3,2,6,0,0,1,0,0,0,0,0,13.28348149,52.52937606,1,0.0,12 to 16
10,10400940.0,12,14,6,3,5,2,0,0,1,0,0,0,1,0,13.60641287,52.50495252,2,0.0,12 to 16
7,7200411.0,8,18,3,2,1,5,0,1,1,0,0,0,0,0,13.35948497,52.48971673,2,0.5,16 to 20
12,12100204.0,7,16,5,3,5,2,0,1,1,0,0,0,0,0,13.36371686,52.56514288,2,0.5,16 to 20
2,2100101.0,10,11,6,3,5,3,0,1,1,0,0,0,0,0,13.38900958,52.49808583,2,0.5,08 to 12
12,12100204.0,2,15,6,3,5,2,0,1,1,0,0,0,0,0,13.36440942,52.56376395,2,0.5,12 to 16
12,12400619.0,9,14,4,3,2,6,0,0,1,0,0,0,0,0,13.26094258,52.60805893,1,0.0,12 to 16
7,7501133.0,11,6,2,3,0,6,2,0,1,0,1,0,0,1,13.37829523,52.43482513,2,0.0,04 to 08
3,3400723.0,10,11,6,3,2,6,0,0,1,0,0,0,0,1,13.40578156,52.56636948,1,0.0,08 to 12
4,4200311.0,2,13,6,3,5,2,0,0,1,0,0,0,0,0,13.28188965,52.50993235,1,0.0,12 to 16
4,4200311.0,9,18,3,3,5,2,0,0,1,0,0,0,0,0,13.28484072,52.51012061,1,0.0,16 to 20
1,1400940.0,11,17,5,3,5,3,2,0,1,0,0,0,1,1,13.36525867,52.55807966,2,0.0,16 to 20
1,1100310.0,6,15,4,3,5,2,0,1,0,0,0,0,1,0,13.41619904,52.52208292,2,0.5,12 to 16
4,4100102.0,8,21,1,3,8,1,2,0,1,0,0,0,0,1,13.298615,52.53414853,1,0.0,20 to 24
12,12100205.0,6,16,3,3,5,3,0,0,1,0,1,0,0,0,13.34660319,52.57938607,2,0.0,16 to 20
4,4200308.0,2,12,6,3,3,6,0,0,1,0,0,1,0,0,13.28278527,52.5287199,2,0.0,12 to 16
5,5200634.0,10,16,2,3,2,6,0,0,1,0,0,0,1,1,13.21399455,52.50960585,2,0.0,16 to 20
10,10100206.0,12,13,7,2,0,1,0,0,0,0,1,0,0,1,13.55439159,52.55767388,1,0.0,12 to 16
4,4400725.0,8,19,3,3,0,4,0,0,1,1,0,0,0,0,13.28222869,52.49777183,2,0.0,16 to 20
7,7501133.0,7,6,6,3,5,2,0,0,0,0,1,0,1,0,13.38262047,52.43939712,2,0.0,04 to 08
4,4300414.0,5,14,3,3,5,2,0,1,0,0,0,0,1,0,13.29999322,52.51125128,2,0.5,12 to 16
2,2500833.0,10,15,7,2,2,6,0,1,1,0,0,0,0,0,13.45304379,52.51297994,2,0.5,12 to 16
4,4300414.0,2,9,6,2,6,7,0,0,1,1,0,0,0,0,13.28623521,52.51020439,2,0.0,08 to 12
7,7200411.0,9,10,4,3,1,5,0,1,1,0,0,0,0,0,13.3578812,52.48765464,2,0.5,08 to 12
4,4200206.0,11,14,2,3,1,5,0,1,1,0,0,0,0,0,13.23244444,52.5069206,2,0.5,12 to 16
4,4300415.0,5,16,4,3,2,6,0,0,1,0,0,0,0,0,13.28383365,52.50749802,1,0.0,16 to 20
4,4300621.0,8,7,3,3,5,2,0,1,0,0,0,0,1,0,13.30777749,52.51175932,2,0.5,04 to 08
7,7400822.0,6,15,4,3,2,6,0,0,1,0,0,0,0,0,13.36541146,52.47282686,1,0.0,12 to 16
4,4300414.0,5,8,3,3,5,2,0,0,1,1,0,0,0,0,13.30131778,52.51133833,2,0.0,08 to 12
3,3200205.0,2,8,6,3,5,3,0,1,1,0,0,0,0,0,13.40251882,52.59221462,2,0.5,08 to 12
10,10400940.0,9,13,4,3,0,1,0,1,0,0,0,0,0,0,13.60420211,52.50496729,1,1.0,12 to 16
7,7501135.0,12,18,6,3,6,7,2,0,1,1,0,0,0,0,13.39871878,52.41852586,2,0.0,16 to 20
11,11300722.0,8,9,4,2,5,2,0,1,1,0,0,0,0,0,13.48422987,52.51268968,2,0.5,08 to 12
4,4200311.0,6,8,6,3,3,6,0,0,1,0,0,1,0,0,13.28142861,52.50493857,2,0.0,08 to 12
1,1300836.0,10,14,7,3,5,7,0,0,1,0,0,0,0,0,13.36852964,52.53885173,1,0.0,12 to 16
7,7400721.0,2,11,5,3,2,6,0,0,1,0,0,1,0,1,13.38557419,52.47242898,2,0.0,08 to 12
1,1100310.0,11,16,4,2,1,5,2,1,1,0,0,0,0,0,13.41747238,52.5232435,2,0.5,16 to 20
1,1100104.0,9,16,3,3,5,3,0,0,1,0,1,0,0,0,13.36808964,52.50583456,2,0.0,16 to 20
11,11100101.0,8,15,2,3,5,2,0,1,0,0,0,0,1,0,13.48330367,52.58305147,2,0.5,12 to 16
1,1100104.0,2,17,4,3,4,6,0,1,0,0,0,0,1,0,13.36735728,52.50488224,2,0.5,16 to 20
4,4100101.0,10,10,6,3,0,6,0,0,0,0,0,0,1,0,13.29413083,52.53729424,1,0.0,08 to 12
2,2500728.0,8,15,4,2,2,2,0,1,0,0,0,0,0,0,13.46616819,52.51464826,1,1.0,12 to 16
7,7300619.0,7,12,4,3,2,6,0,0,1,0,0,0,0,1,13.35743564,52.47383557,1,0.0,12 to 16
1,1100310.0,6,9,6,3,5,3,0,1,1,0,0,0,0,0,13.41982397,52.5253891,2,0.5,08 to 12
3,3601142.0,11,13,5,3,2,7,0,0,1,0,0,0,1,0,13.41199847,52.54147936,2,0.0,12 to 16
1,1300836.0,2,18,4,3,6,2,2,0,1,1,0,0,0,1,13.36876337,52.54115293,2,0.0,16 to 20
4,4300414.0,9,22,5,3,6,4,2,1,0,1,0,0,0,0,13.28840795,52.51033996,2,0.5,20 to 24
12,12100205.0,12,10,3,3,2,6,0,0,1,0,0,0,1,0,13.34766272,52.57462059,2,0.0,08 to 12
6,6400735.0,6,17,2,3,8,1,0,1,0,0,0,0,0,0,13.15545884,52.41914731,1,1.0,16 to 20
1,1300836.0,2,15,4,3,0,2,0,1,0,0,0,0,1,0,13.37017055,52.53996984,2,0.5,12 to 16
5,5200634.0,9,17,5,3,5,3,0,0,1,0,0,0,0,0,13.20490171,52.51143456,1,0.0,16 to 20
12,12400723.0,7,16,6,3,5,3,0,1,1,0,0,0,0,0,13.31732523,52.61598406,2,0.5,16 to 20
9,9100305.0,2,14,4,2,5,3,0,1,1,0,0,0,0,0,13.49317407,52.46776929,2,0.5,12 to 16
3,3601451.0,10,13,5,3,3,6,0,1,0,0,0,0,1,0,13.43555306,52.53514704,2,0.5,12 to 16
6,6400735.0,12,14,3,3,0,5,0,1,1,0,0,0,0,0,13.16418371,52.4200594,2,0.5,12 to 16
1,1100102.0,5,18,4,3,5,3,0,1,1,0,0,0,0,0,13.37210589,52.50511777,2,0.5,16 to 20
3,3701659.0,8,15,7,3,5,3,0,0,1,0,0,0,1,0,13.42354322,52.52818385,2,0.0,12 to 16
11,11401032.0,7,14,4,3,3,1,0,0,1,0,0,1,0,0,13.50289804,52.51092289,2,0.0,12 to 16
4,4400727.0,5,23,1,2,0,1,2,1,0,0,0,0,0,0,13.30034095,52.4880004,1,1.0,20 to 24
11,11401034.0,10,8,4,3,8,1,0,0,0,0,1,0,0,1,13.52818794,52.51023126,1,0.0,08 to 12
2,2200209.0,2,21,4,3,9,1,2,0,1,0,0,0,0,1,13.38630348,52.4889439,1,0.0,20 to 24
12,12200414.0,9,13,1,3,8,1,0,0,1,0,0,0,0,0,13.3023703,52.55033506,1,0.0,12 to 16
3,3601139.0,11,7,2,3,6,4,0,0,1,1,0,0,0,0,13.41485593,52.55457731,2,0.0,04 to 08
1,1100207.0,5,17,4,2,5,3,0,1,1,0,0,0,0,0,13.40167351,52.51132327,2,0.5,16 to 20
7,7400824.0,8,20,6,3,6,7,1,0,1,1,0,0,0,0,13.38550366,52.46645387,2,0.0,20 to 24
9,9100202.0,6,18,7,3,5,3,1,1,1,0,0,0,0,1,13.46872454,52.48422039,2,0.5,16 to 20
7,7400721.0,2,20,4,3,5,3,2,0,1,0,0,0,0,0,13.3857614,52.48009897,1,0.0,20 to 24
2,2400522.0,10,22,7,3,4,6,2,1,0,0,0,0,1,0,13.44633391,52.51650632,2,0.5,20 to 24
12,12200310.0,12,6,5,3,2,6,2,0,1,0,0,0,0,0,13.30542501,52.57076092,1,0.0,04 to 08
2,2200208.0,8,10,2,3,5,2,0,1,0,0,0,0,1,0,13.38927231,52.49745632,2,0.5,08 to 12
1,1200624.0,7,8,5,3,0,6,0,0,0,0,1,0,1,1,13.3667723,52.53202831,2,0.0,08 to 12
1,1100102.0,2,19,4,3,2,6,2,0,1,0,0,0,0,1,13.37221503,52.5050415,1,0.0,16 to 20
6,6100101.0,10,0,5,3,2,6,2,0,1,0,0,0,1,0,13.31475351,52.4532235,2,0.0,00 to 04
10,10300733.0,2,18,4,3,5,2,2,1,1,0,0,0,0,1,13.55334756,52.50934638,2,0.5,16 to 20
10,10100206.0,9,12,3,2,5,3,0,0,1,0,0,1,0,0,13.55828112,52.562885,2,0.0,12 to 16
3,3601348.0,11,13,1,3,2,6,0,1,1,0,0,0,0,0,13.42254531,52.53956242,2,0.5,12 to 16
7,7501029.0,9,0,6,3,3,2,2,0,1,0,0,0,0,0,13.38161398,52.43917372,1,0.0,00 to 04
7,7400822.0,5,17,4,3,2,6,0,0,1,0,0,0,0,0,13.36696111,52.47228315,1,0.0,16 to 20
3,3601452.0,8,1,7,3,2,6,2,1,1,0,0,0,0,0,13.44307485,52.53045746,2,0.5,00 to 04
1,1300836.0,6,16,3,3,5,2,0,1,1,0,0,0,0,0,13.37022866,52.53993364,2,0.5,16 to 20
1,1100206.0,2,22,3,3,2,6,2,0,1,0,0,0,0,0,13.39136759,52.51702793,1,0.0,20 to 24
12,12100103.0,9,20,2,3,5,2,2,0,1,0,0,0,1,0,13.35906727,52.57338117,2,0.0,20 to 24
4,4400830.0,12,9,3,3,2,6,0,0,1,0,0,0,1,0,13.30446595,52.4847913,2,0.0,08 to 12
2,2500726.0,6,12,4,3,5,3,0,1,1,1,0,0,0,0,13.44753959,52.52625903,3,0.3333333333333333,12 to 16
9,9100101.0,2,21,3,3,2,6,2,0,1,0,0,0,0,0,13.45881354,52.49095135,1,0.0,20 to 24
2,2500727.0,11,18,2,2,5,2,2,1,1,0,0,0,0,0,13.4537493,52.51591276,2,0.5,16 to 20
6,6400735.0,9,17,1,3,1,5,0,1,1,0,0,0,0,0,13.16841724,52.42066201,2,0.5,16 to 20
7,7400825.0,7,11,6,3,2,6,0,0,1,0,0,0,0,0,13.38444789,52.45339325,1,0.0,08 to 12
2,2200208.0,2,11,3,2,6,7,0,0,1,1,0,0,0,1,13.38905855,52.49462065,2,0.0,08 to 12
12,12601031.0,10,14,4,3,5,3,0,0,1,0,0,0,0,1,13.33153206,52.60042605,1,0.0,12 to 16
7,7400824.0,8,14,3,2,1,5,0,1,1,0,0,0,0,0,13.38551333,52.4649795,2,0.5,12 to 16
4,4200308.0,7,15,2,3,2,6,0,0,1,0,0,0,0,0,13.28296267,52.52863546,1,0.0,12 to 16
2,2400522.0,5,23,7,3,5,3,2,1,1,0,0,0,0,0,13.45064723,52.51622024,2,0.5,20 to 24
6,6300526.0,6,19,4,3,5,3,0,1,0,0,0,0,0,0,13.26055659,52.43498619,1,1.0,16 to 20
4,4200308.0,11,20,2,2,3,6,2,0,1,0,1,0,0,0,13.28274297,52.52865863,2,0.0,20 to 24
3,3701657.0,2,18,3,3,6,4,2,1,0,1,0,0,0,0,13.43258724,52.53621656,2,0.5,16 to 20
6,6300629.0,9,13,4,3,1,5,0,1,1,0,0,0,0,0,13.29609794,52.44643139,2,0.5,12 to 16
7,7400824.0,11,12,7,3,3,6,0,0,1,0,0,0,0,0,13.38550606,52.46974207,1,0.0,12 to 16
3,3701660.0,5,16,4,3,3,6,0,1,0,0,0,0,0,0,13.42575716,52.52974337,1,1.0,16 to 20
10,10300733.0,8,16,2,3,0,2,0,1,1,0,0,0,0,0,13.55300565,52.50905938,2,0.5,16 to 20
7,7601442.0,6,11,4,3,3,6,0,0,1,0,1,0,0,0,13.40028135,52.41640045,2,0.0,08 to 12
9,9200613.0,2,17,3,3,5,2,1,1,1,0,0,0,0,1,13.50627257,52.45886474,2,0.5,16 to 20
3,3400829.0,9,8,3,3,2,6,0,0,1,0,0,0,1,0,13.42780316,52.56192406,2,0.0,08 to 12
4,4300622.0,12,17,4,3,5,2,1,0,1,0,0,0,0,1,13.32291989,52.51242355,1,0.0,16 to 20
7,7400822.0,8,16,3,3,0,1,0,0,1,0,1,0,0,0,13.37039626,52.47091918,2,0.0,16 to 20
3,3601449.0,6,16,5,3,6,7,0,1,0,1,0,0,0,0,13.44243358,52.54441454,2,0.5,16 to 20
7,7501133.0,10,17,7,3,2,6,0,0,1,0,0,0,0,0,13.38761144,52.4389981,1,0.0,16 to 20
10,10100312.0,2,5,2,2,6,6,1,0,1,1,0,0,0,1,13.53693454,52.53261638,2,0.0,04 to 08
3,3601449.0,11,10,3,2,0,2,0,0,0,0,0,1,1,0,13.44496819,52.54551697,2,0.0,08 to 12
3,3500936.0,9,14,2,3,3,6,0,1,1,0,0,0,0,0,13.44809828,52.54693916,2,0.5,12 to 16
2,2200209.0,8,1,1,3,2,6,2,0,1,0,1,0,0,0,13.38605377,52.48571275,2,0.0,00 to 04
7,7501133.0,2,7,2,3,5,2,0,0,0,0,1,0,1,0,13.38259479,52.43939278,2,0.0,04 to 08
3,3601451.0,10,15,5,3,2,6,0,0,1,0,0,1,0,1,13.43388882,52.53671521,2,0.0,12 to 16
3,3601347.0,8,14,3,3,2,6,0,1,0,0,0,0,1,0,13.41702878,52.5402109,2,0.5,12 to 16
3,3601452.0,7,13,3,3,1,5,0,1,1,0,0,0,0,0,13.44721773,52.52702935,2,0.5,12 to 16
7,7501030.0,6,18,5,3,1,1,0,0,1,0,0,0,0,1,13.38509056,52.44981495,1,0.0,16 to 20
7,7601236.0,11,6,4,3,6,4,2,0,1,1,0,0,0,0,13.36610162,52.41692405,2,0.0,04 to 08
2,2500727.0,2,20,2,3,5,3,1,1,1,0,0,0,0,1,13.46015358,52.51525271,2,0.5,20 to 24
2,2100101.0,9,11,5,3,5,2,0,1,1,0,0,0,0,0,13.38862893,52.49816686,2,0.5,08 to 12
12,12200310.0,11,8,2,3,3,6,0,0,1,0,0,1,0,0,13.30453523,52.57385609,2,0.0,08 to 12
6,6400737.0,6,9,1,2,4,6,0,1,0,0,0,0,0,0,13.20035745,52.4222037,1,1.0,08 to 12
6,6400737.0,2,19,2,3,2,6,2,0,1,0,0,0,0,1,13.19200066,52.43107425,1,0.0,16 to 20
3,3601142.0,9,15,4,3,1,5,0,1,1,0,0,0,0,1,13.41259523,52.54396318,2,0.5,12 to 16
2,2500729.0,7,21,5,3,1,5,1,0,1,0,1,0,0,0,13.47031863,52.5142319,2,0.0,20 to 24
4,4400726.0,2,15,2,3,3,6,0,0,1,0,0,1,0,0,13.28563852,52.49465496,2,0.0,12 to 16
5,5400942.0,10,10,4,3,0,7,0,0,1,0,0,0,1,0,13.1511337,52.49716995,2,0.0,08 to 12
11,11300722.0,12,17,6,3,6,4,2,1,0,1,0,0,0,1,13.47700011,52.51355977,2,0.5,16 to 20
12,12601032.0,8,11,5,3,2,6,0,0,1,0,0,0,0,0,13.32381694,52.60785512,1,0.0,08 to 12
10,10400837.0,7,18,3,2,2,6,0,0,1,0,0,0,0,0,13.59340801,52.50506058,1,0.0,16 to 20
7,7300619.0,5,13,7,3,8,1,0,0,1,0,0,0,0,0,13.35426256,52.47357897,1,0.0,12 to 16
4,4200311.0,10,17,3,3,3,6,2,0,1,0,0,0,1,0,13.28088894,52.50302219,2,0.0,16 to 20
2,2200208.0,2,16,1,3,2,6,2,0,1,0,0,0,0,1,13.388632,52.49767469,1,0.0,16 to 20
1,1100207.0,9,20,1,3,2,6,1,0,1,0,0,0,0,0,13.40403644,52.51274405,1,0.0,20 to 24
9,9200613.0,11,15,2,3,2,6,0,0,1,0,0,0,0,0,13.50549508,52.45959049,1,0.0,12 to 16
4,4200206.0,5,15,4,2,1,1,0,1,0,0,0,1,0,0,13.22611069,52.50716165,2,0.5,12 to 16
1,1100102.0,8,16,5,3,2,6,0,0,1,0,0,0,0,0,13.34680652,52.51421055,1,0.0,16 to 20
10,10300734.0,6,10,6,3,2,6,0,0,1,0,0,1,0,0,13.56712165,52.50679776,2,0.0,08 to 12
1,1100310.0,2,17,1,3,5,3,2,0,1,0,0,0,0,1,13.40919283,52.5167589,1,0.0,16 to 20
7,7501135.0,10,16,6,3,5,3,0,1,1,0,0,0,0,0,13.3973313,52.4216206,2,0.5,16 to 20
1,1300836.0,12,0,3,3,2,6,2,0,1,0,0,0,0,0,13.37010734,52.53974491,1,0.0,00 to 04
12,12100103.0,8,0,1,3,6,7,2,1,0,1,0,0,0,0,13.36168942,52.56900195,2,0.5,00 to 04
1,1100310.0,6,22,3,3,5,3,2,0,1,0,0,0,0,0,13.40919377,52.51675969,1,0.0,20 to 24
3,3601449.0,2,20,7,3,3,6,2,0,1,0,0,0,0,0,13.43944611,52.54147136,1,0.0,20 to 24
7,7100205.0,10,14,5,3,1,5,0,1,1,0,0,0,0,0,13.36157719,52.49674274,2,0.5,12 to 16
3,3500936.0,2,19,7,3,6,4,2,0,0,1,0,0,1,1,13.45234995,52.5486852,2,0.0,16 to 20