bez,lor_ab_2021,umonat,ustunde,uwochentag,ukategorie,uart,utyp1,ulichtverh,istrad,istpkw,istfuss,istkrad,istgkfz,istsonstige,ustrzustand,xgcswgs84,ygcswgs84,all_acc,perc_bike_acc,rushhours
4,4300622.0,9,17,2,3,5,2,0,0,1,0,1,0,0,0,13.32297127,52.51242983,2,0.0,16 to 20
1,1200624.0,11,23,7,2,6,7,2,0,1,1,0,0,0,0,13.36454332,52.53429013,2,0.0,20 to 24
4,4200308.0,9,12,6,2,2,6,0,0,0,0,0,1,1,0,13.28276935,52.51882016,2,0.0,12 to 16
12,12100204.0,2,19,7,3,6,2,2,0,1,1,0,0,0,1,13.36420008,52.56368314,2,0.0,16 to 20
1,1401044.0,5,13,3,3,3,6,0,0,1,0,0,0,0,0,13.36901738,52.54857845,1,0.0,12 to 16
4,4200311.0,8,10,7,3,2,6,0,0,1,0,0,0,0,1,13.28139242,52.50989961,1,0.0,08 to 12
4,4100101.0,7,19,3,3,2,6,0,0,1,0,0,0,0,0,13.28633068,52.53225673,1,0.0,16 to 20
3,3501037.0,6,15,2,3,2,6,0,1,0,0,0,0,0,0,13.46788816,52.56129549,1,1.0,12 to 16
12,12100205.0,2,20,6,2,1,5,2,0,1,0,0,0,0,0,13.35028517,52.57402703,1,0.0,20 to 24
12,12400618.0,9,10,7,3,8,1,0,0,1,0,0,0,0,1,13.25134755,52.61804814,1,0.0,08 to 12
2,2100101.0,12,2,2,3,3,6,2,1,0,0,0,0,0,0,13.38731043,52.49849077,1,1.0,00 to 04
2,2500727.0,6,11,4,3,2,6,0,1,0,0,0,0,0,0,13.45817459,52.51545936,1,1.0,08 to 12
1,1100310.0,2,18,6,3,5,5,0,0,1,0,0,0,0,0,13.40326956,52.51926778,1,0.0,16 to 20
1,1300836.0,11,13,6,3,0,7,0,0,0,0,1,0,0,1,13.37014858,52.53998353,1,0.0,12 to 16
4,4300622.0,9,18,7,3,5,2,0,0,1,0,1,0,0,0,13.32294487,52.51246954,2,0.0,16 to 20
2,2500726.0,7,12,6,2,3,6,0,1,0,0,0,0,0,0,13.45242538,52.51908975,1,1.0,12 to 16
12,12500824.0,2,13,6,3,2,6,0,0,1,0,0,0,0,0,13.28957478,52.58937421,1,0.0,12 to 16
9,9100101.0,10,22,2,3,3,6,2,0,1,0,1,0,0,0,13.45800355,52.49148962,2,0.0,20 to 24
5,5200528.0,8,15,2,3,2,6,0,0,1,0,0,0,0,0,13.1756041,52.51432092,1,0.0,12 to 16
2,2500726.0,7,21,1,3,5,2,0,1,1,0,0,0,0,0,13.44794967,52.52631697,2,0.5,20 to 24
2,2500728.0,6,13,4,3,3,6,0,1,1,0,0,0,0,0,13.46744374,52.51436734,2,0.5,12 to 16
1,1400940.0,11,13,1,3,5,3,0,0,1,0,0,0,0,1,13.36525906,52.55807764,1,0.0,12 to 16
12,12100204.0,2,10,6,3,5,3,0,0,1,0,0,1,0,1,13.36350669,52.5651798,2,0.0,08 to 12
3,3200204.0,9,17,3,3,2,7,0,1,0,0,1,0,0,0,13.39057506,52.61855745,2,0.5,16 to 20
3,3400826.0,11,20,7,3,2,6,2,0,1,0,0,0,1,0,13.41300525,52.55893691,2,0.0,20 to 24
4,4200309.0,6,15,5,3,4,6,0,0,1,0,0,0,1,0,13.25941266,52.50859037,2,0.0,12 to 16
7,7501135.0,2,12,6,3,0,6,0,1,1,0,0,0,0,0,13.39574825,52.42380666,2,0.5,12 to 16
1,1100207.0,8,18,2,3,2,6,0,0,1,0,0,0,0,0,13.394757,52.51070399,1,0.0,16 to 20
4,4300414.0,7,14,4,3,3,6,0,1,0,0,1,0,0,0,13.29697658,52.51086212,2,0.5,12 to 16
2,2500835.0,2,6,6,3,5,3,2,1,1,0,0,0,0,1,13.44772363,52.50247348,2,0.5,04 to 08
4,4300414.0,10,9,3,3,3,6,0,0,1,0,0,0,0,0,13.29323686,52.51063562,1,0.0,08 to 12
4,4300621.0,12,12,3,3,5,7,0,0,1,0,0,0,0,0,13.30752915,52.51174628,1,0.0,12 to 16
5,5400943.0,8,16,4,3,5,2,0,1,1,0,0,0,0,0,13.12617614,52.47854284,2,0.5,16 to 20
2,2500729.0,7,9,2,3,5,2,0,1,1,0,0,0,0,0,13.47326423,52.51378742,2,0.5,08 to 12
7,7400824.0,5,7,5,3,0,5,0,0,0,0,1,0,1,0,13.38549136,52.46896893,2,0.0,04 to 08
7,7400720.0,10,8,2,3,2,6,0,0,1,0,0,0,1,1,13.38552685,52.47067615,2,0.0,08 to 12
1,1100310.0,2,23,5,3,5,2,2,0,1,0,0,0,0,1,13.40918341,52.51675108,1,0.0,20 to 24
3,3601452.0,9,2,5,3,2,6,2,1,1,0,0,0,0,0,13.44400486,52.52960206,2,0.5,00 to 04
1,1401044.0,11,16,4,2,6,7,0,0,0,1,0,0,1,0,13.3688243,52.54914451,2,0.0,16 to 20
2,2100101.0,5,21,3,3,0,1,1,1,0,0,0,0,0,0,13.38775549,52.49838143,1,1.0,20 to 24
10,10400837.0,8,14,3,3,5,2,0,1,1,0,0,0,0,0,13.59091864,52.50508923,2,0.5,12 to 16
1,1200624.0,6,17,5,3,0,2,0,1,1,0,0,0,0,0,13.36315918,52.5356882,2,0.5,16 to 20
7,7501030.0,6,15,6,3,2,6,0,0,1,0,0,0,0,0,13.38559653,52.44704371,1,0.0,12 to 16
12,12400723.0,2,0,5,3,3,6,2,0,1,0,0,0,0,1,13.31596572,52.61236925,1,0.0,00 to 04
4,4200311.0,9,15,3,2,2,6,0,0,1,0,0,0,1,0,13.27559073,52.50086943,2,0.0,12 to 16
6,6400735.0,7,13,5,3,1,7,0,0,1,0,0,0,0,0,13.10538185,52.41379324,1,0.0,12 to 16
2,3601452.0,2,21,5,3,2,6,2,0,1,0,0,0,0,0,13.4472111,52.52661995,1,0.0,20 to 24
4,4200206.0,10,16,4,2,3,6,0,0,1,0,1,0,0,1,13.2277991,52.50683915,2,0.0,16 to 20
1,1100310.0,12,16,4,3,5,3,2,0,1,0,0,0,0,1,13.40905951,52.51710283,1,0.0,16 to 20
6,6400737.0,8,13,5,3,5,3,0,1,1,0,0,0,0,0,13.20228849,52.42306405,2,0.5,12 to 16
10,10400941.0,7,17,2,3,2,6,0,0,1,0,0,0,0,0,13.61613615,52.5047725,1,0.0,16 to 20
7,7400824.0,5,16,6,3,3,2,0,0,1,0,0,1,0,0,13.38549807,52.46955376,2,0.0,16 to 20
3,3100101.0,10,20,2,2,8,1,2,0,1,0,0,1,0,1,13.47933584,52.62741682,2,0.0,20 to 24
1,1100104.0,2,18,5,2,6,4,1,1,0,1,0,0,0,1,13.36425501,52.50142319,2,0.5,16 to 20
7,7100205.0,9,0,7,3,1,5,2,0,1,0,0,0,1,0,13.3613823,52.49628263,2,0.0,00 to 04
8,8200622.0,11,18,5,3,2,6,2,0,1,0,0,1,0,1,13.447289,52.46303633,2,0.0,16 to 20
7,7501030.0,5,19,3,3,1,5,1,1,1,0,0,0,0,0,13.38488859,52.45103668,2,0.5,16 to 20
1,1300836.0,8,18,4,3,2,6,0,0,1,0,0,0,0,1,13.36890551,52.54097067,1,0.0,16 to 20
3,3601347.0,6,10,6,3,3,6,0,1,0,0,0,0,0,0,13.4135442,52.54089689,1,1.0,08 to 12
12,12400723.0,2,18,5,3,5,3,2,1,1,0,0,0,0,1,13.31229371,52.62439779,2,0.5,16 to 20
2,2500835.0,10,14,5,2,0,6,0,0,0,0,1,0,1,0,13.45589692,52.50019765,2,0.0,12 to 16
1,1100311.0,12,14,3,3,6,4,0,1,0,1,0,0,0,0,13.42232046,52.52036244,2,0.5,12 to 16
4,4300414.0,8,14,7,3,5,2,0,0,1,0,1,0,0,0,13.30140368,52.51134398,2,0.0,12 to 16
3,3200205.0,6,19,2,3,5,2,0,1,1,0,0,0,0,0,13.40236519,52.59168399,2,0.5,16 to 20
1,1300836.0,2,19,4,3,5,5,2,0,1,0,0,0,0,1,13.36928595,52.53928847,1,0.0,16 to 20
2,2500727.0,10,4,4,2,5,2,2,0,1,0,0,0,0,1,13.46017461,52.51525052,1,0.0,04 to 08
10,10400940.0,2,18,4,3,2,6,2,0,1,0,0,0,0,1,13.60982932,52.5047955,1,0.0,16 to 20
10,10300733.0,9,19,1,2,2,6,1,0,1,0,1,0,0,0,13.55387092,52.5093259,2,0.0,16 to 20
9,9200613.0,11,8,6,2,5,2,0,1,1,0,0,0,0,0,13.51309752,52.45416576,2,0.5,08 to 12
4,4300414.0,9,11,5,3,6,4,0,0,1,1,0,0,0,0,13.29724952,52.51088051,2,0.0,08 to 12
1,1100310.0,2,16,4,3,5,2,0,1,0,0,0,0,1,0,13.41235264,52.51942544,2,0.5,16 to 20
1,1400940.0,5,18,3,3,5,3,0,0,1,0,0,0,0,0,13.36550176,52.55796995,1,0.0,16 to 20
12,12100205.0,8,15,6,1,5,2,0,1,0,0,0,1,0,0,13.34765472,52.57449384,2,0.5,12 to 16
3,3100101.0,7,6,2,3,8,1,0,0,0,0,0,1,0,0,13.44832687,52.63311366,1,0.0,04 to 08
7,7601442.0,6,0,1,3,0,1,2,1,0,0,0,0,0,0,13.40546943,52.40727677,1,1.0,00 to 04
4,4300415.0,2,16,4,3,2,6,0,0,1,0,0,0,0,0,13.28501971,52.50925364,1,0.0,16 to 20
1,1100102.0,9,9,6,3,5,2,0,0,1,0,0,0,0,1,13.37198973,52.50511131,1,0.0,08 to 12
1,1100102.0,12,10,1,3,5,2,0,1,1,0,0,0,0,0,13.36832972,52.50627802,2,0.5,08 to 12
7,7300619.0,6,13,4,3,2,6,0,0,1,0,1,0,0,0,13.35827839,52.47399227,2,0.0,12 to 16
4,4300621.0,2,7,4,3,2,6,0,0,1,0,0,0,0,1,13.30787154,52.51157466,1,0.0,04 to 08
3,3200204.0,11,7,5,3,0,2,0,1,1,0,0,0,0,0,13.39055023,52.61860501,2,0.5,04 to 08
6,6400735.0,9,14,7,3,5,7,0,0,1,0,0,0,0,0,13.17209557,52.42080292,1,0.0,12 to 16
7,7300619.0,7,17,4,3,2,6,0,0,1,0,1,0,0,0,13.3543864,52.47883999,2,0.0,16 to 20
6,6300527.0,2,12,4,3,2,6,0,0,1,0,0,0,1,1,13.27118073,52.43817344,2,0.0,12 to 16
3,3701657.0,10,0,7,3,5,3,2,1,1,0,0,0,0,1,13.42430956,52.53927339,2,0.5,00 to 04
4,4200310.0,8,10,2,3,2,6,0,0,1,0,0,0,0,0,13.25966486,52.50860316,1,0.0,08 to 12
8,8200622.0,7,20,6,3,2,6,1,0,1,0,0,0,0,0,13.44816963,52.46332805,1,0.0,20 to 24
4,4501151.0,5,22,7,3,2,6,2,0,1,0,0,0,0,0,13.32336922,52.47795429,1,0.0,20 to 24
12,12500927.0,6,11,3,3,3,6,0,0,1,0,0,0,0,0,13.33243377,52.59810479,1,0.0,08 to 12
4,4300622.0,10,13,7,3,0,6,0,0,1,0,1,0,0,1,13.32353073,52.5127927,2,0.0,12 to 16
3,3200205.0,2,9,4,3,6,7,0,0,1,1,0,0,0,1,13.4030984,52.59473358,2,0.0,08 to 12
3,3601142.0,9,11,3,3,6,7,0,0,1,1,0,0,0,0,13.41345914,52.54905215,2,0.0,08 to 12
4,4501151.0,11,17,6,3,2,6,2,0,1,0,0,0,0,1,13.32436911,52.47794863,1,0.0,16 to 20
1,1100207.0,6,4,5,3,2,6,0,0,1,0,1,0,0,0,13.40140814,52.51140568,2,0.0,04 to 08
2,3601452.0,8,12,2,3,2,6,0,0,1,0,0,1,0,0,13.44726724,52.52656673,2,0.0,12 to 16
7,7100205.0,6,17,3,3,2,6,0,1,0,0,0,0,0,0,13.36233507,52.498533,1,1.0,16 to 20
3,3400829.0,2,19,3,2,6,7,2,1,0,1,0,0,0,0,13.42754115,52.56209533,2,0.5,16 to 20
6,6300629.0,10,17,2,3,5,2,0,1,1,0,0,0,0,0,13.30417084,52.44960285,2,0.5,16 to 20
12,12100103.0,12,7,2,3,5,3,0,1,1,0,0,0,0,1,13.36037881,52.57150743,2,0.5,04 to 08
3,3400826.0,8,8,4,2,5,2,0,1,1,0,0,0,0,0,13.41375441,52.55767052,2,0.5,08 to 12
2,2500835.0,7,22,1,3,0,1,2,0,0,0,1,0,0,1,13.44977149,52.50192528,1,0.0,20 to 24
3,3601347.0,5,19,3,3,2,6,0,0,1,0,0,0,0,0,13.41329614,52.54093216,1,0.0,16 to 20
5,5200528.0,10,20,1,2,9,1,2,0,0,0,1,0,0,0,13.16889364,52.50910006,1,0.0,20 to 24
7,7200308.0,2,14,3,3,2,6,0,0,1,0,0,0,0,1,13.35222318,52.48021701,1,0.0,12 to 16
6,6100101.0,9,15,5,3,3,6,0,0,0,0,1,0,0,0,13.31474781,52.45322171,1,0.0,12 to 16
4,4200310.0,11,13,3,3,2,6,0,0,1,0,0,0,0,0,13.26146539,52.50869877,1,0.0,12 to 16
2,2400521.0,5,17,3,3,5,3,0,1,1,0,0,0,0,0,13.43647061,52.51750008,2,0.5,16 to 20
4,4300621.0,8,18,3,3,3,6,0,0,1,0,1,0,0,0,13.30558849,52.51161784,2,0.0,16 to 20
7,7300619.0,6,11,5,2,2,3,0,0,1,0,0,0,1,1,13.35671996,52.4736858,2,0.0,08 to 12
12,12100204.0,5,11,2,3,5,3,0,1,1,0,0,0,0,0,13.36419169,52.56372488,2,0.5,08 to 12
7,7300619.0,2,8,3,3,5,2,0,0,1,0,0,0,0,1,13.35416196,52.4789971,1,0.0,08 to 12
6,6400736.0,9,15,4,3,0,7,0,0,1,0,0,0,0,0,13.19691824,52.41738245,1,0.0,12 to 16
3,3601449.0,12,12,6,3,1,7,0,0,1,0,0,0,0,0,13.43966177,52.54165774,1,0.0,12 to 16
12,12200310.0,8,12,4,2,3,6,0,0,1,0,0,1,0,0,13.30534305,52.57243121,2,0.0,12 to 16
12,12100103.0,6,10,7,3,0,1,0,0,0,0,1,0,0,0,13.36170382,52.56897442,1,0.0,08 to 12
7,7601341.0,10,12,1,3,6,4,0,0,1,1,0,0,0,1,13.35778264,52.40719177,2,0.0,12 to 16
7,7200308.0,2,8,3,2,2,2,0,0,1,0,0,1,0,1,13.33901828,52.47849699,2,0.0,08 to 12
4,4100101.0,11,18,4,3,2,6,2,0,1,0,0,0,0,0,13.29902526,52.54596837,1,0.0,16 to 20
9,9100101.0,9,18,3,3,2,6,0,1,1,0,0,0,0,0,13.46170655,52.49467478,2,0.5,16 to 20
4,4200308.0,8,16,2,3,2,6,0,0,1,0,0,0,1,0,13.28287737,52.51899836,2,0.0,16 to 20
5,5200528.0,2,22,3,2,6,2,2,0,1,1,0,0,0,0,13.1788817,52.51651261,2,0.0,20 to 24
7,7501133.0,10,17,6,2,2,6,0,0,1,0,0,0,0,0,13.39073278,52.43325441,1,0.0,16 to 20
3,3601449.0,8,19,4,3,5,2,0,1,1,0,0,0,0,0,13.43859306,52.54115526,2,0.5,16 to 20
12,12400723.0,7,17,5,2,5,2,0,0,1,0,1,0,0,0,13.31289805,52.62236182,2,0.0,16 to 20
7,7501133.0,6,15,6,3,1,5,0,0,0,0,0,0,1,0,13.39131239,52.43158667,1,0.0,12 to 16
3,3701657.0,2,19,3,3,0,2,1,1,0,0,0,0,0,0,13.4243583,52.5392618,1,1.0,16 to 20
1,1100310.0,9,16,5,3,3,2,0,0,1,0,0,0,1,0,13.41644153,52.52221815,2,0.0,16 to 20
10,10400837.0,12,15,4,3,5,2,0,1,0,0,0,1,0,0,13.58133122,52.50508545,2,0.5,12 to 16
6,6100101.0,6,10,2,3,5,2,0,1,1,0,0,0,0,0,13.3146247,52.4531829,2,0.5,08 to 12
3,3601449.0,5,18,1,3,2,6,0,0,1,0,0,0,0,0,13.44220737,52.54385651,1,0.0,16 to 20
7,7100205.0,2,17,3,3,2,6,1,0,1,0,0,0,0,0,13.3625624,52.49908476,1,0.0,16 to 20
4,4400830.0,10,6,5,3,3,6,0,0,1,0,0,1,0,0,13.30631729,52.48350119,2,0.0,04 to 08
1,1400940.0,12,21,1,3,5,3,2,1,1,0,0,0,0,0,13.36549182,52.55801873,2,0.5,20 to 24
6,6400735.0,8,16,5,2,0,1,0,1,0,0,0,0,0,0,13.09748979,52.41335541,1,1.0,16 to 20
1,1300836.0,6,16,2,3,2,2,0,0,1,0,0,0,0,0,13.36833544,52.54111107,1,0.0,16 to 20
1,1100205.0,2,12,3,3,5,7,0,0,1,0,0,0,0,1,13.38181415,52.50985596,1,0.0,12 to 16
4,4200206.0,10,11,2,3,6,7,0,0,1,1,0,0,0,1,13.22280198,52.50782526,2,0.0,08 to 12
10,10400837.0,2,13,2,3,2,6,0,0,1,0,0,0,1,0,13.58339032,52.50516793,2,0.0,12 to 16
4,4300622.0,11,17,6,2,6,4,2,1,0,1,0,0,0,0,13.31877689,52.51248301,2,0.5,16 to 20
4,4200311.0,9,16,5,3,5,2,0,0,1,0,1,0,0,0,13.28038493,52.51000008,2,0.0,16 to 20
3,3200206.0,2,6,2,3,2,6,2,0,1,0,0,0,1,0,13.39844548,52.57637213,2,0.0,04 to 08
11,11300722.0,8,15,5,3,5,2,0,1,1,0,0,0,0,0,13.48445849,52.51279834,2,0.5,12 to 16
2,2200209.0,7,5,6,3,0,6,1,0,1,0,1,0,0,0,13.38622819,52.4896712,2,0.0,04 to 08
7,7400927.0,6,16,6,3,2,6,0,0,1,0,0,0,0,0,13.39476811,52.46725051,1,0.0,16 to 20
1,1100206.0,2,19,2,2,6,7,2,0,0,1,0,0,1,0,13.39397713,52.51739006,2,0.0,16 to 20
7,7400824.0,9,18,5,2,5,3,0,1,0,0,0,0,1,0,13.38574087,52.46946449,2,0.5,16 to 20
4,4300413.0,12,11,6,3,2,6,0,0,1,0,0,0,0,0,13.28673372,52.51378443,1,0.0,08 to 12
2,2500726.0,6,19,3,3,5,2,0,0,1,0,0,0,1,0,13.44796955,52.52628761,2,0.0,16 to 20
7,7300619.0,2,15,2,2,3,6,0,0,1,0,0,1,0,0,13.3452055,52.47221018,2,0.0,12 to 16
12,12200310.0,9,10,6,3,0,1,0,0,0,0,1,0,0,1,13.30851871,52.5657968,1,0.0,08 to 12
4,4300414.0,7,21,3,3,1,5,2,0,0,0,1,0,1,0,13.29827403,52.51113767,2,0.0,20 to 24
4,4300621.0,2,15,2,3,1,5,0,0,1,0,0,0,0,0,13.31333165,52.51212326,1,0.0,12 to 16
7,7400927.0,10,16,6,3,2,6,0,0,1,0,0,0,0,0,13.38700817,52.46960634,1,0.0,16 to 20
12,12500930.0,12,20,5,2,4,6,2,0,1,0,0,0,0,1,13.34048672,52.58733161,1,0.0,20 to 24
1,1100102.0,8,13,1,2,0,1,0,1,0,0,0,0,0,0,13.36294315,52.51538225,1,1.0,12 to 16
7,7501133.0,7,9,6,3,2,6,0,0,1,0,0,0,1,1,13.3758829,52.42971771,2,0.0,08 to 12
3,3601451.0,6,19,3,3,5,3,0,1,1,0,0,0,0,0,13.43331883,52.53622067,2,0.5,16 to 20
6,6300527.0,10,13,5,2,5,2,0,1,1,0,0,0,0,0,13.26359064,52.43509978,2,0.5,12 to 16
7,7400720.0,2,16,1,3,1,5,0,1,0,0,1,0,0,0,13.38580801,52.48225114,2,0.5,16 to 20
10,10400941.0,9,10,2,3,5,2,0,0,1,0,0,0,0,0,13.62063621,52.50420381,1,0.0,08 to 12
9,9200613.0,11,13,5,3,2,7,0,0,1,0,0,0,1,0,13.50979773,52.45638959,2,0.0,12 to 16
6,6300527.0,6,13,4,3,0,6,0,0,1,0,0,0,1,0,13.2749847,52.43955337,2,0.0,12 to 16
7,7501030.0,8,11,1,3,1,5,0,1,1,0,0,0,0,0,13.38474242,52.45180858,2,0.5,08 to 12
7,7400720.0,6,14,3,3,6,2,0,1,1,1,0,0,0,0,13.38578293,52.48095696,3,0.3333333333333333,12 to 16
1,1100102.0,2,14,1,3,5,3,0,0,1,0,0,0,0,0,13.36858951,52.50620287,1,0.0,12 to 16
4,4400726.0,10,18,2,3,2,6,1,0,1,0,0,0,0,1,13.28543739,52.4947714,1,0.0,16 to 20
4,4400726.0,12,1,7,2,9,1,2,0,1,0,0,0,0,1,13.28823304,52.49421414,1,0.0,00 to 04
1,1100310.0,8,13,3,3,2,2,0,0,1,0,0,0,0,0,13.41952494,52.52511472,1,0.0,12 to 16
3,3200205.0,7,17,5,3,5,3,0,1,0,0,1,0,0,0,13.40283238,52.59332346,2,0.5,16 to 20
4,4100101.0,5,7,2,3,2,6,0,0,1,0,0,0,0,1,13.29252828,52.53505852,1,0.0,04 to 08
1,1400940.0,10,19,6,2,5,3,2,0,1,0,0,0,0,1,13.36525867,52.55807966,1,0.0,16 to 20
4,4400726.0,2,7,1,3,9,1,0,0,1,0,0,0,0,0,13.28315124,52.49699342,1,0.0,04 to 08
10,10400837.0,9,10,4,3,2,6,0,0,1,0,0,0,1,0,13.59137615,52.50508397,2,0.0,08 to 12
4,4300414.0,11,15,2,3,6,4,0,0,1,1,0,0,0,0,13.29748395,52.51089599,2,0.0,12 to 16
3,3601451.0,5,10,3,3,6,4,0,0,0,1,0,0,1,0,13.43707767,52.53984287,2,0.0,08 to 12
4,4200308.0,8,12,2,3,2,6,0,0,1,0,1,0,0,0,13.28197137,52.5209747,2,0.0,12 to 16
1,1100104.0,6,19,4,3,0,2,0,1,1,0,0,0,0,0,13.36498173,52.50226332,2,0.5,16 to 20
1,1300836.0,5,18,1,3,5,3,0,1,1,0,0,0,0,0,13.36965936,52.54158809,2,0.5,16 to 20
1,1100205.0,2,20,7,3,0,5,0,1,1,0,0,0,0,0,13.37717158,52.50954606,2,0.5,20 to 24
4,4300414.0,9,9,4,3,5,7,0,0,1,0,0,1,0,0,13.29735383,52.51088753,2,0.0,08 to 12
3,3200206.0,12,12,5,3,2,6,0,0,1,0,0,0,0,0,13.39863448,52.57996795,1,0.0,12 to 16
11,11401032.0,8,18,4,2,5,3,0,1,1,0,0,0,0,0,13.51872326,52.51036316,2,0.5,16 to 20
2,2400522.0,6,12,6,3,5,3,0,1,1,0,0,0,0,0,13.44997251,52.5161388,2,0.5,12 to 16
1,1100310.0,10,13,7,3,5,2,0,1,1,0,0,0,0,0,13.41639942,52.52228992,2,0.5,12 to 16
2,2500727.0,2,20,6,3,5,2,2,0,1,0,0,0,0,0,13.46011622,52.51511236,1,0.0,20 to 24
4,4300622.0,11,11,4,2,5,2,0,1,1,0,0,0,0,0,13.31990201,52.51255704,2,0.5,08 to 12
10,10400940.0,9,18,2,2,0,1,0,1,0,0,0,0,0,0,13.61271226,52.50477062,1,1.0,16 to 20
7,7501030.0,8,13,1,3,2,6,0,0,1,0,0,0,0,1,13.38628546,52.44341742,1,0.0,12 to 16
1,1100205.0,2,19,6,2,5,7,2,0,1,0,0,0,0,0,13.38170057,52.50984862,1,0.0,16 to 20
7,7400822.0,10,22,5,3,9,1,2,0,1,0,0,0,0,1,13.37051617,52.47089647,1,0.0,20 to 24
4,4200311.0,8,11,4,2,5,3,0,0,1,0,0,0,0,0,13.28190451,52.50993335,1,0.0,08 to 12
4,4300414.0,7,12,4,3,3,6,0,0,1,0,0,0,0,1,13.29055811,52.51047542,1,0.0,12 to 16
3,3601449.0,6,20,5,3,5,2,0,0,1,0,0,0,0,1,13.44486137,52.54546717,1,0.0,20 to 24
8,8100521.0,11,14,4,3,3,6,0,0,1,0,0,1,0,0,13.45350776,52.46382311,2,0.0,12 to 16
4,4100101.0,2,16,6,3,2,6,0,0,1,0,0,0,0,0,13.29676622,52.54245349,1,0.0,16 to 20
7,7400822.0,9,18,5,3,2,6,0,0,1,0,0,0,0,0,13.36644601,52.47233715,1,0.0,16 to 20
10,10100208.0,11,10,2,3,3,6,0,0,1,0,0,1,0,0,13.5540425,52.55757088,2,0.0,08 to 12
1,1100102.0,6,12,2,3,2,3,0,1,1,0,0,0,0,0,13.36840787,52.50641097,2,0.5,12 to 16
3,3601449.0,2,16,6,2,6,7,1,0,1,1,0,0,0,1,13.43995929,52.54191486,2,0.0,16 to 20
3,3200206.0,9,6,5,3,0,1,0,1,0,0,0,1,0,1,13.40314735,52.58360143,2,0.5,04 to 08
9,9100101.0,7,10,6,3,6,2,0,0,1,1,0,0,0,0,13.45796957,52.49181377,2,0.0,08 to 12
4,4200308.0,2,14,6,3,2,6,0,0,1,0,0,0,0,0,13.28193667,52.52081411,1,0.0,12 to 16
4,4300622.0,10,8,5,3,5,2,0,1,1,0,0,0,0,0,13.31618129,52.51211948,2,0.5,08 to 12
3,3701657.0,12,13,3,3,5,2,0,1,1,0,0,0,0,1,13.42432269,52.53902487,2,0.5,12 to 16
12,12100205.0,8,19,6,3,0,6,0,0,0,0,1,0,1,0,13.34815156,52.57435276,2,0.0,16 to 20
7,7200308.0,7,15,3,3,2,6,0,0,1,0,0,0,0,0,13.33947784,52.47860531,1,0.0,12 to 16
1,1100102.0,5,15,1,3,6,4,0,1,0,1,0,0,0,0,13.34303739,52.51395356,2,0.5,12 to 16
8,8100521.0,10,6,4,3,3,6,2,0,1,0,0,1,0,1,13.45446203,52.46324114,2,0.0,04 to 08
4,4200308.0,2,14,6,3,2,6,0,0,1,0,0,1,0,0,13.28225223,52.52078278,2,0.0,12 to 16
2,2500727.0,9,16,1,3,5,2,0,1,1,0,0,0,0,0,13.46027317,52.51524039,2,0.5,16 to 20
1,1100310.0,11,18,2,3,2,6,2,0,1,0,1,0,0,0,13.419527070000001,52.5251167,2,0.0,16 to 20
7,7300619.0,5,7,3,2,3,6,0,0,1,0,1,0,0,0,13.34740269,52.47628688,2,0.0,04 to 08
12,12100103.0,8,11,5,3,1,7,0,1,1,0,0,0,0,0,13.35992957,52.57205816,2,0.5,08 to 12
3,3601347.0,6,16,7,3,3,6,0,1,0,0,0,0,0,1,13.41722309,52.54018067,1,1.0,16 to 20
4,4100101.0,2,9,6,2,2,6,0,0,1,0,0,0,0,0,13.29512297,52.53942345,1,0.0,08 to 12
9,9100306.0,10,15,6,3,2,6,0,0,1,0,0,0,0,0,13.4576957,52.45909175,1,0.0,12 to 16
5,5400943.0,12,12,5,3,5,3,0,1,1,0,0,0,0,0,13.1261759,52.4785428,2,0.5,12 to 16
2,2500729.0,2,7,6,3,6,4,1,0,0,1,0,1,0,0,13.4728939,52.51382477,2,0.0,04 to 08
7,7400824.0,9,21,5,3,0,1,2,1,0,0,0,0,0,0,13.38548922,52.46880637,1,1.0,20 to 24
7,7200410.0,7,20,7,3,2,6,0,0,1,0,0,0,0,0,13.35399388,52.48488257,1,0.0,20 to 24
3,3601451.0,2,8,5,3,0,1,0,1,0,0,0,0,0,0,13.43489589,52.53546384,1,1.0,08 to 12
7,7501029.0,10,16,5,3,3,2,0,0,1,0,0,1,0,1,13.38160688,52.43916249,2,0.0,16 to 20
3,3601142.0,12,13,4,3,0,2,0,1,1,0,0,0,0,1,13.41232236,52.54109545,2,0.5,12 to 16
3,3601348.0,5,10,2,3,2,6,0,0,1,0,0,0,1,1,13.4184211,52.53999366,2,0.0,08 to 12
4,4400727.0,8,22,7,3,3,6,2,0,1,0,1,0,0,0,13.29221212,52.49316809,2,0.0,20 to 24
6,6100102.0,7,9,5,3,2,6,0,0,1,0,0,1,0,0,13.32148119,52.45506508,2,0.0,08 to 12
10,10100206.0,6,17,2,3,8,7,0,0,1,0,0,0,0,0,13.55753381,52.5618343,1,0.0,16 to 20