bez,lor_ab_2021,umonat,ustunde,uwochentag,ukategorie,uart,utyp1,ulichtverh,istrad,istpkw,istfuss,istkrad,istgkfz,istsonstige,ustrzustand,xgcswgs84,ygcswgs84,all_acc,perc_bike_acc,rushhours
6,6300527.0,10,12,4,3,5,3,0,0,1,0,1,0,0,0,13.26937764,52.43761016,2,0.0,12 to 16
7,7501029.0,2,22,5,3,3,6,2,0,1,0,0,0,0,1,13.38039414,52.43784621,1,0.0,20 to 24
11,11300722.0,9,17,2,3,2,6,0,0,1,0,1,0,0,0,13.48401487,52.51271117,2,0.0,16 to 20
3,3701657.0,11,17,3,3,3,6,2,1,0,0,0,0,0,1,13.42439072,52.53900163,1,1.0,16 to 20
12,12200414.0,5,17,2,3,2,6,0,0,1,0,0,0,0,0,13.31049381,52.56355473,1,0.0,16 to 20
7,7501133.0,8,20,7,3,5,2,2,0,1,0,0,0,1,0,13.37955371,52.43670039,2,0.0,20 to 24
12,12100103.0,6,12,1,3,5,2,0,0,1,0,0,0,0,0,13.35902459,52.57339236,1,0.0,12 to 16
11,11401032.0,2,19,5,3,2,6,2,0,1,0,0,0,0,1,13.5049352,52.51074229,1,0.0,16 to 20
1,1100104.0,10,7,7,3,0,7,1,0,0,0,0,0,1,0,13.36632474,52.50380729,1,0.0,04 to 08
3,3200309.0,12,12,6,3,2,6,0,0,1,0,0,0,0,0,13.44741844,52.60143269,1,0.0,12 to 16
1,1100102.0,8,16,3,3,5,3,0,1,0,0,0,0,0,0,13.34458936,52.51406019,1,1.0,16 to 20
3,3601142.0,7,15,5,3,6,4,0,0,1,1,0,0,0,0,13.41197156,52.54110932,2,0.0,12 to 16
9,9100409.0,2,14,5,3,2,7,0,0,1,0,0,0,1,0,13.51638888,52.42800047,2,0.0,12 to 16
3,3200205.0,10,14,6,3,5,3,0,1,1,0,0,0,0,0,13.40278466,52.59314822,2,0.5,12 to 16
6,6400737.0,2,7,5,3,1,5,0,0,1,0,0,0,0,0,13.20912641,52.4260382,1,0.0,04 to 08
7,7400824.0,9,15,4,3,0,1,0,1,1,0,0,0,0,0,13.3855101,52.46538389,2,0.5,12 to 16
3,3200205.0,11,8,2,3,5,2,0,1,1,0,0,0,0,1,13.40309391,52.5948532,2,0.5,08 to 12
11,11401032.0,9,16,1,3,1,5,0,1,1,0,0,0,0,0,13.50879675,52.51038263,2,0.5,16 to 20
2,2100101.0,5,14,2,3,2,6,0,0,1,0,0,0,0,1,13.37707022,52.50176714,1,0.0,12 to 16
3,3400620.0,8,19,1,2,2,6,0,0,1,0,0,0,0,0,13.39890275,52.57317443,1,0.0,16 to 20
4,4200207.0,6,8,3,3,2,6,0,0,1,0,0,0,1,0,13.261579,52.48984819,2,0.0,08 to 12
11,11300724.0,2,15,5,3,0,7,0,1,0,0,0,0,0,1,13.48756356,52.51248573,1,1.0,12 to 16
3,3200204.0,9,14,2,2,5,2,0,0,1,0,0,0,0,0,13.39044086,52.61859411,1,0.0,12 to 16
4,7300619.0,12,14,4,3,2,6,0,0,1,0,0,0,0,1,13.34634389,52.47720106,1,0.0,12 to 16
3,3601451.0,8,9,3,3,3,6,0,1,1,0,0,0,0,0,13.43574984,52.53505218,2,0.5,08 to 12
1,1100311.0,6,12,5,3,5,3,0,1,1,0,0,0,0,0,13.42280846,52.5202115,2,0.5,12 to 16
7,7200410.0,2,18,4,3,3,6,1,1,1,0,0,0,0,0,13.35246206,52.48440131,2,0.5,16 to 20
11,11300725.0,11,18,2,3,1,5,2,1,1,0,0,0,0,0,13.49452447,52.51178859,2,0.5,16 to 20
3,3200206.0,9,5,2,3,5,3,1,0,1,0,1,0,0,0,13.39869935,52.57571287,2,0.0,04 to 08
10,10300733.0,8,14,7,3,5,3,0,1,1,0,0,0,0,0,13.56122514,52.50875978,2,0.5,12 to 16
6,6300527.0,2,10,4,3,2,6,0,0,1,0,0,1,0,0,13.27223243,52.43850481,2,0.0,08 to 12
7,7300517.0,10,5,5,3,0,1,2,0,0,0,0,0,1,1,13.3426561,52.47855126,1,0.0,04 to 08
7,7400822.0,8,19,3,2,2,6,0,0,1,0,1,0,0,0,13.36523,52.47290986,2,0.0,16 to 20
2,2400625.0,7,22,3,3,5,3,2,0,1,0,0,0,1,0,13.44876019,52.50529032,2,0.0,20 to 24
3,3601142.0,6,16,5,3,3,6,0,1,1,0,0,0,0,1,13.4130756,52.54585249,2,0.5,16 to 20
7,7501133.0,11,12,3,3,5,3,0,0,1,0,0,0,0,0,13.38755712,52.43898893,1,0.0,12 to 16
7,7501133.0,2,13,4,3,3,6,0,1,1,0,0,0,0,0,13.38670061,52.43884424,2,0.5,12 to 16
4,4300414.0,9,18,4,3,2,6,1,0,1,0,0,0,0,0,13.3011661,52.51132837,1,0.0,16 to 20
4,4300621.0,11,19,2,3,2,6,2,0,1,0,0,0,1,0,13.31441454,52.51200239,2,0.0,16 to 20
7,7400720.0,6,11,7,3,5,2,0,1,1,0,0,0,0,0,13.38605339,52.48318785,2,0.5,08 to 12
1,1300836.0,2,20,4,3,2,6,2,0,1,0,0,0,0,0,13.37004464,52.53971161,1,0.0,20 to 24
12,12400619.0,9,9,4,3,2,6,0,0,1,0,0,0,0,0,13.27801696,52.60202508,1,0.0,08 to 12
11,11300724.0,7,7,5,3,0,2,0,1,1,0,0,0,0,0,13.48829022,52.51241123,2,0.5,04 to 08
10,10400940.0,2,12,3,3,5,2,0,0,1,0,1,0,0,0,13.61343583,52.50476436,2,0.0,12 to 16
1,1100310.0,10,19,4,3,5,3,2,1,1,0,0,0,0,1,13.41983904,52.52486441,2,0.5,16 to 20
7,7200308.0,12,3,6,3,8,1,2,0,1,0,0,0,0,1,13.34278656,52.47864327,1,0.0,00 to 04
9,9100101.0,8,17,5,2,5,2,0,1,1,0,0,0,0,0,13.45798247,52.49182236,2,0.5,16 to 20
4,4200206.0,7,17,3,3,2,6,0,0,1,0,0,0,0,0,13.2428317,52.50756294,1,0.0,16 to 20
12,12100103.0,5,11,6,3,5,2,0,1,0,0,0,1,0,0,13.35903268,52.57339024,2,0.5,08 to 12
7,7300619.0,10,8,3,3,5,2,0,1,1,0,0,0,0,0,13.35323275,52.47970452,2,0.5,08 to 12
10,10300734.0,2,7,2,3,2,6,1,0,1,0,0,0,0,1,13.5707863,52.50592124,1,0.0,04 to 08
2,2400625.0,9,18,1,2,6,4,0,1,0,1,0,0,0,0,13.44857956,52.50499623,2,0.5,16 to 20
5,5400943.0,11,13,1,3,5,3,0,1,1,0,0,0,0,0,13.12629546,52.47857601,2,0.5,12 to 16
9,9200613.0,5,15,2,3,2,6,0,0,1,0,0,1,0,0,13.50926568,52.45696739,2,0.0,12 to 16
12,12400723.0,8,15,5,3,2,6,0,0,1,0,0,0,0,0,13.31194665,52.62555429,1,0.0,12 to 16
1,1200624.0,6,14,6,3,2,6,0,0,1,0,0,0,0,0,13.368834,52.52870104,1,0.0,12 to 16
3,3100101.0,2,5,2,3,3,6,2,0,1,0,0,1,0,1,13.44399519,52.6150543,2,0.0,04 to 08
11,11300722.0,10,13,6,3,5,3,0,1,1,0,0,0,0,0,13.48227743,52.51288481,2,0.5,12 to 16
7,7300619.0,12,16,3,3,2,6,2,0,0,0,1,0,1,0,13.35915914,52.4742735,2,0.0,16 to 20
12,12400618.0,8,18,1,3,2,6,0,0,0,0,1,0,0,0,13.2481459,52.61342643,1,0.0,16 to 20
6,6300629.0,6,6,2,3,0,6,0,1,1,0,0,0,0,0,13.30430178,52.44946795,2,0.5,04 to 08
2,2500727.0,2,23,1,3,5,3,2,0,1,0,0,0,0,1,13.45420571,52.51563161,1,0.0,20 to 24
12,12100205.0,10,9,4,3,5,3,0,0,1,0,0,0,0,1,13.34694668,52.57894283,1,0.0,08 to 12
3,3701657.0,2,1,1,2,0,1,2,1,0,0,0,0,0,0,13.42455414,52.53953153,1,1.0,00 to 04
6,6400737.0,9,11,2,3,0,6,0,0,1,0,0,0,0,0,13.19143185,52.42628202,1,0.0,08 to 12
4,4300414.0,11,16,7,3,6,2,1,0,1,1,0,0,0,0,13.28934954,52.51039883,2,0.0,16 to 20
7,7400823.0,9,11,6,3,2,6,0,0,1,0,0,0,1,0,13.37106762,52.47079205,2,0.0,08 to 12
7,7200411.0,2,18,1,3,0,5,2,1,1,0,0,0,0,1,13.35932457,52.48924008,2,0.5,16 to 20
7,7100205.0,5,11,2,3,1,5,0,1,1,0,0,0,0,1,13.36143759,52.49641317,2,0.5,08 to 12
12,12100103.0,8,18,6,3,0,1,1,1,0,0,0,0,0,0,13.36066207,52.57060846,1,1.0,16 to 20
1,1100310.0,7,13,3,3,5,3,0,1,0,0,0,0,1,0,13.41983427,52.52486033,2,0.5,12 to 16
3,3601142.0,6,18,2,2,1,1,0,1,1,0,0,0,0,0,13.41217277,52.54366036,2,0.5,16 to 20
9,9200613.0,2,13,7,3,0,7,0,1,0,0,0,0,0,0,13.50878282,52.45730714,1,1.0,12 to 16
1,1100310.0,9,20,6,3,1,5,2,1,1,0,0,0,0,0,13.41729891,52.52308934,2,0.5,20 to 24
12,12100103.0,12,15,2,3,3,6,0,0,1,0,0,0,0,1,13.35925051,52.57313223,1,0.0,12 to 16
7,7200411.0,6,15,4,3,6,7,0,0,1,1,0,0,0,0,13.35789346,52.48796158,2,0.0,12 to 16
2,2500727.0,2,20,7,3,2,6,2,0,1,0,0,0,0,0,13.45267735,52.51821241,1,0.0,20 to 24
3,3400830.0,11,11,6,3,5,2,0,1,0,0,0,0,1,0,13.42879465,52.57157148,2,0.5,08 to 12
2,2500726.0,9,10,7,3,2,6,0,0,1,0,0,0,0,1,13.44757965,52.52620013,1,0.0,08 to 12
2,2500833.0,7,18,5,3,3,6,0,1,1,0,0,0,0,0,13.45302435,52.51293679,2,0.5,16 to 20
7,7400928.0,8,9,2,3,2,6,0,0,1,0,0,0,0,0,13.41239863,52.46102878,1,0.0,08 to 12
1,1400940.0,7,7,4,2,5,3,0,1,1,0,0,0,0,0,13.36525638,52.55809156,2,0.5,04 to 08
4,4300414.0,2,19,7,3,2,6,2,0,1,0,0,0,0,0,13.28587058,52.51059234,1,0.0,16 to 20
7,7300619.0,10,16,5,3,5,2,0,0,1,0,1,0,0,0,13.35389289,52.47899009,2,0.0,16 to 20
7,7501135.0,2,18,7,3,0,5,2,0,1,0,0,0,1,0,13.39867129,52.41860914,2,0.0,16 to 20
7,7501133.0,9,16,3,3,6,2,0,0,1,1,0,0,0,0,13.39118822,52.43180095,2,0.0,16 to 20
10,10300733.0,11,15,1,2,9,1,0,0,1,0,0,0,0,0,13.55059309,52.5094393,1,0.0,12 to 16
7,7200308.0,9,17,6,3,6,4,0,0,1,1,0,0,0,0,13.34924531,52.48149809,2,0.0,16 to 20
2,2100101.0,5,14,1,3,2,6,0,0,1,0,0,0,0,0,13.38914318,52.49800092,1,0.0,12 to 16
10,10400837.0,8,18,7,2,6,3,0,0,1,1,0,0,0,0,13.58874484,52.50499313,2,0.0,16 to 20
1,1100310.0,6,16,3,3,2,2,0,0,1,0,1,0,0,0,13.40891472,52.51697369,2,0.0,16 to 20
4,4200311.0,2,15,7,3,2,6,0,0,1,0,0,0,0,0,13.27299315,52.49905066,1,0.0,12 to 16
4,4200206.0,9,16,1,3,5,2,0,1,1,0,0,0,0,0,13.25830901,52.50852274,2,0.5,16 to 20
4,4200310.0,12,7,2,3,3,6,0,1,1,0,0,0,0,0,13.26344604,52.50882222,2,0.5,04 to 08
12,12100205.0,6,10,4,3,2,7,0,0,1,0,1,0,0,0,13.34579782,52.58043092,2,0.0,08 to 12
12,12500926.0,2,14,7,3,6,4,0,0,1,1,0,0,0,0,13.33446914,52.5932316,2,0.0,12 to 16
3,3200309.0,11,9,2,2,2,6,0,0,1,0,0,0,1,0,13.44921473,52.60670939,2,0.0,08 to 12
10,10100311.0,9,21,1,3,0,1,1,1,0,0,0,0,0,0,13.54427708,52.51087742,1,1.0,20 to 24
1,1100207.0,7,18,6,3,2,6,0,0,1,0,1,0,0,0,13.40142133,52.51140887,2,0.0,16 to 20
1,1100310.0,2,19,6,3,5,3,2,1,0,0,0,0,1,0,13.40796419,52.51573643,2,0.5,16 to 20
1,1300836.0,10,7,4,3,6,2,0,0,1,1,0,0,0,1,13.36991946,52.54182973,2,0.0,04 to 08
2,2400625.0,8,10,3,2,0,1,0,1,0,0,0,0,0,1,13.4485841,52.50500361,1,1.0,08 to 12
6,6400735.0,7,11,1,3,8,1,0,1,0,0,0,0,0,0,13.17019237,52.42084693,1,1.0,08 to 12
4,4200311.0,6,17,4,3,2,6,0,0,1,0,0,0,0,0,13.28164418,52.5100818,1,0.0,16 to 20
3,3601451.0,11,11,2,3,2,2,0,0,1,0,0,0,0,0,13.43304013,52.53605411,1,0.0,08 to 12
4,4100101.0,2,21,6,3,2,6,2,0,1,0,0,0,0,0,13.29533442,52.54016785,1,0.0,20 to 24
1,1100102.0,9,11,4,3,2,6,0,0,1,0,0,0,0,0,13.37416596,52.50922127,1,0.0,08 to 12
2,2400522.0,11,1,7,2,0,1,2,1,0,0,0,0,0,0,13.45151696,52.51598277,1,1.0,00 to 04
3,3601245.0,6,6,6,3,0,5,0,1,1,0,0,0,0,0,13.4293563,52.54964748,2,0.5,04 to 08
2,2400625.0,2,15,6,3,0,2,0,1,1,0,0,0,0,0,13.44813226,52.5043444,2,0.5,12 to 16
2,2500728.0,9,7,3,3,5,3,0,1,1,0,0,0,0,0,13.46746353,52.51436538,2,0.5,04 to 08
3,3500936.0,7,9,5,3,2,6,0,0,1,0,0,0,0,0,13.46024313,52.55039741,1,0.0,08 to 12
4,4200311.0,2,20,5,2,6,4,2,0,0,1,0,0,1,0,13.28180793,52.50992685,2,0.0,20 to 24
1,1100310.0,10,15,4,2,2,2,0,0,1,0,0,1,0,1,13.41952827,52.52511783,2,0.0,12 to 16
4,4200311.0,12,19,4,3,3,6,2,0,1,0,0,0,0,1,13.27505042,52.5004409,1,0.0,16 to 20
7,7200410.0,8,18,4,3,0,5,0,1,1,0,0,0,0,0,13.35505574,52.48562113,2,0.5,16 to 20
9,9200613.0,7,11,2,3,5,3,0,1,0,0,0,0,1,0,13.49755082,52.4647395,2,0.5,08 to 12
3,3500933.0,5,16,5,3,0,6,0,0,1,0,1,0,0,0,13.46773464,52.55463327,2,0.0,16 to 20
10,10100206.0,10,9,2,3,5,3,0,0,1,0,0,0,0,1,13.55828112,52.562885,1,0.0,08 to 12
7,7400825.0,2,19,5,3,6,4,2,0,0,1,1,0,0,0,13.38442991,52.4534924,2,0.0,16 to 20
9,9100305.0,9,13,6,3,5,3,0,1,1,0,0,0,0,0,13.493188,52.46775987,2,0.5,12 to 16
1,1100102.0,11,18,4,3,6,4,2,1,0,1,0,0,0,0,13.35272196,52.51472948,2,0.5,16 to 20
10,10300733.0,5,15,7,3,0,1,0,0,0,0,1,0,0,1,13.55331664,52.509347,1,0.0,12 to 16
9,9100101.0,8,16,4,3,2,6,0,0,1,0,0,0,0,1,13.45785199,52.49195694,1,0.0,16 to 20
11,11300724.0,6,7,6,3,3,6,0,0,1,0,0,1,0,0,13.48758066,52.51248397,2,0.0,04 to 08
4,4200207.0,2,18,5,3,2,6,2,0,1,0,0,0,0,0,13.26164615,52.48990138,1,0.0,16 to 20
11,11300722.0,10,8,5,3,5,3,0,1,1,0,0,0,0,0,13.48227743,52.51288481,2,0.5,08 to 12
1,1300836.0,12,14,3,3,3,6,0,0,1,0,0,0,0,0,13.36788782,52.53848155,1,0.0,12 to 16
7,7300619.0,8,9,6,3,9,1,0,0,0,0,1,0,0,0,13.35468149,52.47690575,1,0.0,08 to 12
6,6400737.0,6,16,2,2,1,1,0,0,1,0,0,0,0,0,13.18241851,52.41880914,1,0.0,16 to 20
2,2500726.0,2,11,5,3,1,5,0,1,1,0,0,0,0,0,13.45203937,52.51966034,2,0.5,08 to 12
2,2500834.0,10,18,2,3,6,7,1,1,0,1,0,0,0,0,13.45095321,52.50934877,2,0.5,16 to 20
2,2100101.0,2,14,4,3,5,3,0,0,1,0,0,1,0,0,13.3769363,52.50191683,2,0.0,12 to 16
7,7501133.0,11,4,6,3,0,6,2,0,1,0,1,0,0,0,13.39040167,52.43383378,2,0.0,04 to 08
3,3200206.0,9,2,5,3,6,2,2,0,1,1,0,0,0,1,13.39852053,52.57991599,2,0.0,00 to 04
4,4300622.0,2,15,4,3,2,6,0,1,0,0,0,0,0,0,13.32694291,52.51301699,1,1.0,12 to 16
3,3200205.0,5,15,6,3,5,3,0,1,1,0,0,0,0,0,13.40294667,52.59817338,2,0.5,12 to 16
2,2100101.0,8,18,5,3,1,5,0,1,1,0,0,0,0,0,13.38786655,52.49835415,2,0.5,16 to 20
1,1300836.0,7,18,1,3,2,6,0,0,1,0,1,0,0,0,13.36833544,52.54111107,2,0.0,16 to 20
1,1300836.0,6,17,1,3,5,3,0,0,1,0,0,1,0,0,13.36615343,52.5374926,2,0.0,16 to 20
3,3501037.0,2,4,4,3,4,7,2,0,1,0,0,0,0,1,13.46891256,52.56276292,1,0.0,04 to 08
3,3601348.0,9,11,5,3,6,2,0,0,1,1,0,0,0,0,13.42152674,52.53950613,2,0.0,08 to 12
12,12200414.0,12,6,7,3,0,1,2,0,0,0,0,0,1,0,13.31003616,52.56458158,1,0.0,04 to 08
7,7100206.0,6,20,3,3,1,5,0,1,1,0,0,0,0,0,13.36084245,52.49183387,2,0.5,20 to 24
8,8200624.0,2,19,4,3,3,6,2,0,1,0,0,1,0,0,13.42668443,52.46137219,2,0.0,16 to 20
2,2500727.0,9,15,6,3,0,6,0,1,0,0,0,0,0,0,13.45667011,52.51546062,1,1.0,12 to 16
2,2500727.0,7,14,3,3,5,2,0,0,1,0,0,0,0,0,13.46014731,52.51525337,1,0.0,12 to 16
11,11300724.0,2,20,4,2,5,2,2,1,1,0,0,0,0,0,13.48824719,52.5124155,2,0.5,20 to 24
1,1300836.0,10,13,6,3,5,3,0,1,0,0,0,0,1,0,13.36967484,52.5415956,2,0.5,12 to 16
7,7501133.0,8,8,2,3,2,6,0,0,1,0,0,0,0,0,13.38767599,52.43944381,1,0.0,08 to 12
4,4100101.0,7,14,6,3,2,6,0,0,1,0,0,0,0,1,13.29245869,52.53495834,1,0.0,12 to 16
4,4200310.0,6,10,3,3,4,6,0,1,0,0,0,0,0,0,13.27142735,52.50917041,1,1.0,08 to 12
12,12500928.0,10,9,6,3,5,3,0,0,1,0,0,0,0,1,13.31883393,52.610846,1,0.0,08 to 12
2,2400522.0,2,17,4,3,2,6,1,0,1,0,0,1,0,0,13.44478303,52.51666293,2,0.0,16 to 20
3,3200206.0,9,18,3,3,0,1,0,1,1,0,0,0,0,0,13.39843115,52.57985536,2,0.5,16 to 20
1,1401044.0,11,19,5,3,2,6,2,1,0,0,0,0,1,1,13.36772568,52.55077303,2,0.5,16 to 20
6,6300629.0,6,16,4,3,1,1,0,1,1,0,0,0,0,0,13.29429524,52.44606325,2,0.5,16 to 20
5,5200528.0,8,17,1,3,5,2,1,1,1,0,0,0,0,1,13.17909154,52.51664897,2,0.5,16 to 20
11,11300722.0,6,16,3,3,5,3,0,1,1,0,0,0,0,0,13.48423823,52.51282038,2,0.5,16 to 20
2,2200208.0,2,10,4,3,2,2,0,1,0,0,0,1,0,0,13.38926875,52.49747068,2,0.5,08 to 12
9,9100202.0,10,14,2,3,5,3,0,1,0,0,1,0,0,0,13.46853296,52.48434978,2,0.5,12 to 16
4,4200311.0,12,14,7,3,2,6,0,0,1,0,0,0,1,0,13.28427643,52.50951783,2,0.0,12 to 16
12,12100204.0,8,19,3,3,0,4,0,1,0,1,0,0,0,0,13.36381256,52.56460785,2,0.5,16 to 20
4,4400726.0,7,13,6,3,2,6,0,0,1,0,0,0,0,0,13.28429004,52.49590485,1,0.0,12 to 16
7,7400720.0,5,11,3,3,5,2,0,1,1,0,0,0,0,0,13.38605918,52.48480511,2,0.5,08 to 12
1,1200624.0,2,6,4,3,0,7,2,1,0,0,0,0,0,1,13.36946465,52.52907314,1,1.0,04 to 08
7,7501133.0,10,11,1,3,5,3,0,0,1,0,0,0,0,1,13.38759316,52.43899502,1,0.0,08 to 12
3,3200206.0,8,7,2,3,0,1,0,1,0,0,0,0,0,0,13.40368418,52.58255218,1,1.0,04 to 08
8,8200622.0,7,16,7,3,2,6,0,0,1,0,0,0,0,0,13.43790518,52.46250632,1,0.0,16 to 20
6,6400737.0,6,18,3,3,2,6,0,0,1,0,1,0,0,0,13.19604624,52.42215891,2,0.0,16 to 20
2,2400521.0,11,12,1,3,2,6,0,0,1,0,0,0,0,0,13.42943589,52.51847103,1,0.0,12 to 16
7,7501030.0,2,6,4,3,0,1,1,0,0,0,1,0,0,1,13.38435378,52.45276928,1,0.0,04 to 08
4,4300621.0,9,14,3,3,0,6,0,0,1,0,1,0,0,0,13.30621689,52.51165966,2,0.0,12 to 16
2,2100101.0,11,21,6,3,5,3,2,0,1,0,0,0,0,0,13.388749,52.49813736,1,0.0,20 to 24
1,1100104.0,6,15,5,3,2,6,0,0,1,0,0,0,0,0,13.3645086,52.50171635,1,0.0,12 to 16
7,7400824.0,2,5,4,3,2,6,2,0,1,0,0,0,0,1,13.38224141,52.47007673,1,0.0,04 to 08
7,7100206.0,8,15,2,3,2,6,0,0,1,0,0,0,0,0,13.36097866,52.49335356,1,0.0,12 to 16
6,6300629.0,7,11,4,2,5,5,0,1,0,0,0,0,1,0,13.30400231,52.44955517,2,0.5,08 to 12
6,6400737.0,6,22,3,3,3,6,1,0,1,0,0,0,0,0,13.19226276,52.4329318,1,0.0,20 to 24
7,7400721.0,2,15,3,3,2,6,0,0,1,0,0,0,1,1,13.3858099,52.47246588,2,0.0,12 to 16
4,4400727.0,10,14,3,3,2,6,0,0,1,0,0,0,0,0,13.30000828,52.48808647,1,0.0,12 to 16
6,6300527.0,12,18,3,3,1,5,2,0,1,0,0,0,0,1,13.27685566,52.43994683,1,0.0,16 to 20
1,1100207.0,8,6,4,3,2,6,0,0,1,0,0,0,1,0,13.40139794,52.51140321,2,0.0,04 to 08
3,3601142.0,7,14,1,3,4,6,0,1,0,0,0,0,0,0,13.41251001,52.54502205,1,1.0,12 to 16
1,1100310.0,5,13,5,3,2,6,0,0,1,0,1,0,0,0,13.41266773,52.51933802,2,0.0,12 to 16
9,9100101.0,10,7,2,3,0,5,0,1,0,0,0,0,1,1,13.46081296,52.49418352,2,0.5,04 to 08
4,4200310.0,2,18,3,2,6,4,2,0,1,1,0,0,0,1,13.27616893,52.50955655,2,0.0,16 to 20
10,10300733.0,9,18,5,3,5,2,0,1,1,0,0,0,0,0,13.5533902,52.50934552,2,0.5,16 to 20
7,7400822.0,11,16,3,3,0,1,1,0,0,0,1,0,0,1,13.36750114,52.472037,1,0.0,16 to 20
3,3400721.0,4,13,5,2,6,7,0,1,0,1,0,0,0,0,13.40002472,52.56997128,2,0.5,12 to 16
10,10100208.0,8,22,3,2,6,4,2,0,1,1,0,0,0,0,13.54946988,52.5519756,2,0.0,20 to 24
4,4300414.0,6,17,5,3,2,3,0,0,1,0,0,0,0,1,13.29720346,52.5108774,1,0.0,16 to 20
3,3601449.0,5,17,1,3,5,2,0,1,1,0,0,0,0,0,13.44507229,52.54556428,2,0.5,16 to 20
11,11100101.0,2,7,2,3,2,6,1,0,1,0,0,0,0,1,13.48289495,52.57379026,1,0.0,04 to 08
8,8200624.0,9,23,4,3,3,6,2,0,1,0,0,1,0,0,13.43264554,52.46211993,2,0.0,20 to 24
7,7200411.0,12,13,7,3,1,5,0,1,1,0,0,0,0,0,13.35986149,52.48983082,2,0.5,12 to 16
4,4300621.0,8,16,5,3,2,6,0,0,1,0,1,0,0,0,13.30424582,52.51152749,2,0.0,16 to 20
4,4400726.0,6,15,1,3,2,6,0,0,1,0,0,0,0,1,13.28551337,52.49486857,1,0.0,12 to 16
7,7601544.0,10,16,2,3,0,7,0,1,0,0,0,0,0,0,13.40663759,52.39130405,1,1.0,16 to 20
12,12100205.0,2,11,2,3,2,7,0,0,1,0,0,0,0,1,13.3476382,52.5743209,1,0.0,08 to 12
1,1100102.0,11,11,5,3,2,6,0,0,1,0,0,0,1,0,13.34707758,52.51422892,2,0.0,08 to 12
1,1100205.0,9,9,4,3,3,6,0,0,1,0,1,0,0,0,13.38654639,52.51015433,2,0.0,08 to 12
1,1400940.0,2,23,2,3,5,3,2,0,1,0,0,0,0,1,13.36550127,52.55797233,1,0.0,20 to 24
4,4100101.0,10,10,7,3,3,6,0,0,1,0,0,1,0,1,13.28423437,52.53058111,2,0.0,08 to 12
12,12100103.0,8,14,5,3,2,6,0,0,1,0,0,0,1,0,13.35994235,52.57203425,2,0.0,12 to 16
1,2400520.0,7,14,5,3,2,6,0,0,1,0,0,0,0,0,13.42001319,52.52554777,1,0.0,12 to 16
7,7501029.0,5,12,7,3,0,7,0,1,0,0,0,0,0,0,13.3817454,52.43925011,1,1.0,12 to 16
10,10100208.0,6,13,6,3,5,3,0,1,1,0,0,0,0,1,13.54963639,52.55216867,2,0.5,12 to 16
7,7400927.0,2,21,2,3,0,6,2,0,1,0,0,0,0,1,13.40721454,52.46176665,1,0.0,20 to 24
7,7501133.0,9,16,5,2,2,6,0,0,1,0,0,0,0,0,13.38761144,52.4389981,1,0.0,16 to 20
1,1100102.0,12,8,5,3,2,6,0,0,1,0,0,0,0,0,13.36840787,52.50641097,1,0.0,08 to 12
7,7601341.0,6,15,3,2,5,3,0,1,1,0,0,0,0,0,13.35776132,52.40716506,2,0.5,12 to 16
7,7300619.0,2,18,2,2,0,6,2,0,1,0,1,0,0,1,13.34813448,52.47230172,2,0.0,16 to 20
3,3601141.0,9,8,6,3,5,2,0,1,1,0,0,0,0,1,13.41410164,52.55072601,2,0.5,08 to 12
10,10300733.0,7,19,2,3,0,1,0,0,0,0,1,0,0,1,13.56268656,52.50822393,1,0.0,16 to 20
2,2500727.0,2,17,2,3,5,2,2,0,1,0,0,0,0,1,13.45377907,52.51574004,1,0.0,16 to 20
12,12100103.0,10,19,6,3,5,3,2,0,1,0,1,0,0,1,13.35905267,52.573385,2,0.0,16 to 20
12,12100103.0,12,13,4,3,5,3,0,0,1,0,0,0,0,0,13.35904242,52.57338769,1,0.0,12 to 16
1,1300836.0,8,21,1,2,0,1,2,1,0,0,0,0,0,0,13.36921452,52.54152896,1,1.0,20 to 24
7,7200308.0,7,18,5,3,5,2,0,1,1,0,0,0,0,1,13.34856514,52.48186368,2,0.5,16 to 20
4,4200206.0,5,17,6,2,6,2,0,0,1,1,0,0,0,0,13.22820963,52.50677964,2,0.0,16 to 20
4,4200310.0,6,14,2,2,0,7,0,1,0,0,0,0,0,0,13.267435,52.50906769,1,1.0,12 to 16
6,6400737.0,10,21,4,3,3,6,2,0,0,0,1,0,1,0,13.20960309,52.42597656,2,0.0,20 to 24
12,12400723.0,2,17,2,3,2,6,2,0,1,0,0,0,0,1,13.31127018,52.62778346,1,0.0,16 to 20
12,12500930.0,9,16,2,3,5,7,0,0,1,0,1,0,0,0,13.34123226,52.58638094,2,0.0,16 to 20
4,4300621.0,11,13,4,3,5,3,0,0,1,0,0,0,1,0,13.31463051,52.51201656,2,0.0,12 to 16
6,6400737.0,6,10,4,3,2,6,0,0,1,0,0,0,0,0,13.2223862,52.42931254,1,0.0,08 to 12