bez,lor_ab_2021,umonat,ustunde,uwochentag,ukategorie,uart,utyp1,ulichtverh,istrad,istpkw,istfuss,istkrad,istgkfz,istsonstige,ustrzustand,xgcswgs84,ygcswgs84,all_acc,perc_bike_acc,rushhours
9,9200613.0,8,13,7,3,3,5,0,0,1,0,0,0,0,0,13.49810449,52.46450716,1,0.0,12 to 16
9,9200613.0,6,10,3,3,5,2,0,1,1,0,0,0,0,0,13.50723581,52.45838978,2,0.5,08 to 12
4,4200308.0,2,13,2,3,2,6,0,0,1,0,0,0,0,1,13.28266584,52.52853181,1,0.0,12 to 16
4,4200310.0,10,15,1,3,1,5,0,1,1,0,0,0,0,0,13.26772955,52.50908573,2,0.5,12 to 16
1,1100310.0,12,9,6,3,0,6,0,1,1,0,0,0,0,0,13.41244741,52.51946862,2,0.5,08 to 12
12,12100204.0,8,10,3,3,6,7,0,1,0,1,0,0,0,0,13.36283135,52.56685707,2,0.5,08 to 12
7,7400824.0,7,16,5,3,2,6,0,0,1,0,0,0,0,0,13.37849781,52.46995021,1,0.0,16 to 20
7,7200308.0,10,19,6,3,2,2,2,1,1,0,0,0,0,1,13.3499811,52.48118862,2,0.5,16 to 20
4,4300622.0,2,12,2,3,2,6,0,0,1,0,0,0,0,1,13.32346507,52.51278839,1,0.0,12 to 16
4,4200311.0,9,7,4,3,2,6,0,0,1,0,0,0,0,0,13.28135248,52.50407613,1,0.0,04 to 08
4,4200308.0,11,5,2,3,3,6,2,0,1,0,1,0,0,1,13.28254045,52.51934148,2,0.0,04 to 08
1,1200624.0,4,17,5,3,2,6,0,0,1,0,0,0,1,0,13.36894707,52.52874139,2,0.0,16 to 20
4,4200311.0,8,17,2,3,2,6,0,0,1,0,1,0,0,1,13.28220377,52.51011845,2,0.0,16 to 20
9,9100203.0,6,7,4,3,5,3,0,1,1,0,0,0,0,0,13.47946399,52.48451132,2,0.5,04 to 08
4,4400725.0,2,22,7,3,2,6,2,0,1,0,0,0,0,0,13.28140745,52.4989073,1,0.0,20 to 24
2,2500727.0,9,16,3,3,5,3,0,1,1,0,0,0,0,0,13.45377752,52.51573288,2,0.5,16 to 20
4,4200206.0,12,18,5,3,6,2,2,0,1,1,0,0,0,0,13.25834589,52.50852526,2,0.0,16 to 20
3,3601142.0,8,17,3,3,3,6,0,1,0,0,0,0,0,0,13.41346386,52.54908931,1,1.0,16 to 20
2,2400522.0,6,19,5,3,0,6,0,1,0,0,0,0,0,0,13.44817357,52.51632051,1,1.0,16 to 20
7,7200411.0,10,12,7,3,2,2,0,0,1,0,0,0,0,0,13.35804513,52.48813502,1,0.0,12 to 16
10,10400940.0,2,17,7,3,5,3,2,0,1,0,0,0,0,1,13.60626152,52.5048288,1,0.0,16 to 20
2,2200209.0,11,6,3,3,7,7,2,1,0,0,0,0,0,0,13.38661282,52.49085504,1,1.0,04 to 08
6,6400736.0,2,12,7,3,2,6,0,0,1,0,0,0,0,1,13.19716447,52.41850661,1,0.0,12 to 16
1,1100310.0,9,15,2,3,5,2,0,1,1,0,0,0,0,0,13.41994272,52.52495323,2,0.5,12 to 16
3,3601141.0,8,1,1,3,6,4,2,1,0,1,0,0,0,0,13.41393423,52.54977031,2,0.5,00 to 04
4,4100101.0,10,16,5,3,3,6,0,0,1,0,0,1,0,1,13.28841519,52.53302423,2,0.0,16 to 20
6,6100103.0,1,17,2,3,0,3,2,0,1,0,1,0,0,1,13.32161321,52.4651733,2,0.0,16 to 20
12,12601032.0,1,15,3,3,2,6,0,0,1,0,0,0,0,1,13.32449086,52.60805063,1,0.0,12 to 16
11,11200410.0,1,16,2,3,6,4,2,0,1,1,0,0,0,0,13.49934546,52.56107042,2,0.0,16 to 20
6,6400844.0,1,13,4,3,6,4,0,0,1,1,0,0,0,1,13.30234785,52.45990886,2,0.0,12 to 16
8,8100310.0,1,11,2,2,5,3,0,1,1,0,0,0,0,0,13.42804383,52.4934761,2,0.5,08 to 12
8,8100105.0,1,9,2,3,0,5,0,1,1,0,0,0,0,0,13.42899738,52.4660849,2,0.5,08 to 12
12,12400722.0,1,16,2,3,2,6,0,0,1,0,0,0,0,1,13.29447081,52.61045484,1,0.0,16 to 20
8,8100314.0,1,17,2,3,6,7,2,1,0,1,0,0,0,0,13.43559394,52.4835722,2,0.5,16 to 20
8,8100417.0,1,15,2,3,5,7,0,0,1,0,0,0,0,0,13.45462786,52.47445045,1,0.0,12 to 16
4,4400725.0,1,9,4,2,0,7,0,0,1,0,0,0,0,1,13.28141733,52.49814748,1,0.0,08 to 12
1,1300733.0,1,15,2,3,1,5,1,1,1,0,0,0,0,1,13.38900893,52.55012451,2,0.5,12 to 16
9,9100407.0,1,12,4,3,0,2,0,0,0,0,0,1,1,1,13.50809686,52.45029592,2,0.0,12 to 16
3,3300411.0,1,15,2,3,5,2,0,0,1,0,0,0,0,0,13.48596975,52.61589783,1,0.0,12 to 16
10,10300731.0,1,14,2,3,5,3,0,1,1,0,0,0,0,1,13.56491218,52.52228229,2,0.5,12 to 16
4,4300416.0,1,14,2,3,0,6,0,0,1,0,0,0,1,0,13.30183536,52.50674323,2,0.0,12 to 16
10,10100311.0,1,14,2,3,6,4,0,0,1,1,0,0,0,0,13.51913818,52.52892362,2,0.0,12 to 16
10,10100315.0,1,14,2,3,5,3,0,0,1,0,0,0,0,0,13.56536699,52.54458174,1,0.0,12 to 16
1,1100311.0,1,20,3,3,5,2,2,1,1,0,0,0,0,1,13.41637506,52.51994877,2,0.5,20 to 24
1,1200519.0,1,12,2,3,2,6,0,0,1,0,0,0,0,1,13.33198564,52.52712339,1,0.0,12 to 16
3,3701657.0,1,12,2,3,0,7,0,1,0,0,0,0,0,1,13.42982909,52.53936201,1,1.0,12 to 16
6,6100206.0,1,14,3,3,5,2,0,1,1,0,0,0,0,1,13.33792833,52.44954729,2,0.5,12 to 16
8,8200725.0,1,10,2,3,5,3,0,0,1,0,0,0,0,0,13.43124676,52.44331442,1,0.0,08 to 12
6,6200313.0,1,9,2,3,2,2,0,0,1,0,0,0,0,0,13.34570208,52.43624574,1,0.0,08 to 12
12,12400619.0,1,9,2,2,5,2,0,1,1,0,0,0,0,1,13.24078429,52.61385391,2,0.5,08 to 12
4,4300414.0,1,8,2,3,5,2,0,1,1,0,0,0,0,0,13.29154812,52.51047188,2,0.5,08 to 12
6,6400843.0,1,8,2,3,6,2,1,0,1,1,0,0,0,0,13.29224547,52.44890762,2,0.0,08 to 12
2,2200210.0,1,8,3,3,2,6,0,0,1,0,0,0,0,1,13.39535837,52.49774474,1,0.0,08 to 12
6,6300528.0,1,7,2,3,1,5,0,0,1,0,0,0,0,1,13.26405618,52.42132849,1,0.0,04 to 08
2,2200209.0,1,19,1,3,4,7,2,0,1,0,0,0,1,1,13.38337995,52.48499184,2,0.0,16 to 20
9,9200613.0,1,14,3,3,6,4,0,0,1,1,0,0,0,0,13.51097339,52.45747683,2,0.0,12 to 16
1,1100309.0,1,23,1,3,0,1,2,1,0,0,0,0,0,1,13.40173997,52.52360296,1,1.0,20 to 24
1,2100101.0,1,16,4,2,0,3,2,1,1,0,0,0,0,1,13.37775078,52.50787253,2,0.5,16 to 20
7,7501134.0,1,12,1,2,0,1,0,1,0,0,0,0,0,1,13.39206592,52.43983579,1,1.0,12 to 16
2,2200208.0,1,5,1,2,6,2,1,0,1,1,0,0,0,0,13.38790208,52.49275283,2,0.0,04 to 08
1,1100206.0,1,2,1,3,5,3,2,0,1,0,0,0,0,1,13.3889442,52.51562189,1,0.0,00 to 04
4,4300416.0,1,20,4,2,5,7,2,0,1,0,1,0,0,1,13.30167493,52.50979799,2,0.0,20 to 24
1,1400939.0,1,0,1,3,5,3,2,0,1,0,0,0,0,0,13.34315883,52.55653765,1,0.0,00 to 04
1,1100308.0,1,23,1,3,5,3,2,0,1,0,0,0,0,1,13.38703224,52.52721788,1,0.0,20 to 24
1,1400942.0,1,20,1,3,2,6,2,0,1,0,0,0,0,1,13.34662112,52.54783832,1,0.0,20 to 24
8,8100208.0,1,18,1,3,5,3,1,1,1,0,0,0,0,0,13.4416571,52.47041694,2,0.5,16 to 20
4,4100101.0,1,15,1,3,2,6,2,0,1,0,0,0,0,1,13.32293196,52.5432085,1,0.0,12 to 16
5,5100312.0,1,13,3,3,6,7,0,0,1,1,0,0,0,0,13.19933651,52.5518799,2,0.0,12 to 16
4,4501042.0,1,22,7,3,6,7,2,0,1,1,0,0,0,0,13.33722646,52.50506496,2,0.0,20 to 24
9,9200715.0,1,6,4,3,5,2,2,0,1,0,0,0,1,1,13.53849359,52.43454484,2,0.0,04 to 08
5,5200632.0,1,18,7,3,2,2,2,0,1,0,0,0,0,0,13.21607124,52.52699888,1,0.0,16 to 20
11,11300620.0,1,18,7,3,2,6,2,0,1,0,0,0,0,1,13.47600965,52.53306446,1,0.0,16 to 20
6,6200311.0,1,17,7,3,5,3,2,0,1,0,0,0,0,1,13.35308756,52.43329951,1,0.0,16 to 20
1,1401044.0,1,17,7,3,5,3,2,1,1,0,0,0,0,1,13.37837871,52.55199183,2,0.5,16 to 20
4,4300622.0,1,17,7,3,5,2,2,0,1,0,0,0,0,1,13.33040118,52.51102632,1,0.0,16 to 20
12,12200307.0,1,16,7,3,6,2,2,0,1,1,0,0,0,1,13.3300916,52.56945112,2,0.0,16 to 20
1,1100415.0,1,16,7,3,2,6,2,0,1,0,0,0,0,1,13.38601028,52.53160905,1,0.0,16 to 20
12,12601236.0,1,11,4,3,5,2,0,0,1,0,0,0,0,1,13.34750754,52.59622818,1,0.0,08 to 12
3,3400831.0,1,14,7,3,2,6,0,0,1,0,0,0,0,1,13.41690993,52.56834972,1,0.0,12 to 16
1,1100308.0,1,13,7,3,5,2,0,1,1,0,0,0,0,1,13.37643259,52.52206867,2,0.5,12 to 16
3,3300516.0,1,13,7,3,5,2,0,0,1,0,0,0,0,1,13.43668688,52.56970931,1,0.0,12 to 16
1,1200517.0,1,13,7,2,5,2,0,1,1,0,0,0,0,1,13.31602915,52.52578496,2,0.5,12 to 16
7,7601341.0,1,10,3,3,5,2,0,0,1,0,0,0,0,0,13.38138041,52.40522918,1,0.0,08 to 12
4,4501150.0,1,11,7,3,0,4,0,1,0,1,0,0,0,1,13.32261791,52.48608982,2,0.5,08 to 12
7,7601341.0,1,14,3,3,2,6,0,0,1,0,0,0,0,1,13.37168176,52.40927192,1,0.0,12 to 16
5,5300840.0,1,7,7,3,0,2,1,0,1,0,1,0,0,1,13.26732852,52.53119369,2,0.0,04 to 08
1,1100310.0,1,3,7,3,5,3,2,0,1,0,0,0,0,1,13.41590455,52.52707528,1,0.0,00 to 04
4,4500936.0,1,0,7,2,5,2,2,0,1,0,0,0,1,1,13.30690143,52.49990578,2,0.0,00 to 04
10,10300734.0,1,12,5,3,5,3,0,1,0,0,0,0,1,1,13.56136328,52.49307963,2,0.5,12 to 16
6,6100209.0,1,13,6,3,2,6,0,0,1,0,0,0,0,1,13.33094695,52.45899075,1,0.0,12 to 16
8,8100521.0,1,19,6,3,2,6,2,0,1,0,0,0,0,1,13.47481993,52.46344235,1,0.0,16 to 20
6,6200421.0,1,12,6,3,0,1,0,1,0,0,0,0,0,1,13.32293653,52.43714727,1,1.0,12 to 16
1,1400938.0,1,16,6,3,0,3,2,0,1,0,1,0,0,1,13.34940586,52.55201347,2,0.0,16 to 20
3,3400826.0,1,14,3,3,1,5,0,1,1,0,0,0,0,1,13.41147561,52.56116805,2,0.5,12 to 16
8,8100314.0,1,15,6,3,5,3,1,0,1,0,0,0,0,1,13.43604226,52.48221197,1,0.0,12 to 16
3,3400618.0,1,15,6,3,1,5,1,0,1,0,1,0,0,1,13.37926536,52.60136373,2,0.0,12 to 16
3,3300516.0,1,14,3,3,2,6,0,0,1,0,0,0,1,1,13.43392739,52.56043525,2,0.0,12 to 16
9,9501939.0,1,15,6,3,5,2,0,0,1,0,0,0,1,1,13.57428085,52.45408851,2,0.0,12 to 16
4,4300622.0,1,17,4,3,0,3,2,1,0,0,1,0,0,1,13.32106415,52.51812994,2,0.5,16 to 20
7,7100205.0,1,14,6,3,5,3,0,0,1,0,0,0,0,1,13.36630284,52.49525963,1,0.0,12 to 16
5,5100314.0,1,7,3,3,5,3,1,0,1,0,0,0,0,0,13.20146706,52.54778642,1,0.0,04 to 08
5,5100211.0,1,13,6,2,2,6,0,0,1,0,0,0,0,1,13.17799172,52.54873843,1,0.0,12 to 16
4,4300619.0,1,14,6,3,2,6,0,0,1,0,0,0,0,0,13.31108903,52.51607653,1,0.0,12 to 16
9,9100407.0,1,20,6,2,6,2,2,0,0,1,0,0,1,1,13.50878829,52.45272356,2,0.0,20 to 24
4,4300623.0,1,19,6,2,6,2,2,0,1,1,0,0,0,1,13.30771764,52.51012094,2,0.0,16 to 20
6,6100206.0,1,12,3,2,6,4,0,0,1,1,0,0,0,1,13.34232293,52.44699603,2,0.0,12 to 16
12,12200310.0,1,20,6,2,5,3,2,0,1,0,0,0,1,1,13.31502415,52.57658034,2,0.0,20 to 24
7,7300515.0,1,19,3,2,5,3,2,0,1,0,1,0,0,1,13.3221004,52.47353769,2,0.0,16 to 20
4,4200310.0,1,5,4,3,5,3,2,0,1,0,0,0,0,1,13.26998554,52.51377245,1,0.0,04 to 08
2,2100106.0,1,18,6,3,5,3,2,1,1,0,0,0,0,1,13.41406992,52.49837489,2,0.5,16 to 20
4,4400726.0,1,18,6,3,5,3,2,1,1,0,0,0,0,1,13.28421498,52.4852953,2,0.5,16 to 20
5,5200527.0,1,19,3,2,5,3,2,0,1,0,1,0,0,0,13.16567014,52.5260878,2,0.0,16 to 20
4,4501043.0,1,14,4,3,2,6,0,0,1,0,0,0,0,1,13.31395329,52.49041049,1,0.0,12 to 16
8,8100209.0,1,16,6,3,6,2,1,0,1,1,0,0,0,1,13.44355672,52.46430454,2,0.0,16 to 20
6,6200313.0,1,17,6,3,2,2,2,0,1,0,0,0,0,1,13.34564598,52.43621375,1,0.0,16 to 20
4,4200308.0,1,17,6,3,6,2,2,0,1,1,0,0,0,1,13.26324921,52.52101512,2,0.0,16 to 20
2,2300316.0,1,17,6,2,6,2,2,0,1,1,0,0,0,1,13.43756381,52.50029578,2,0.0,16 to 20
5,5100208.0,1,17,6,3,6,4,2,0,1,1,0,0,0,1,13.1694157,52.5555836,2,0.0,16 to 20
11,11400927.0,1,16,6,3,2,2,2,1,1,0,0,0,0,1,13.47130533,52.50517636,2,0.5,16 to 20
1,1100308.0,1,18,3,3,0,1,2,1,0,0,0,0,0,1,13.38723329,52.52637751,1,1.0,16 to 20
1,1100312.0,1,7,4,3,5,3,1,1,1,0,0,0,0,1,13.40888259,52.51201644,2,0.5,04 to 08
11,11200411.0,1,23,6,3,5,2,2,0,1,0,0,0,0,1,13.50849248,52.55007556,1,0.0,20 to 24
8,8100208.0,1,22,6,3,6,4,2,1,0,1,0,0,0,1,13.4355271,52.46962304,2,0.5,20 to 24
12,12200310.0,1,22,6,2,6,4,2,0,1,1,0,0,0,1,13.30961972,52.56797309,2,0.0,20 to 24
8,8200623.0,1,21,6,3,0,2,2,0,1,1,0,0,0,1,13.43855944,52.45275757,2,0.0,20 to 24
6,6300631.0,1,20,6,2,5,3,2,1,1,0,0,0,0,1,13.28688045,52.41781763,2,0.5,20 to 24
1,1300732.0,1,20,6,2,5,3,2,1,1,0,0,0,0,1,13.38798941,52.55585295,2,0.5,20 to 24
7,7300618.0,1,17,3,3,5,3,2,1,1,0,0,0,0,1,13.34034536,52.47133847,2,0.5,16 to 20
2,2500833.0,1,21,3,3,6,4,2,0,1,1,0,0,0,1,13.4586239,52.51106778,2,0.0,20 to 24
4,4501148.0,1,13,6,3,5,2,0,0,1,0,0,0,0,0,13.32024515,52.47879804,1,0.0,12 to 16
3,3601450.0,1,13,6,3,5,3,0,0,1,0,0,0,0,0,13.46293064,52.53229475,1,0.0,12 to 16
1,1300730.0,1,15,2,3,5,2,0,0,1,0,0,0,0,1,13.3698271,52.5597284,1,0.0,12 to 16
5,5200420.0,1,12,6,3,2,6,0,0,1,0,0,0,0,1,13.16948797,52.53361509,1,0.0,12 to 16
12,12200309.0,1,18,4,3,5,7,2,0,1,0,1,0,0,1,13.32867961,52.5660063,2,0.0,16 to 20
3,3601346.0,1,12,6,3,2,1,0,0,1,0,1,0,0,0,13.4153941,52.54748012,2,0.0,12 to 16
9,9501737.0,1,11,6,3,5,2,0,1,1,0,0,0,0,1,13.62480513,52.45161072,2,0.5,08 to 12
3,3400721.0,1,10,6,3,5,3,0,1,1,0,0,0,0,1,13.39730193,52.56710778,2,0.5,08 to 12
7,7400823.0,1,8,3,3,6,2,0,0,1,1,0,0,0,1,13.37723705,52.46300552,2,0.0,08 to 12
7,7300517.0,1,1,6,3,0,1,2,1,0,0,0,0,0,0,13.33145482,52.46962546,1,1.0,00 to 04
6,6400843.0,1,15,5,3,6,4,1,0,1,1,0,0,0,0,13.29196126,52.45798703,2,0.0,12 to 16
3,3601140.0,1,18,2,3,0,1,2,0,0,0,1,0,0,1,13.40623481,52.55408722,1,0.0,16 to 20
8,8100206.0,1,3,5,2,5,3,2,0,1,0,0,0,0,2,13.42505495,52.48082777,1,0.0,00 to 04
2,2200210.0,1,17,3,3,5,3,2,1,1,0,0,0,0,1,13.39523474,52.49631228,2,0.5,16 to 20
6,6200421.0,1,16,4,3,2,6,2,0,1,0,0,0,0,1,13.32245034,52.42917686,1,0.0,16 to 20
4,4300619.0,1,14,5,2,3,6,0,0,1,0,1,1,0,0,13.31742888,52.51753112,3,0.0,12 to 16
10,10400941.0,1,16,3,3,5,3,1,1,1,0,0,0,0,1,13.60559185,52.48779182,2,0.5,16 to 20
1,1300730.0,1,13,5,3,5,2,0,0,1,0,0,0,0,0,13.3698271,52.5597284,1,0.0,12 to 16
9,9301228.0,1,13,5,3,2,6,0,1,1,0,0,0,0,0,13.65501965,52.36605197,2,0.5,12 to 16
4,4400833.0,1,12,5,3,6,2,0,0,1,1,0,0,0,0,13.30065945,52.4739486,2,0.0,12 to 16
3,3200310.0,1,12,5,3,0,7,0,1,1,0,0,0,0,0,13.43125103,52.61242163,2,0.5,12 to 16
2,2500726.0,1,11,5,3,3,2,0,1,1,0,0,0,0,0,13.45147645,52.52612874,2,0.5,08 to 12
4,4500936.0,1,11,5,3,5,2,0,0,1,0,0,0,0,0,13.306842,52.50076503,1,0.0,08 to 12
12,12200307.0,1,8,5,3,0,7,0,0,1,0,0,0,0,0,13.33055482,52.57075411,1,0.0,08 to 12
7,7601546.0,1,8,5,3,5,3,0,0,1,0,0,0,0,0,13.39301555,52.38866514,1,0.0,08 to 12
3,3701554.0,1,21,2,3,8,1,2,0,0,0,1,0,0,0,13.40657964,52.539743,1,0.0,20 to 24
7,7400720.0,1,6,5,3,5,3,2,0,1,0,0,0,0,2,13.37135445,52.47449331,1,0.0,04 to 08
5,5100314.0,1,7,4,3,2,6,0,0,1,0,0,0,0,1,13.2054071,52.54814389,1,0.0,04 to 08
8,8200623.0,1,3,5,3,5,3,2,0,1,0,0,0,0,1,13.43853955,52.45269914,1,0.0,00 to 04
7,7400824.0,1,22,5,2,0,1,2,0,1,0,0,0,0,1,13.38554501,52.46858784,1,0.0,20 to 24
7,7601443.0,1,19,5,2,1,5,2,0,1,0,0,0,0,0,13.41818868,52.41070341,1,0.0,16 to 20
2,1100311.0,1,18,5,2,6,4,2,0,1,1,0,0,0,0,13.42640619,52.52293619,2,0.0,16 to 20
11,11400929.0,1,18,5,3,5,3,2,0,1,0,0,0,1,0,13.49485202,52.50064978,2,0.0,16 to 20
6,6200317.0,1,15,3,3,5,3,1,1,1,0,0,0,0,1,13.34916213,52.42212646,2,0.5,12 to 16
6,6100102.0,1,17,5,2,0,6,2,0,1,0,0,0,1,0,13.3208807,52.45718363,2,0.0,16 to 20
3,3400724.0,1,11,4,3,5,3,0,0,1,0,0,0,0,1,13.42892024,52.57909874,1,0.0,08 to 12
1,1100102.0,1,17,5,3,5,2,2,1,1,0,0,0,0,0,13.37181979,52.50927008,2,0.5,16 to 20
1,1300733.0,1,15,5,3,5,3,1,1,1,0,0,0,0,0,13.38446367,52.55605764,2,0.5,12 to 16
1,1200517.0,1,15,5,3,2,2,0,0,1,0,0,0,0,0,13.32755617,52.52431722,1,0.0,12 to 16
2,2300314.0,1,7,5,1,6,4,1,0,0,1,0,0,1,0,13.41970733,52.50185921,2,0.0,04 to 08
3,3701660.0,1,13,4,3,6,4,0,0,1,1,0,0,0,0,13.42909883,52.52864396,2,0.0,12 to 16
3,3400619.0,1,11,3,2,5,3,0,1,1,0,0,0,0,1,13.36577131,52.58423188,2,0.5,08 to 12
11,11300722.0,1,18,4,2,5,2,2,0,1,0,1,0,0,0,13.47722457,52.52298703,2,0.0,16 to 20
6,6400840.0,1,21,4,3,5,2,2,1,1,0,0,0,0,0,13.25415726,52.45093957,2,0.5,20 to 24
2,2100106.0,1,13,4,1,5,2,0,1,0,0,0,1,0,1,13.41862533,52.4988784,2,0.5,12 to 16
8,8100206.0,1,11,4,2,5,3,0,0,1,0,0,0,0,0,13.42511406,52.48062375,1,0.0,08 to 12
1,1400938.0,1,3,4,3,5,2,2,0,1,0,0,0,0,1,13.33652295,52.54212844,1,0.0,00 to 04
8,8100206.0,1,3,4,3,5,3,2,0,1,0,0,0,0,0,13.42506007,52.48080885,1,0.0,00 to 04
8,8200623.0,1,2,4,3,5,3,2,0,1,0,0,0,0,0,13.43857098,52.45273033,1,0.0,00 to 04
4,4501043.0,1,15,3,3,6,4,1,1,0,1,0,0,0,1,13.31249276,52.49925435,2,0.5,12 to 16
3,3601346.0,1,1,4,2,0,1,2,1,0,0,0,0,0,0,13.41422706,52.54278359,1,1.0,00 to 04
4,4501042.0,1,7,3,3,1,5,0,1,1,0,0,0,0,1,13.33875222,52.50258237,2,0.5,04 to 08
1,1100309.0,1,20,2,3,6,2,2,0,1,1,0,0,0,0,13.40313616,52.52465668,2,0.0,20 to 24
8,8100312.0,1,19,2,3,1,5,2,1,1,0,0,0,0,0,13.43128267,52.48565539,2,0.5,16 to 20
6,6300526.0,1,19,4,3,5,2,2,1,1,0,0,0,0,1,13.25953386,52.43311804,2,0.5,16 to 20
6,6200315.0,1,18,2,2,6,4,2,0,1,1,0,0,0,1,13.34682336,52.42921645,2,0.0,16 to 20
2,2200208.0,1,6,4,3,5,2,2,1,1,0,0,0,0,1,13.38798524,52.49298331,2,0.5,04 to 08
7,7400822.0,1,15,4,3,6,4,0,0,1,1,0,0,0,0,13.36435654,52.45979551,2,0.0,12 to 16
5,5100316.0,1,8,4,3,0,5,0,0,0,0,0,0,1,1,13.19990576,52.53566511,1,0.0,08 to 12
1,1100416.0,1,8,3,3,1,5,1,1,0,0,0,0,1,1,13.40577975,52.5347091,2,0.5,08 to 12
10,10100314.0,1,21,5,2,9,1,2,0,0,0,0,0,1,1,13.55498479,52.53413976,1,0.0,20 to 24
6,6300633.0,1,9,3,2,5,2,0,0,1,0,0,0,0,1,13.3133656,52.43537526,1,0.0,08 to 12
8,8401242.0,1,18,2,2,5,2,2,0,1,0,1,0,0,1,13.47787614,52.40995205,2,0.0,16 to 20
8,8401243.0,1,15,3,3,3,6,1,0,1,0,0,0,1,1,13.49509726,52.4314391,2,0.0,12 to 16
1,1100101.0,1,17,4,3,1,5,2,1,1,0,0,0,0,1,13.34691531,52.5038608,2,0.5,16 to 20
12,12100101.0,1,15,3,3,5,2,0,0,1,0,0,0,0,0,13.36454229,52.56269115,1,0.0,12 to 16
4,4100101.0,1,7,3,3,6,2,2,0,1,1,0,0,0,1,13.28284224,52.53503614,2,0.0,04 to 08
1,1401047.0,1,18,7,3,6,2,2,0,1,1,0,0,0,0,13.36031619,52.54431746,2,0.0,16 to 20
12,12100101.0,1,16,2,3,2,3,2,0,1,0,0,0,0,0,13.37328144,52.56227981,1,0.0,16 to 20
9,9100409.0,1,12,6,3,1,5,0,0,1,0,0,0,0,1,13.52657352,52.44527016,1,0.0,12 to 16
6,6300632.0,1,15,7,3,5,3,0,0,1,0,0,0,0,0,13.29245694,52.42835286,1,0.0,12 to 16
11,11300617.0,1,10,6,3,5,2,0,1,1,0,0,0,0,0,13.46798797,52.52830857,2,0.5,08 to 12
8,8100102.0,1,7,5,3,5,2,2,1,1,0,0,0,0,0,13.42364032,52.47726221,2,0.5,04 to 08
9,9200614.0,1,7,2,3,5,3,2,1,1,0,0,0,0,0,13.53927934,52.4507381,2,0.5,04 to 08
2,2500833.0,1,10,6,3,5,3,0,0,1,0,0,1,0,1,13.46274106,52.51087945,2,0.0,08 to 12
2,2300417.0,1,18,3,3,1,5,2,1,1,0,0,0,0,0,13.42564532,52.49691971,2,0.5,16 to 20
6,6200422.0,1,10,6,3,5,3,0,0,1,0,0,1,0,1,13.32931998,52.42299819,2,0.0,08 to 12
4,4501148.0,1,18,7,3,8,1,2,0,1,0,0,0,0,0,13.31681949,52.47821843,1,0.0,16 to 20
2,2300314.0,1,13,2,3,5,3,0,1,1,0,0,0,0,1,13.42677997,52.50484771,2,0.5,12 to 16
4,4501146.0,1,10,6,2,0,1,0,1,0,0,0,0,0,1,13.30648369,52.48520324,1,1.0,08 to 12
5,5100316.0,1,10,5,3,6,4,0,0,1,1,0,0,0,0,13.19956066,52.53493944,2,0.0,08 to 12
4,4501152.0,1,18,4,3,6,4,2,1,0,1,0,0,0,0,13.33161864,52.49078094,2,0.5,16 to 20
6,6300634.0,1,14,1,3,5,2,0,0,1,0,1,0,0,0,13.3048509,52.43560385,2,0.0,12 to 16
3,3601142.0,1,9,4,3,5,2,0,1,1,0,0,0,0,0,13.41273551,52.54440117,2,0.5,08 to 12
1,1100206.0,1,15,2,2,5,2,0,0,1,0,1,0,0,0,13.39514822,52.51735511,2,0.0,12 to 16
5,5200423.0,1,7,3,3,5,2,2,0,1,0,0,0,0,0,13.14158863,52.53243309,1,0.0,04 to 08
9,9200717.0,1,9,6,2,5,3,0,1,1,0,0,0,0,1,13.55657019,52.44719834,2,0.5,08 to 12
9,9401431.0,1,8,6,3,3,6,1,1,0,0,0,0,1,0,13.59233039,52.44725121,2,0.5,08 to 12
8,8100314.0,1,9,2,3,2,2,0,0,1,0,0,0,1,0,13.42449771,52.48641968,2,0.0,08 to 12
6,6100101.0,1,8,6,2,5,2,0,1,1,0,0,0,0,1,13.31643779,52.45362927,2,0.5,08 to 12
3,3601142.0,1,18,5,3,1,5,2,1,1,0,0,0,0,0,13.40025536,52.5465127,2,0.5,16 to 20
4,4400835.0,1,16,4,3,5,2,2,0,1,0,1,0,0,0,13.3144216,52.47210196,2,0.0,16 to 20
9,9100408.0,1,12,1,1,5,2,0,1,0,0,0,0,1,0,13.51281143,52.44764962,2,0.5,12 to 16
8,8100311.0,1,12,2,3,5,3,0,1,1,0,0,0,0,1,13.426693,52.48828277,2,0.5,12 to 16
2,2100101.0,1,8,6,3,0,1,1,0,0,0,0,0,1,1,13.38150444,52.50419521,1,0.0,08 to 12
4,4501042.0,1,5,7,3,0,1,2,0,0,0,0,0,1,1,13.33341703,52.50218579,1,0.0,04 to 08
10,10100314.0,1,14,6,3,0,7,0,0,1,0,0,0,1,0,13.55713023,52.53430042,2,0.0,12 to 16
4,4501043.0,1,15,1,3,2,6,0,0,1,0,0,0,1,0,13.31387214,52.49020498,2,0.0,12 to 16
1,1100206.0,1,8,6,3,5,3,0,0,1,0,0,0,0,0,13.3915136,52.52208375,1,0.0,08 to 12