bez,lor_ab_2021,umonat,ustunde,uwochentag,ukategorie,uart,utyp1,ulichtverh,istrad,istpkw,istfuss,istkrad,istgkfz,istsonstige,ustrzustand,xgcswgs84,ygcswgs84,all_acc,perc_bike_acc,rushhours
3,3300412.0,1,10,3,3,4,7,0,0,1,0,0,0,0,0,13.46338099,52.61570827,1,0.0,08 to 12
4,4300622.0,1,8,6,2,5,2,0,1,1,0,0,0,0,1,13.33114153,52.51219768,2,0.5,08 to 12
8,8200730.0,1,7,6,2,6,2,1,0,1,1,0,0,0,2,13.44739085,52.4369449,2,0.0,04 to 08
9,9100306.0,1,7,2,3,6,2,2,0,1,1,0,0,0,0,13.47535829,52.45618006,2,0.0,04 to 08
6,6400838.0,1,7,6,2,6,2,0,0,1,1,0,0,0,1,13.23142494,52.43688245,2,0.0,04 to 08
1,1200626.0,1,18,5,3,6,4,1,1,0,1,0,0,0,0,13.34281798,52.52497819,2,0.5,16 to 20
7,7200308.0,1,13,4,3,5,5,0,1,1,0,0,0,0,0,13.34395946,52.48262461,2,0.5,12 to 16
4,4501045.0,1,18,7,3,5,3,2,1,1,0,0,0,0,0,13.3310349,52.49503112,2,0.5,16 to 20
3,3400829.0,1,17,2,3,5,3,2,1,1,0,0,0,0,0,13.42688105,52.564326,2,0.5,16 to 20
9,9100407.0,1,7,6,3,5,3,2,1,1,0,0,0,0,1,13.50502921,52.44498496,2,0.5,04 to 08
1,1300733.0,1,3,7,3,5,2,2,0,1,0,0,0,0,1,13.38661112,52.54949283,1,0.0,00 to 04
1,1300836.0,1,13,6,3,2,6,0,0,1,0,0,0,1,0,13.37377203,52.54742738,2,0.0,12 to 16
9,9200510.0,1,10,5,3,2,6,0,0,1,0,0,0,0,0,13.50856853,52.47412027,1,0.0,08 to 12
9,9100409.0,1,9,2,3,5,3,0,1,1,0,0,0,0,0,13.52471144,52.43912898,2,0.5,08 to 12
8,8100312.0,1,20,6,3,5,3,2,1,1,0,0,0,0,1,13.43743429,52.4849671,2,0.5,20 to 24
5,5100314.0,1,17,5,3,6,4,2,0,1,1,0,0,0,0,13.20340001,52.54559098,2,0.0,16 to 20
12,12200310.0,1,11,2,2,0,2,0,0,1,0,0,0,1,0,13.30793885,52.57210447,2,0.0,08 to 12
11,11200411.0,1,7,4,2,5,3,2,1,1,0,0,0,0,0,13.5118282,52.55064448,2,0.5,04 to 08
6,6100206.0,1,13,7,3,5,3,0,1,1,0,0,0,0,0,13.33041987,52.44517299,2,0.5,12 to 16
7,7100205.0,1,16,2,2,3,6,0,0,1,0,0,0,0,0,13.36673786,52.49652095,1,0.0,16 to 20
2,2300315.0,1,19,6,3,5,3,1,1,1,0,0,0,0,1,13.43042467,52.49919601,2,0.5,16 to 20
6,6200422.0,1,1,7,2,1,1,2,0,1,0,0,0,0,1,13.32806566,52.41831674,1,0.0,00 to 04
4,4100102.0,1,11,6,3,0,2,0,1,1,0,0,0,0,0,13.29998213,52.5394889,2,0.5,08 to 12
9,9501736.0,1,7,5,3,5,3,1,1,1,0,0,0,0,0,13.6043954,52.45244934,2,0.5,04 to 08
9,9401329.0,1,17,2,3,1,5,2,0,1,0,0,0,0,0,13.59227432,52.42511909,1,0.0,16 to 20
2,2400623.0,1,19,6,3,3,6,2,1,1,0,0,0,0,1,13.43021537,52.51036998,2,0.5,16 to 20
9,9200510.0,1,17,3,3,2,2,2,0,1,0,0,0,0,0,13.50964526,52.47285843,1,0.0,16 to 20
6,6200313.0,1,19,6,2,6,2,2,0,1,1,0,0,0,0,13.34595004,52.43631176,2,0.0,16 to 20
1,1100310.0,1,18,7,3,2,2,2,0,1,0,0,0,0,0,13.40309315,52.52130914,1,0.0,16 to 20
12,12200307.0,1,11,2,3,5,3,0,0,1,0,0,0,0,0,13.3252371,52.57575163,1,0.0,08 to 12
4,4400727.0,1,18,6,3,6,4,2,0,1,1,0,0,0,1,13.29400168,52.49135707,2,0.0,16 to 20
3,11300617.0,1,20,3,3,2,6,2,0,1,0,0,0,0,0,13.46158711,52.52961425,1,0.0,20 to 24
6,6200311.0,1,17,6,3,5,3,2,0,1,0,0,0,0,1,13.35862571,52.43410903,1,0.0,16 to 20
6,6200421.0,1,10,7,3,5,2,0,1,1,0,0,0,0,1,13.31435083,52.42397816,2,0.5,08 to 12
3,3400723.0,1,15,2,3,5,7,0,0,1,0,1,0,0,1,13.41609465,52.57114789,2,0.0,12 to 16
1,1401045.0,1,17,6,3,2,2,2,0,1,0,0,0,0,1,13.37394465,52.55649548,1,0.0,16 to 20
3,3601140.0,1,8,5,3,2,7,0,0,1,0,0,0,0,0,13.40315005,52.5528811,1,0.0,08 to 12
2,2500726.0,1,8,4,3,5,3,0,0,1,0,0,0,0,0,13.45157718,52.52041218,1,0.0,08 to 12
2,2500835.0,1,19,1,3,6,2,2,0,1,1,0,0,0,0,13.46549222,52.49865552,2,0.0,16 to 20
2,2200210.0,1,16,3,3,5,2,0,1,1,0,0,0,0,0,13.40283777,52.49388386,2,0.5,16 to 20
1,1100313.0,1,17,6,3,5,2,2,0,0,0,1,0,1,1,13.42767991,52.50754518,2,0.0,16 to 20
2,2400521.0,1,7,6,3,1,5,0,1,1,0,0,0,0,0,13.42957617,52.52241078,2,0.5,04 to 08
3,3200309.0,1,8,2,3,5,2,0,1,1,0,0,0,0,0,13.43669709,52.59252381,2,0.5,08 to 12
3,3601348.0,1,16,6,3,0,1,2,0,0,0,1,0,0,1,13.42077049,52.54250952,1,0.0,16 to 20
2,2100104.0,1,16,5,2,6,4,2,0,1,1,0,0,0,0,13.40696,52.50470486,2,0.0,16 to 20
9,9200819.0,1,16,4,3,5,2,0,1,1,0,0,0,0,0,13.567435,52.44043809,2,0.5,16 to 20
9,9100203.0,1,10,7,3,6,4,0,0,1,1,0,0,0,0,13.48114945,52.48267198,2,0.0,08 to 12
4,4200310.0,1,21,5,2,8,1,2,0,1,0,0,0,0,0,13.27082267,52.51046477,1,0.0,20 to 24
6,6200312.0,1,17,4,2,5,3,2,0,1,0,1,0,0,0,13.33127234,52.44350124,2,0.0,16 to 20
8,8100314.0,1,5,1,3,0,7,2,0,1,0,0,0,0,0,13.42416487,52.48647752,1,0.0,04 to 08
2,2200209.0,1,8,3,3,0,2,0,1,0,0,0,1,0,1,13.37446091,52.48882197,2,0.5,08 to 12
7,7100101.0,1,15,6,2,0,3,1,1,0,0,0,0,1,1,13.34200343,52.50192611,2,0.5,12 to 16
6,6100209.0,1,18,6,3,6,2,1,0,1,1,0,0,0,0,13.329815,52.46440675,2,0.0,16 to 20
1,1300836.0,1,0,2,3,1,1,2,0,1,0,0,0,0,1,13.37638529,52.54066058,1,0.0,00 to 04
4,4400830.0,1,15,6,3,6,2,1,0,1,1,0,0,0,1,13.29015778,52.47732207,2,0.0,12 to 16
6,6200314.0,1,17,5,3,5,2,2,0,1,0,1,0,0,0,13.33405637,52.43017655,2,0.0,16 to 20
5,5100317.0,1,13,4,2,2,6,0,0,1,0,0,0,0,0,13.23290284,52.52765638,1,0.0,12 to 16
3,3601450.0,1,16,2,3,5,2,2,0,1,0,0,0,0,1,13.45792604,52.528821,1,0.0,16 to 20
7,7400826.0,1,15,6,3,6,7,0,1,0,1,0,0,0,0,13.37404404,52.45447345,2,0.5,12 to 16
2,2100106.0,1,17,6,3,6,7,2,1,0,1,0,0,0,0,13.40640902,52.49846977,2,0.5,16 to 20
5,5300736.0,1,23,2,3,0,3,2,1,1,0,0,0,0,0,13.23019949,52.54278164,2,0.5,20 to 24
7,7100204.0,1,14,6,3,5,7,0,0,1,0,1,0,0,1,13.35358494,52.49317642,2,0.0,12 to 16
4,4501043.0,1,12,6,3,1,5,0,0,1,0,1,0,0,1,13.31384908,52.49077031,2,0.0,12 to 16
7,7601238.0,1,14,6,3,2,2,0,0,1,0,0,0,0,0,13.38814316,52.41191495,1,0.0,12 to 16
9,9501941.0,1,13,1,2,4,1,0,0,1,0,0,0,0,0,13.57843267,52.45247889,1,0.0,12 to 16
12,12200515.0,1,17,5,3,6,4,2,0,1,1,0,0,0,0,13.2799952,52.58793234,2,0.0,16 to 20
5,5100104.0,1,8,2,3,5,3,0,0,1,0,0,1,0,0,13.21713961,52.56046746,2,0.0,08 to 12
6,6200315.0,1,9,1,2,6,2,0,0,1,1,0,0,0,0,13.3461654,52.43192974,2,0.0,08 to 12
10,10100315.0,1,5,4,3,6,2,2,0,1,1,0,0,0,0,13.56255394,52.53631779,2,0.0,04 to 08
2,2200208.0,1,23,7,3,5,2,2,1,1,0,0,0,0,1,13.38942438,52.49595551,2,0.5,20 to 24
7,7601546.0,1,15,2,3,6,5,0,0,1,1,0,0,0,0,13.38989929,52.39244506,2,0.0,12 to 16
7,7400721.0,1,5,6,3,6,2,2,0,1,1,0,0,0,0,13.400252,52.4837788,2,0.0,04 to 08
7,7501030.0,1,14,6,3,0,3,0,0,1,0,0,0,1,0,13.38346607,52.44542284,2,0.0,12 to 16
4,4200308.0,1,10,6,2,5,2,0,1,1,0,0,0,0,0,13.27938564,52.52368945,2,0.5,08 to 12
12,12200412.0,1,9,1,3,5,2,0,0,1,0,0,0,0,1,13.29790407,52.578165,1,0.0,08 to 12
8,8100416.0,1,11,4,3,6,4,0,0,1,1,0,0,0,0,13.44501963,52.47412171,2,0.0,08 to 12
12,12200414.0,1,15,2,3,2,6,1,0,1,0,0,0,0,1,13.24970333,52.55343876,1,0.0,12 to 16
11,11400927.0,1,12,6,3,0,1,0,0,0,0,1,0,0,1,13.47791407,52.50283647,1,0.0,12 to 16
3,3300516.0,1,14,7,3,5,3,0,0,1,0,0,0,0,0,13.4428882,52.57689629,1,0.0,12 to 16
12,12100205.0,1,8,5,2,1,7,0,0,1,0,0,1,0,0,13.36305157,52.58016852,2,0.0,08 to 12
7,7501030.0,1,7,2,3,5,5,1,1,1,0,0,0,0,0,13.38343513,52.452572,2,0.5,04 to 08
8,8300934.0,1,4,6,3,6,2,2,0,0,1,0,1,0,1,13.45982977,52.43188312,2,0.0,04 to 08
11,11300723.0,1,19,3,3,2,6,2,0,1,0,0,0,0,1,13.49926633,52.51831855,1,0.0,16 to 20
12,12601235.0,1,7,6,3,6,2,2,0,1,1,0,0,0,1,13.35094732,52.59640843,2,0.0,04 to 08
1,1401047.0,1,10,7,3,2,6,0,0,1,0,0,0,0,0,13.36236775,52.54468764,1,0.0,08 to 12
1,1400937.0,1,14,2,3,2,6,0,0,1,0,0,1,0,1,13.33498357,52.56016897,2,0.0,12 to 16
10,10100311.0,1,7,6,3,4,6,2,0,1,0,0,0,1,1,13.52682892,52.53213273,2,0.0,04 to 08
2,2200211.0,1,12,5,3,5,3,0,1,1,0,0,0,0,0,13.39072094,52.48954937,2,0.5,12 to 16
9,9200715.0,1,14,7,3,2,6,0,0,1,0,0,0,0,0,13.52871483,52.42637163,1,0.0,12 to 16
5,5300736.0,1,18,4,2,2,6,2,0,1,0,0,0,0,0,13.21511533,52.53834949,1,0.0,16 to 20
4,4200205.0,1,17,1,2,5,5,0,0,1,0,1,0,0,0,13.25310489,52.51587836,2,0.0,16 to 20
7,7400721.0,1,11,3,3,0,6,0,0,0,1,0,0,1,0,13.38789089,52.48437216,2,0.0,08 to 12
5,5100208.0,1,7,6,2,6,2,2,0,1,1,0,0,0,1,13.15361643,52.55346541,2,0.0,04 to 08
7,7601545.0,1,7,6,3,0,1,0,1,0,0,0,0,0,1,13.41250323,52.3942608,1,1.0,04 to 08
5,5100211.0,1,7,3,3,2,6,1,0,1,0,0,0,0,0,13.1554117,52.54364832,1,0.0,04 to 08
9,9501940.0,1,6,6,3,6,2,2,0,1,1,0,0,0,1,13.59531686,52.45602241,2,0.0,04 to 08
3,3400721.0,1,18,7,3,0,2,2,0,1,0,0,0,1,0,13.40126361,52.56921782,2,0.0,16 to 20
6,6300528.0,1,9,2,3,6,2,0,0,0,1,0,0,1,0,13.26690523,52.4121582,2,0.0,08 to 12
5,5300737.0,1,6,6,3,6,2,2,0,1,1,0,0,0,1,13.23251359,52.54058271,2,0.0,04 to 08
10,10200423.0,1,16,5,2,6,4,1,0,1,1,0,0,0,0,13.62506314,52.54060406,2,0.0,16 to 20
7,7400927.0,1,15,7,3,5,2,0,0,1,0,0,0,0,0,13.40012036,52.4591285,1,0.0,12 to 16
1,1100415.0,1,18,4,3,1,5,2,0,1,0,0,0,0,0,13.39715493,52.53248,1,0.0,16 to 20
1,1100416.0,1,1,1,3,0,1,2,1,0,0,0,0,0,1,13.40462291,52.53347173,1,1.0,00 to 04
1,1100102.0,1,9,2,3,3,6,0,0,1,0,0,0,0,0,13.3494231,52.51508442,1,0.0,08 to 12
7,7601341.0,1,7,5,3,5,2,1,1,1,0,0,0,0,1,13.37603827,52.40911934,2,0.5,04 to 08
11,11401137.0,1,13,6,3,5,2,0,1,1,0,0,0,0,0,13.52462655,52.49600917,2,0.5,12 to 16
7,7100206.0,1,15,6,3,0,7,0,1,0,0,0,0,0,0,13.37057507,52.48817982,1,1.0,12 to 16
7,7501031.0,1,16,1,3,5,3,2,0,1,0,0,0,1,0,13.4020603,52.44666481,2,0.0,16 to 20
7,7400928.0,1,14,5,3,4,6,0,1,1,0,0,0,0,0,13.41996646,52.46343555,2,0.5,12 to 16
5,5100313.0,1,13,5,3,2,6,0,0,0,0,1,0,1,0,13.20867638,52.54595392,2,0.0,12 to 16
5,5100208.0,1,12,2,3,5,2,0,0,1,0,0,0,0,0,13.15350924,52.55340116,1,0.0,12 to 16
11,11300620.0,1,7,2,3,2,6,0,0,1,0,0,0,0,0,13.4809123,52.53125132,1,0.0,04 to 08
3,3300516.0,1,17,5,3,0,1,2,0,1,0,1,0,0,1,13.44399536,52.56527994,2,0.0,16 to 20
4,4300518.0,1,16,5,3,2,6,0,0,1,0,0,0,0,0,13.29570452,52.5302787,1,0.0,16 to 20
1,1401043.0,1,15,4,3,5,3,0,1,1,0,0,0,0,0,13.3690855,52.54621681,2,0.5,12 to 16
3,3701556.0,1,18,7,3,3,2,2,1,1,0,0,0,0,0,13.42110605,52.53355796,2,0.5,16 to 20
12,12200515.0,1,18,2,3,1,1,2,1,1,0,0,0,0,0,13.27564269,52.58393909,2,0.5,16 to 20
1,1400938.0,1,21,5,3,6,4,2,0,1,1,0,0,0,1,13.34053783,52.55102771,2,0.0,20 to 24
1,1100102.0,1,13,6,3,5,3,0,0,1,0,0,0,0,1,13.34899339,52.51477839,1,0.0,12 to 16
3,3601142.0,1,14,6,3,2,7,0,1,1,0,0,0,0,0,13.40731969,52.54116697,2,0.5,12 to 16
7,7501029.0,1,15,7,3,5,3,0,1,1,0,0,0,0,0,13.37954019,52.4449574,2,0.5,12 to 16
5,5200629.0,1,11,5,2,2,6,0,0,1,0,0,0,1,0,13.19100786,52.53433936,2,0.0,08 to 12
12,12200515.0,1,9,2,3,0,6,0,1,0,0,0,0,1,0,13.28392467,52.590217,2,0.5,08 to 12
6,6400737.0,1,15,7,3,5,2,0,1,1,0,0,0,0,0,13.22314934,52.43016459,2,0.5,12 to 16
3,3601244.0,1,11,3,3,5,3,0,1,1,0,0,0,0,0,13.42700252,52.55211751,2,0.5,08 to 12
3,3601243.0,1,23,7,3,5,2,2,0,1,0,0,0,1,0,13.41837869,52.55328901,2,0.0,20 to 24
1,1100205.0,1,8,4,3,5,3,0,1,1,0,0,0,0,0,13.37660859,52.50961722,2,0.5,08 to 12
12,12200307.0,1,17,7,2,6,2,2,0,1,1,0,0,0,0,13.32977584,52.56912185,2,0.0,16 to 20
11,11300620.0,1,16,2,3,5,3,2,0,1,0,0,0,0,1,13.48532739,52.52674532,1,0.0,16 to 20
1,1400938.0,1,20,5,2,6,2,2,0,1,1,0,0,0,1,13.34504102,52.55422947,2,0.0,20 to 24
12,12200412.0,1,13,6,3,2,6,0,0,1,0,0,0,1,0,13.29144555,52.58079465,2,0.0,12 to 16
3,3100101.0,1,10,6,2,5,3,0,1,1,0,0,0,0,0,13.49610655,52.64342693,2,0.5,08 to 12
11,11501238.0,1,7,5,3,5,2,2,1,1,0,0,0,0,0,13.50166478,52.48275046,2,0.5,04 to 08
11,11400928.0,1,5,2,3,5,3,2,0,1,0,0,0,0,0,13.48140258,52.50206861,1,0.0,04 to 08
7,7400927.0,1,20,5,3,6,4,2,0,1,1,0,0,0,1,13.38641163,52.45630009,2,0.0,20 to 24
2,2200210.0,1,18,3,3,5,2,2,1,1,0,0,0,0,0,13.39500643,52.49634235,2,0.5,16 to 20
8,8100208.0,1,19,5,2,6,4,2,0,1,1,0,0,0,1,13.43504201,52.4711026,2,0.0,16 to 20
4,4300416.0,1,5,7,3,5,3,2,0,1,0,0,0,0,0,13.29928183,52.50675667,1,0.0,04 to 08
6,6100101.0,1,12,2,3,2,6,0,0,1,0,0,0,1,0,13.3186487,52.45431145,2,0.0,12 to 16
1,1100312.0,1,19,5,3,5,3,2,0,1,0,0,0,0,1,13.40441202,52.50789824,1,0.0,16 to 20
9,9501939.0,1,22,5,3,5,2,2,0,1,0,0,0,0,0,13.56249375,52.45654678,1,0.0,20 to 24
8,8100104.0,1,12,7,3,2,2,0,0,1,0,0,0,0,0,13.4289376,52.47187786,1,0.0,12 to 16
1,1300732.0,1,15,2,3,6,4,1,0,1,1,0,0,0,1,13.38694021,52.55953749,2,0.0,12 to 16
12,12601031.0,1,9,5,3,5,3,0,0,1,0,0,0,0,1,13.33235595,52.60309021,1,0.0,08 to 12
5,5200631.0,1,18,6,3,6,2,2,0,1,1,0,0,0,0,13.19770454,52.52281037,2,0.0,16 to 20
3,3400829.0,1,8,4,3,5,3,0,1,1,0,0,0,0,0,13.42140386,52.56246595,2,0.5,08 to 12
8,8100314.0,1,12,1,3,6,7,0,1,0,1,0,0,0,0,13.43268149,52.4837912,2,0.5,12 to 16
12,12100205.0,1,16,3,3,5,2,2,1,1,0,0,0,0,0,13.33536903,52.56513786,2,0.5,16 to 20
7,7400928.0,1,10,5,3,2,7,0,1,1,0,0,0,0,0,13.42148024,52.46502864,2,0.5,08 to 12
1,1300836.0,1,10,6,3,6,7,0,0,1,1,0,0,0,0,13.38117826,52.54898776,2,0.0,08 to 12
1,1100309.0,1,8,2,3,5,3,0,0,1,0,0,0,1,0,13.40194331,52.52889417,2,0.0,08 to 12
5,5100316.0,1,9,5,3,6,2,0,0,0,1,0,0,1,1,13.18997452,52.53820382,2,0.0,08 to 12
4,4200311.0,1,16,5,3,5,2,0,1,1,0,0,0,0,0,13.28014698,52.51808928,2,0.5,16 to 20
11,11400927.0,1,16,4,3,1,5,1,0,1,0,0,0,0,0,13.47432521,52.50435448,1,0.0,16 to 20
2,2200211.0,1,13,7,3,1,5,0,1,0,0,0,0,1,0,13.39037661,52.48692728,2,0.5,12 to 16
3,3300411.0,1,16,2,3,3,6,1,1,0,0,1,0,0,0,13.49024771,52.62110277,2,0.5,16 to 20
12,12200411.0,1,7,5,3,5,2,1,0,1,0,0,1,0,1,13.32168741,52.56054567,2,0.0,04 to 08
2,2400521.0,1,18,4,3,5,2,2,1,1,0,0,0,0,0,13.42950089,52.52310078,2,0.5,16 to 20
4,4200311.0,1,10,1,3,2,6,0,0,1,0,0,0,0,1,13.27921771,52.50325761,1,0.0,08 to 12
9,9100408.0,1,10,3,3,2,6,0,0,1,0,0,0,0,0,13.50916811,52.45230589,1,0.0,08 to 12
12,12400618.0,1,7,5,3,6,4,1,0,1,1,0,0,0,1,13.24454895,52.61437318,2,0.0,04 to 08
3,3601452.0,1,6,6,3,5,3,1,0,1,0,0,0,0,0,13.4490521,52.52873261,1,0.0,04 to 08
7,7200409.0,1,3,2,3,5,3,2,0,1,0,0,0,1,0,13.34974032,52.48733062,2,0.0,00 to 04
3,3100103.0,1,7,5,2,6,4,2,0,1,1,0,0,0,1,13.49553054,52.62580819,2,0.0,04 to 08
10,10300734.0,1,15,5,3,2,6,0,0,1,0,0,0,0,0,13.56158314,52.50242976,1,0.0,12 to 16
12,12100205.0,1,11,7,2,0,6,0,0,1,0,0,0,1,1,13.34674509,52.56813059,2,0.0,08 to 12
9,9100306.0,1,13,4,3,2,6,0,0,1,0,0,0,0,0,13.48752574,52.45060117,1,0.0,12 to 16
5,5200528.0,1,16,2,3,5,2,2,0,1,0,0,0,0,0,13.18021387,52.50910037,1,0.0,16 to 20
1,1100313.0,1,6,5,3,5,3,2,1,1,0,0,0,0,1,13.413422,52.50674581,2,0.5,04 to 08
12,12500825.0,1,12,6,2,6,4,0,0,1,1,0,0,0,0,13.30635711,52.58243791,2,0.0,12 to 16
8,8200832.0,1,12,6,3,6,2,0,0,1,1,0,0,0,0,13.42773962,52.42068671,2,0.0,12 to 16
4,4300518.0,1,12,6,3,2,6,0,0,1,0,0,0,1,0,13.29470548,52.53273274,2,0.0,12 to 16
8,8100105.0,1,14,6,3,2,6,0,0,1,0,1,0,0,0,13.43137695,52.46740251,2,0.0,12 to 16
6,6200311.0,1,14,1,3,5,2,0,1,1,0,0,0,0,0,13.35300198,52.43324136,2,0.5,12 to 16
8,8100415.0,1,17,5,3,2,6,2,0,1,0,0,0,0,0,13.44685226,52.4782859,1,0.0,16 to 20
10,10100311.0,1,10,2,3,5,3,0,0,1,0,0,0,0,0,13.52160289,52.52574481,1,0.0,08 to 12
11,11300723.0,1,5,4,2,5,3,2,0,1,0,1,0,0,0,13.49938022,52.51992164,2,0.0,04 to 08
10,10200420.0,1,13,7,3,5,3,0,0,1,0,0,0,0,0,13.60113012,52.53684342,1,0.0,12 to 16
8,8100419.0,1,16,2,3,6,7,0,0,1,1,0,0,0,0,13.45553706,52.47991763,2,0.0,16 to 20
4,4200308.0,1,19,5,3,5,2,2,1,1,0,0,0,0,1,13.27999202,52.51830992,2,0.5,16 to 20
4,4400833.0,1,12,6,3,5,3,0,0,1,0,0,0,0,0,13.3008051,52.47397834,1,0.0,12 to 16
10,10300732.0,1,10,6,3,5,3,0,1,1,0,0,0,0,0,13.56954016,52.52873587,2,0.5,08 to 12
7,7501029.0,1,6,4,1,5,3,2,0,1,0,1,0,0,0,13.3806642,52.4428801,2,0.0,04 to 08
2,2100106.0,1,16,2,3,2,6,0,0,1,0,0,0,0,0,13.40643744,52.49815529,1,0.0,16 to 20
2,2100101.0,1,17,3,3,5,2,2,0,1,0,0,0,0,0,13.38227056,52.50447115,1,0.0,16 to 20
5,5100103.0,1,19,5,2,6,4,2,0,1,1,0,0,0,1,13.21423506,52.56289168,2,0.0,16 to 20
1,1100206.0,1,9,5,3,1,5,0,1,1,0,0,0,0,0,13.39107292,52.51219068,2,0.5,08 to 12
6,6200421.0,1,7,2,3,5,2,0,1,1,0,0,0,0,0,13.31750684,52.43081696,2,0.5,04 to 08
6,6100206.0,1,18,5,3,1,5,2,1,1,0,0,0,0,1,13.3408546,52.445822,2,0.5,16 to 20
1,1100102.0,1,19,3,2,0,6,2,0,1,0,1,0,0,1,13.35298226,52.51611656,2,0.0,16 to 20
1,1100313.0,1,18,5,3,5,3,2,1,0,0,0,0,1,1,13.4276516,52.507594,2,0.5,16 to 20
6,6400735.0,1,10,7,2,0,1,0,1,0,0,0,0,0,2,13.14364568,52.39763905,1,1.0,08 to 12
12,12200515.0,1,15,2,3,5,2,1,0,1,0,0,0,0,0,13.28078857,52.59378754,1,0.0,12 to 16
4,4400726.0,1,17,5,3,2,6,2,0,1,0,0,0,0,1,13.28504077,52.49287396,1,0.0,16 to 20
3,3400620.0,1,14,5,3,6,2,0,0,1,1,0,0,0,0,13.3836417,52.57277879,2,0.0,12 to 16
3,3601346.0,1,20,4,3,1,5,2,1,1,0,0,0,0,0,13.41702753,52.54539233,2,0.5,20 to 24
10,10100313.0,1,22,1,3,2,6,2,0,1,0,0,0,0,0,13.54970427,52.54271267,1,0.0,20 to 24
5,5100207.0,1,13,3,2,5,2,0,0,1,0,0,0,0,0,13.13343644,52.55385423,1,0.0,12 to 16
6,6300634.0,1,17,5,3,6,4,2,0,1,1,0,0,0,1,13.30746483,52.43323602,2,0.0,16 to 20
9,9200715.0,1,8,6,3,5,3,0,1,1,0,0,0,0,0,13.53432466,52.43142586,2,0.5,08 to 12
6,6200313.0,1,8,2,3,5,2,0,1,1,0,0,0,0,0,13.34591344,52.43628863,2,0.5,08 to 12
11,11300826.0,1,17,5,3,2,6,2,0,1,0,0,0,0,1,13.49167069,52.51154206,1,0.0,16 to 20
1,1100206.0,1,16,5,3,6,4,1,0,1,1,0,0,0,0,13.38852751,52.51802903,2,0.0,16 to 20
5,5100105.0,1,3,7,3,1,1,2,0,1,0,0,0,0,1,13.19761746,52.55539506,1,0.0,00 to 04
1,1100206.0,1,10,2,3,5,2,0,1,1,0,0,0,0,0,13.38089617,52.51636901,2,0.5,08 to 12
2,2300314.0,1,16,5,3,2,7,2,1,0,0,0,0,1,1,13.41845588,52.50011805,2,0.5,16 to 20
8,8100310.0,1,19,5,3,5,3,2,1,1,0,0,0,0,0,13.42551825,52.4932072,2,0.5,16 to 20
7,7501134.0,1,17,4,3,5,2,2,0,1,0,0,0,1,0,13.39204661,52.43983237,2,0.0,16 to 20
1,1300732.0,1,2,1,3,5,3,2,0,1,0,0,0,0,0,13.38766736,52.56043484,1,0.0,00 to 04
9,9100408.0,1,10,3,3,5,3,0,1,1,0,0,0,0,0,13.51407063,52.44653311,2,0.5,08 to 12
3,3200310.0,1,16,5,3,1,5,2,0,1,0,0,0,0,1,13.42775417,52.60623482,1,0.0,16 to 20
2,2200209.0,1,17,6,2,5,3,1,0,1,1,0,0,0,0,13.37646078,52.48503432,2,0.0,16 to 20
8,8100105.0,1,18,1,3,1,5,2,1,1,0,0,0,0,0,13.43307381,52.46441857,2,0.5,16 to 20
10,10100102.0,1,14,5,3,2,6,0,0,1,0,0,0,0,1,13.56783558,52.57353759,1,0.0,12 to 16
2,2400623.0,1,14,5,3,1,5,0,1,1,0,0,0,0,0,13.43503563,52.5147495,2,0.5,12 to 16
1,1200518.0,1,12,4,2,5,2,0,0,1,0,0,0,0,0,13.32481088,52.52780879,1,0.0,12 to 16
8,8200832.0,1,15,4,3,2,6,0,0,1,0,0,0,0,0,13.43514339,52.42680953,1,0.0,12 to 16
6,6400735.0,1,10,7,3,0,1,0,1,0,0,0,0,0,2,13.12980729,52.38987233,1,1.0,08 to 12
8,8100520.0,1,23,2,3,9,1,2,0,1,0,0,0,1,0,13.46584273,52.46959051,2,0.0,20 to 24
5,5300736.0,1,13,5,3,2,6,0,0,1,0,0,0,0,1,13.22854921,52.53800488,1,0.0,12 to 16
2,2100102.0,1,12,6,3,3,6,0,0,1,0,0,1,0,1,13.39571474,52.49833993,2,0.0,12 to 16
9,9200510.0,1,14,6,2,2,6,0,0,1,0,1,0,0,0,13.50250572,52.46999777,2,0.0,12 to 16
3,3100101.0,1,10,1,3,5,3,0,0,1,0,0,0,0,0,13.44469629,52.6152975,1,0.0,08 to 12
5,5300841.0,1,21,7,3,2,6,2,0,1,0,0,0,0,0,13.27236756,52.53644497,1,0.0,20 to 24
3,3400619.0,1,12,5,3,6,2,0,0,1,1,0,0,0,0,13.36811407,52.58715671,2,0.0,12 to 16
1,1300836.0,1,9,2,3,2,2,0,1,0,0,0,0,1,0,13.36414973,52.54489462,2,0.5,08 to 12
2,2500726.0,1,17,7,3,5,3,2,1,0,0,0,0,1,0,13.45191944,52.52765646,2,0.5,16 to 20
12,12100204.0,1,11,3,3,6,7,0,1,0,1,0,0,0,0,13.36132646,52.56763807,2,0.5,08 to 12
6,6300634.0,1,13,7,3,5,2,0,1,1,0,0,0,0,0,13.30960823,52.43127486,2,0.5,12 to 16