bez,lor_ab_2021,umonat,ustunde,uwochentag,ukategorie,uart,utyp1,ulichtverh,istrad,istpkw,istfuss,istkrad,istgkfz,istsonstige,ustrzustand,xgcswgs84,ygcswgs84,all_acc,perc_bike_acc,rushhours
7,7200307.0,1,15,2,2,5,3,0,0,1,0,0,0,0,1,13.3448111,52.48683032,1,0.0,12 to 16
10,10200421.0,1,14,5,3,1,5,0,0,1,0,0,0,1,1,13.60435148,52.53821624,2,0.0,12 to 16
5,5100315.0,1,8,6,2,5,2,1,0,1,0,0,0,0,0,13.19855259,52.54289129,1,0.0,08 to 12
2,2100104.0,1,15,3,3,5,2,1,1,1,0,0,0,0,1,13.40922378,52.50171052,2,0.5,12 to 16
10,10100210.0,1,15,3,3,2,6,0,0,1,0,0,0,0,1,13.55123996,52.54992418,1,0.0,12 to 16
6,6300633.0,1,16,5,3,6,7,0,1,0,1,0,0,0,0,13.30557854,52.43737773,2,0.5,16 to 20
8,8200833.0,1,14,3,2,3,6,0,0,1,0,0,1,0,1,13.43826695,52.42398402,2,0.0,12 to 16
1,1300836.0,1,19,3,3,1,5,2,0,1,0,0,0,0,1,13.37688676,52.54345283,1,0.0,16 to 20
5,5100316.0,1,22,5,3,2,6,2,0,1,0,0,0,0,0,13.18330395,52.54000803,1,0.0,20 to 24
11,11400927.0,1,19,3,3,5,2,2,1,1,0,0,0,0,1,13.47363118,52.5030498,2,0.5,16 to 20
4,4501042.0,1,18,4,2,0,3,2,0,1,0,1,0,0,1,13.33138266,52.50390494,2,0.0,16 to 20
4,4500936.0,1,15,5,3,5,2,0,1,1,0,0,0,0,0,13.30677743,52.49986468,2,0.5,12 to 16
2,2100101.0,1,19,3,3,5,2,2,1,1,0,0,0,0,1,13.38765796,52.50337543,2,0.5,16 to 20
8,8100311.0,1,17,5,1,6,4,2,0,1,1,0,0,0,0,13.42886533,52.4902669,2,0.0,16 to 20
5,5100211.0,1,7,3,3,6,2,0,0,1,1,0,0,0,1,13.17820057,52.54869907,2,0.0,04 to 08
9,9200512.0,1,15,3,2,6,4,0,0,0,1,0,0,1,1,13.54985064,52.4565396,2,0.0,12 to 16
2,2300316.0,1,21,4,3,0,1,2,1,0,0,0,0,0,1,13.4447635,52.50104614,1,1.0,20 to 24
9,9501737.0,1,7,3,3,6,2,1,0,1,1,0,0,0,1,13.62475959,52.45049902,2,0.0,04 to 08
1,1300733.0,1,8,5,2,6,4,0,0,1,1,0,0,0,1,13.39654524,52.55495147,2,0.0,08 to 12
7,7200307.0,1,7,3,3,1,5,0,1,1,0,0,0,0,1,13.3449098,52.48867784,2,0.5,04 to 08
9,9200715.0,1,7,3,3,5,2,1,1,0,0,0,0,1,1,13.52682725,52.42807194,2,0.5,04 to 08
4,4400727.0,1,17,4,3,5,2,2,0,1,0,0,0,0,1,13.28988467,52.48221326,1,0.0,16 to 20
11,11400930.0,1,7,3,2,6,4,2,0,1,1,0,0,0,1,13.50271018,52.50210429,2,0.0,04 to 08
1,1100206.0,1,19,4,3,5,2,2,1,1,0,0,0,0,0,13.38030635,52.5188256,2,0.5,16 to 20
4,4300416.0,1,19,3,3,6,2,2,0,1,1,0,0,0,1,13.30240463,52.50690595,2,0.0,16 to 20
4,4501040.0,1,7,6,3,6,4,0,1,0,1,0,0,0,1,13.31335311,52.50279491,2,0.5,04 to 08
6,6100205.0,1,14,3,2,6,7,0,1,0,1,0,0,0,1,13.34468341,52.45024783,2,0.5,12 to 16
3,3200308.0,1,17,4,3,6,4,2,0,0,1,0,0,1,0,13.43293265,52.59603684,2,0.0,16 to 20
6,6200421.0,1,18,3,2,5,2,2,0,1,0,0,0,0,1,13.31260665,52.41943977,1,0.0,16 to 20
10,10200628.0,1,6,5,3,5,3,2,0,1,0,0,0,0,1,13.5984033,52.53086546,1,0.0,04 to 08
7,7100101.0,1,18,3,3,5,3,2,1,1,0,0,0,0,1,13.34491477,52.49673245,2,0.5,16 to 20
12,12100102.0,1,7,3,2,6,2,2,0,1,1,0,0,0,1,13.3757443,52.56862474,2,0.0,04 to 08
4,4501045.0,1,18,4,3,5,3,2,1,1,0,0,0,0,1,13.33438153,52.49839761,2,0.5,16 to 20
9,9200715.0,1,11,3,3,5,2,0,1,1,0,0,0,0,1,13.5468379,52.43156871,2,0.5,08 to 12
1,1200624.0,1,7,3,3,5,2,1,1,1,0,0,0,0,1,13.36034106,52.53724347,2,0.5,04 to 08
9,9200510.0,1,17,5,3,5,2,2,1,1,0,0,0,0,0,13.51255403,52.4627765,2,0.5,16 to 20
10,10300734.0,1,6,3,2,6,2,2,0,1,1,0,0,0,1,13.56177817,52.49387951,2,0.0,04 to 08
1,1100309.0,1,17,4,3,1,5,2,1,1,0,0,0,0,0,13.4076858,52.52658445,2,0.5,16 to 20
2,2300419.0,1,18,3,3,2,6,2,0,1,0,1,0,0,1,13.44388478,52.50003348,2,0.0,16 to 20
4,4501149.0,1,16,4,3,2,6,2,0,1,0,0,0,0,1,13.32270294,52.48853703,1,0.0,16 to 20
10,10200628.0,1,5,3,3,9,1,2,0,1,0,0,0,0,1,13.59118323,52.52934567,1,0.0,04 to 08
12,12200412.0,1,12,6,1,5,2,0,1,0,0,0,1,0,0,13.29797705,52.57820772,2,0.5,12 to 16
9,9300920.0,1,17,3,3,5,2,2,1,1,0,0,0,0,1,13.52642609,52.42465081,2,0.5,16 to 20
4,4300624.0,1,16,4,3,6,7,1,0,1,1,0,0,0,1,13.32082066,52.50744398,2,0.0,16 to 20
4,4500939.0,1,17,3,3,6,2,2,0,1,1,0,0,0,1,13.30519969,52.49689881,2,0.0,16 to 20
3,3200207.0,1,14,4,3,2,7,0,0,1,0,0,0,1,0,13.40376773,52.59040495,2,0.0,12 to 16
11,11300722.0,1,16,3,2,6,4,2,0,1,1,0,0,0,1,13.48592712,52.52097128,2,0.0,16 to 20
5,5100313.0,1,14,3,3,2,6,0,0,1,0,0,0,0,0,13.20986236,52.54805156,1,0.0,12 to 16
5,5100316.0,1,15,4,3,0,6,0,0,1,0,1,0,0,1,13.20418341,52.54054066,2,0.0,12 to 16
4,4400834.0,1,10,3,3,2,2,0,0,1,0,0,0,1,0,13.31013167,52.47895731,2,0.0,08 to 12
3,3601243.0,1,16,3,3,3,6,2,0,1,0,0,0,0,1,13.42254319,52.55271377,1,0.0,16 to 20
10,10300731.0,1,22,5,3,1,5,2,0,1,0,0,0,0,0,13.55893376,52.53232115,1,0.0,20 to 24
1,1100309.0,1,17,3,2,6,4,2,0,1,1,0,0,0,1,13.3924095,52.52410094,2,0.0,16 to 20
11,11400929.0,1,6,4,3,1,5,1,0,1,0,0,0,0,0,13.48615699,52.50263493,1,0.0,04 to 08
4,4100102.0,1,15,4,3,0,2,0,0,0,0,1,0,1,0,13.29385903,52.53476601,2,0.0,12 to 16
1,1300836.0,1,14,3,3,5,2,0,1,1,0,0,0,0,0,13.3710316,52.5444767,2,0.5,12 to 16
11,11300617.0,1,11,4,2,6,7,0,0,0,1,0,1,0,0,13.47409086,52.53265897,2,0.0,08 to 12
7,7601545.0,1,16,3,3,1,5,2,0,1,0,0,0,1,1,13.41993782,52.39216481,2,0.0,16 to 20
4,4300623.0,1,16,3,3,5,7,2,1,1,0,0,0,0,1,13.30721287,52.5078939,2,0.5,16 to 20
9,9200715.0,1,10,3,1,5,3,0,0,1,0,1,0,0,1,13.52233549,52.42852743,2,0.0,08 to 12
7,7601341.0,1,14,4,3,5,3,0,1,1,0,0,0,0,0,13.38247377,52.40293962,2,0.5,12 to 16
1,1100416.0,1,10,3,3,4,6,0,1,0,0,1,0,0,1,13.40426828,52.53413673,2,0.5,08 to 12
2,2100102.0,1,18,2,3,0,4,2,0,0,1,0,0,1,0,13.39206799,52.49795849,2,0.0,16 to 20
3,3300411.0,1,6,5,2,5,3,2,1,0,0,0,0,0,1,13.48802559,52.61854977,1,1.0,04 to 08
3,3601244.0,1,14,2,3,5,3,0,1,1,0,0,0,0,0,13.4288647,52.55139303,2,0.5,12 to 16
6,6400843.0,1,18,4,2,0,3,2,0,1,0,1,0,0,1,13.29285925,52.45811743,2,0.0,16 to 20
4,4200308.0,1,13,4,3,2,6,0,0,1,0,0,0,0,0,13.26525338,52.52083103,1,0.0,12 to 16
2,2300314.0,1,13,2,3,5,3,0,0,1,0,0,0,0,0,13.41678215,52.50430807,1,0.0,12 to 16
7,7400826.0,1,12,4,3,2,6,0,0,1,0,0,0,0,1,13.36176069,52.44717793,1,0.0,12 to 16
9,9401635.0,1,13,2,2,9,1,0,0,1,0,0,0,0,1,13.69775997,52.40476328,1,0.0,12 to 16
4,4500938.0,1,12,2,3,6,3,0,0,1,1,0,0,0,0,13.29055259,52.49437761,2,0.0,12 to 16
8,8100206.0,1,22,4,3,0,3,2,1,0,0,0,0,1,0,13.43169026,52.48150065,2,0.5,20 to 24
7,7601341.0,1,12,2,3,0,1,0,1,0,0,0,0,0,0,13.37598283,52.40911315,1,1.0,12 to 16
12,12100103.0,1,7,4,3,0,2,0,1,1,0,0,0,0,0,13.35922599,52.57425024,2,0.5,04 to 08
4,4501042.0,1,12,2,3,2,6,0,1,1,0,0,0,0,0,13.32545008,52.50382019,2,0.5,12 to 16
6,6200313.0,1,11,2,3,2,6,0,0,1,0,0,0,0,0,13.34670961,52.43578275,1,0.0,08 to 12
1,1100206.0,1,18,4,3,1,5,2,1,1,0,0,0,0,1,13.38820062,52.52070188,2,0.5,16 to 20
11,11400927.0,1,11,2,3,0,2,0,1,1,0,0,0,0,0,13.47138835,52.50515791,2,0.5,08 to 12
11,11300725.0,1,9,5,3,5,3,0,0,1,0,0,0,0,1,13.49932025,52.5181586,1,0.0,08 to 12
9,9501737.0,1,11,2,3,5,2,0,1,1,0,0,0,0,0,13.62455175,52.4505072,2,0.5,08 to 12
8,8100209.0,1,16,4,3,6,4,1,0,0,1,0,0,1,0,13.4377124,52.46525265,2,0.0,16 to 20
4,4300622.0,1,11,2,3,5,2,0,0,1,0,0,0,0,0,13.33128531,52.5067953,1,0.0,08 to 12
6,6300526.0,1,20,4,3,1,5,2,1,1,0,0,0,0,0,13.25975476,52.42960604,2,0.5,20 to 24
1,1401045.0,1,11,2,3,0,6,0,0,1,0,1,0,0,0,13.37953584,52.55641194,2,0.0,08 to 12
7,7400928.0,1,23,6,3,5,2,2,1,1,0,0,0,0,0,13.42146662,52.46523856,2,0.5,20 to 24
4,4501153.0,1,10,2,3,2,2,0,0,1,0,0,0,0,1,13.33278095,52.47855597,1,0.0,08 to 12
9,9200715.0,1,8,4,3,5,3,0,1,0,0,0,0,0,0,13.53901133,52.43420703,1,1.0,08 to 12
9,9100408.0,1,8,2,3,5,2,0,1,1,0,0,0,0,0,13.51109213,52.44489424,2,0.5,08 to 12
11,11400929.0,1,10,5,2,6,4,0,0,0,1,0,0,1,1,13.50044189,52.51072499,2,0.0,08 to 12
1,1400942.0,1,8,2,3,2,6,0,0,1,0,0,0,0,0,13.3491152,52.54234175,1,0.0,08 to 12
1,1100310.0,1,8,2,3,5,2,0,1,0,0,0,1,0,1,13.40959879,52.52395155,2,0.5,08 to 12
9,9401329.0,1,7,5,2,6,4,2,0,1,1,0,0,0,1,13.58510068,52.42776221,2,0.0,04 to 08
6,6100102.0,1,8,2,3,6,4,0,0,1,1,0,0,0,0,13.32176679,52.45663671,2,0.0,08 to 12
3,3300517.0,1,7,2,3,0,6,1,0,1,0,0,0,1,1,13.47753763,52.56691662,2,0.0,04 to 08
2,2500832.0,1,16,4,3,3,6,1,1,1,0,0,0,0,0,13.47044918,52.50635321,2,0.5,16 to 20
3,3500934.0,1,19,2,3,5,3,2,1,1,0,0,0,0,1,13.43280084,52.55722031,2,0.5,16 to 20
2,2200210.0,1,18,5,3,6,4,2,1,0,1,0,0,0,0,13.39957539,52.49610041,2,0.5,16 to 20
12,12200515.0,1,18,2,3,5,3,2,1,1,0,0,0,0,0,13.28442761,52.59449492,2,0.5,16 to 20
10,10100313.0,1,9,4,3,5,3,0,0,1,0,0,0,0,1,13.54297721,52.53664114,1,0.0,08 to 12
1,1100414.0,1,18,2,3,0,6,2,0,1,0,1,0,0,0,13.38629275,52.53290208,2,0.0,16 to 20
1,1200626.0,1,13,4,3,1,5,0,1,0,0,0,0,1,0,13.34376761,52.5252691,2,0.5,12 to 16
1,1100206.0,1,18,2,3,6,7,2,0,0,1,1,0,0,0,13.38837158,52.51963144,2,0.0,16 to 20
8,8100314.0,1,16,2,3,2,6,1,0,1,0,0,0,0,0,13.4357323,52.48093135,1,0.0,16 to 20
1,1400938.0,1,9,4,3,6,4,0,0,1,1,0,0,0,1,13.34352345,52.54932747,2,0.0,08 to 12
11,11300617.0,1,9,3,3,2,6,0,0,1,0,0,0,0,0,13.46183768,52.52990445,1,0.0,08 to 12
7,7501133.0,1,16,2,3,2,6,1,0,1,0,0,0,0,0,13.38952376,52.43427391,1,0.0,16 to 20
1,1100416.0,1,9,4,3,1,5,0,1,1,0,0,0,0,1,13.40698891,52.53522561,2,0.5,08 to 12
3,3200308.0,1,8,3,3,5,2,0,1,1,0,0,0,0,1,13.42860647,52.59946401,2,0.5,08 to 12
9,9200715.0,1,15,2,3,5,3,0,0,1,0,0,0,0,0,13.52701319,52.43763971,1,0.0,12 to 16
9,9501737.0,1,15,5,2,0,3,0,1,0,0,1,0,0,1,13.63026738,52.45057789,2,0.5,12 to 16
4,4200203.0,1,15,2,3,1,5,0,0,1,0,0,0,0,0,13.24512258,52.52266591,1,0.0,12 to 16
3,3300411.0,1,14,2,3,6,4,0,0,1,1,0,0,0,0,13.49236716,52.61606513,2,0.0,12 to 16
6,6100101.0,1,22,4,3,6,2,2,0,1,1,0,0,0,0,13.32048264,52.45679021,2,0.0,20 to 24
11,11300721.0,1,14,4,3,2,6,0,0,1,0,0,0,0,0,13.49218086,52.52303262,1,0.0,12 to 16
9,9200715.0,1,7,2,3,2,6,1,0,1,0,0,0,0,1,13.53916093,52.43695911,1,0.0,04 to 08
8,8100417.0,1,7,2,3,5,3,1,1,0,0,0,0,1,0,13.44588619,52.47227476,2,0.5,04 to 08
3,3400721.0,1,7,2,3,5,2,1,1,1,0,0,0,0,1,13.40263638,52.56557381,2,0.5,04 to 08
12,12200309.0,1,7,4,3,5,2,1,0,1,0,0,0,0,1,13.33051634,52.56251124,1,0.0,04 to 08
4,4100101.0,1,8,3,3,2,6,0,0,1,0,0,0,0,1,13.29475933,52.53941866,1,0.0,08 to 12
3,3500934.0,1,7,2,3,5,3,1,1,1,0,0,0,0,1,13.43260387,52.55752969,2,0.5,04 to 08
2,2300315.0,1,13,5,3,1,5,0,1,1,0,0,0,0,0,13.42383046,52.50002419,2,0.5,12 to 16
2,2200208.0,1,15,4,3,5,7,0,0,1,0,0,0,1,0,13.38178252,52.49711764,2,0.0,12 to 16
8,8401139.0,1,6,2,3,5,2,2,0,1,0,0,0,0,1,13.45903539,52.44036358,1,0.0,04 to 08
8,8200624.0,1,17,4,2,5,3,2,0,1,0,0,0,0,1,13.43301032,52.45240588,1,0.0,16 to 20
5,5300737.0,1,6,2,3,5,2,2,1,1,0,0,0,0,0,13.24702546,52.54397578,2,0.5,04 to 08
1,1300733.0,1,21,5,3,5,7,2,0,1,0,0,0,0,0,13.38374947,52.55502506,1,0.0,20 to 24
11,11100204.0,1,18,4,3,6,4,2,0,1,1,0,0,0,0,13.52352184,52.56574176,2,0.0,16 to 20
1,1100205.0,1,6,2,3,5,3,2,0,1,0,1,0,0,0,13.37707033,52.50858378,2,0.0,04 to 08
2,2200213.0,1,18,4,3,2,7,2,1,1,0,0,0,0,1,13.40818129,52.4930419,2,0.5,16 to 20
6,6200312.0,1,1,4,1,8,7,2,0,0,0,1,0,0,0,13.34053875,52.44359796,1,0.0,00 to 04
8,8100313.0,1,4,2,2,5,3,2,0,1,0,1,0,0,0,13.44624742,52.48633773,2,0.0,04 to 08
6,6100207.0,1,8,3,3,5,2,0,1,1,0,0,0,0,0,13.31539262,52.45144979,2,0.5,08 to 12
11,11100204.0,1,4,2,3,5,2,2,1,1,0,0,0,0,0,13.5273191,52.55647879,2,0.5,04 to 08
1,1200627.0,1,4,2,3,8,1,2,0,1,0,0,0,0,1,13.36423448,52.52764212,1,0.0,04 to 08
1,1100206.0,1,8,3,3,5,2,0,1,1,0,0,0,0,0,13.38043628,52.51810128,2,0.5,08 to 12
4,4200311.0,1,2,1,3,8,1,2,0,1,0,0,0,0,1,13.27200785,52.49878669,1,0.0,00 to 04
8,8100415.0,1,8,5,3,5,3,0,1,1,0,0,0,0,1,13.4479356,52.47798848,2,0.5,08 to 12
11,11100204.0,1,6,4,3,2,6,2,0,1,0,0,1,0,1,13.52836997,52.55704661,2,0.0,04 to 08
4,4300624.0,1,19,1,3,6,7,2,0,1,1,0,0,0,0,13.31769792,52.50614468,2,0.0,16 to 20
2,2500835.0,1,3,1,3,9,1,2,0,1,1,0,0,0,1,13.46648115,52.50207899,2,0.0,00 to 04
8,8200726.0,1,11,3,3,6,4,0,0,1,1,0,0,0,0,13.43675209,52.44964025,2,0.0,08 to 12
2,2300419.0,1,0,1,3,6,4,2,0,1,1,0,0,0,0,13.44407573,52.49996549,2,0.0,00 to 04
5,5100104.0,1,22,1,3,2,6,2,0,1,0,0,0,0,1,13.21848337,52.56028477,1,0.0,20 to 24
10,10400940.0,1,15,3,3,6,4,0,0,1,1,0,0,0,0,13.601415,52.48256787,2,0.0,12 to 16
8,8200623.0,1,20,1,3,5,5,2,0,1,0,0,0,0,0,13.43672919,52.45711022,1,0.0,20 to 24
11,11200513.0,1,20,1,3,6,7,2,0,1,1,0,0,0,0,13.49238555,52.53912201,2,0.0,20 to 24
2,2300418.0,1,14,3,3,1,5,0,1,1,0,0,0,0,0,13.43689836,52.49294204,2,0.5,12 to 16
4,4100101.0,1,19,1,3,2,6,2,0,1,0,0,0,0,0,13.29643915,52.54845513,1,0.0,16 to 20
3,3200310.0,1,6,5,2,6,4,2,0,1,1,0,0,0,1,13.43047759,52.6105666,2,0.0,04 to 08
1,1100309.0,1,15,3,3,6,2,0,0,0,1,0,0,1,0,13.3925741,52.52827975,2,0.0,12 to 16
3,3601243.0,1,19,1,3,5,3,2,0,1,0,0,0,1,0,13.41838286,52.55330239,2,0.0,16 to 20
1,1401045.0,1,18,1,3,1,5,2,0,1,0,0,0,0,0,13.37601511,52.55468636,1,0.0,16 to 20
9,9200819.0,1,14,3,3,6,7,0,1,0,1,0,0,0,0,13.56925434,52.443239,2,0.5,12 to 16
4,4400727.0,1,8,3,3,5,3,0,0,1,0,0,0,0,1,13.28563375,52.48290888,1,0.0,08 to 12
8,8100418.0,1,17,1,3,1,5,1,1,1,0,0,0,0,0,13.44318023,52.48075032,2,0.5,16 to 20
4,4501045.0,1,17,5,3,6,4,2,0,1,1,0,0,0,0,13.32447744,52.49793583,2,0.0,16 to 20
4,4200311.0,1,12,1,3,5,2,0,0,1,0,0,0,0,0,13.27690842,52.50706503,1,0.0,12 to 16
5,5400942.0,1,14,3,3,5,3,0,1,1,0,0,0,0,0,13.16247388,52.46472868,2,0.5,12 to 16
12,12601134.0,1,21,7,3,5,3,2,0,1,0,0,0,0,1,13.35135969,52.60390191,1,0.0,20 to 24
4,4300416.0,1,8,4,3,3,6,0,0,1,0,0,0,0,0,13.30229356,52.50753795,1,0.0,08 to 12
12,12200309.0,1,23,6,3,5,3,2,0,1,0,1,0,0,0,13.32797355,52.56412308,2,0.0,20 to 24
10,10200628.0,1,19,7,3,2,6,2,0,1,0,0,0,0,1,13.59558476,52.52872567,1,0.0,16 to 20
9,9300922.0,1,12,3,3,5,3,0,1,1,0,0,0,0,0,13.5281026,52.40250226,2,0.5,12 to 16
8,8100206.0,1,19,7,3,6,7,2,0,1,1,0,0,0,1,13.42491345,52.48154015,2,0.0,16 to 20
4,4400727.0,1,14,4,3,1,5,0,1,1,0,0,0,0,0,13.29113358,52.49152307,2,0.5,12 to 16
12,12200308.0,1,17,7,3,5,3,2,0,1,0,0,0,0,1,13.31871013,52.57397266,1,0.0,16 to 20
4,4300622.0,1,18,7,3,6,4,2,0,1,1,0,0,0,1,13.33042197,52.51277291,2,0.0,16 to 20
1,1401049.0,1,11,3,2,0,4,0,0,0,1,0,0,1,0,13.37236425,52.55667653,2,0.0,08 to 12
5,5100313.0,1,8,3,3,2,6,0,0,1,0,0,0,0,1,13.20992705,52.5506659,1,0.0,08 to 12
8,8401242.0,1,18,7,3,5,3,2,0,1,0,0,0,0,1,13.48462182,52.41723963,1,0.0,16 to 20
2,2300315.0,1,23,5,3,5,3,2,0,1,0,0,0,1,1,13.42645441,52.49940113,2,0.0,20 to 24
4,4300517.0,1,14,3,3,5,3,0,0,1,0,0,0,0,1,13.30385558,52.52561083,1,0.0,12 to 16
4,4501152.0,1,16,7,3,2,6,2,0,1,0,0,0,0,1,13.33102488,52.49063858,1,0.0,16 to 20
10,10100316.0,1,7,4,3,6,4,1,0,0,1,1,0,0,1,13.571488,52.54065857,2,0.0,04 to 08
4,4300414.0,1,11,3,3,5,2,0,0,1,0,1,0,0,1,13.28909089,52.5108633,2,0.0,08 to 12
7,7200409.0,1,15,7,3,2,6,0,1,1,0,0,0,0,0,13.35327684,52.4896287,2,0.5,12 to 16
9,9501939.0,1,16,7,3,0,1,1,1,0,0,0,0,0,1,13.57408072,52.45412479,1,1.0,16 to 20
1,1100309.0,1,14,7,2,5,3,0,1,0,0,0,0,0,1,13.40510505,52.52876996,1,1.0,12 to 16
8,8301036.0,1,13,7,3,8,1,0,0,1,0,0,0,0,1,13.46191356,52.42207064,1,0.0,12 to 16
3,3300412.0,1,13,7,3,0,7,0,1,0,0,0,0,0,1,13.46256869,52.6122073,1,1.0,12 to 16
8,8200727.0,1,11,3,3,5,3,0,1,1,0,0,0,0,0,13.45188881,52.43785515,2,0.5,08 to 12
7,7501029.0,1,16,3,2,5,2,2,0,1,0,1,0,0,1,13.37883988,52.43766189,2,0.0,16 to 20
6,6400735.0,1,12,7,2,2,7,0,0,0,0,1,1,0,1,13.17745372,52.42129751,2,0.0,12 to 16
10,10400835.0,1,19,5,3,1,5,2,0,1,0,0,0,0,0,13.60182872,52.52806949,1,0.0,16 to 20
1,1100310.0,1,7,7,2,6,4,2,0,1,1,0,0,0,1,13.40354899,52.52095437,2,0.0,04 to 08
1,1100206.0,1,18,4,3,5,3,2,0,1,0,0,0,0,1,13.38911608,52.51563295,1,0.0,16 to 20
11,11200514.0,1,21,3,3,3,6,2,0,1,0,1,0,0,0,13.47495947,52.5342936,2,0.0,20 to 24
8,8100102.0,1,22,7,3,6,4,2,0,0,1,0,0,1,1,13.4262738,52.47726689,2,0.0,20 to 24
5,5100206.0,1,20,3,2,0,2,2,0,1,0,1,0,0,0,13.15777144,52.56118999,2,0.0,20 to 24
6,6200421.0,1,16,6,3,6,7,1,0,1,0,0,0,1,0,13.31135411,52.43059246,2,0.0,16 to 20
2,2400522.0,1,17,6,3,3,6,1,1,0,0,0,0,0,0,13.44354607,52.52507877,1,1.0,16 to 20
2,2100103.0,1,19,3,3,0,2,2,1,1,0,0,0,0,0,13.39700281,52.50014364,2,0.5,16 to 20
11,11300722.0,1,7,6,3,6,4,1,0,1,1,0,0,0,0,13.4829333,52.52322456,2,0.0,04 to 08
8,8100104.0,1,8,5,3,5,2,0,1,1,0,0,0,0,1,13.42896304,52.47189593,2,0.5,08 to 12
11,11200513.0,1,16,3,3,0,6,1,1,1,0,0,0,0,0,13.4949248,52.54536785,2,0.5,16 to 20
1,1100310.0,1,16,6,3,0,2,1,0,1,0,0,0,1,0,13.40942383,52.52224936,2,0.0,16 to 20
8,8100105.0,1,17,3,3,6,7,2,0,0,1,0,0,1,0,13.43207886,52.46644741,2,0.0,16 to 20
1,1100206.0,1,11,6,3,6,2,0,0,1,1,0,0,0,0,13.38879409,52.51723274,2,0.0,08 to 12
6,6300632.0,1,13,5,2,5,3,0,0,1,0,0,0,0,1,13.30306124,52.42773389,1,0.0,12 to 16
8,8100208.0,1,11,6,3,2,6,0,0,1,0,0,0,0,0,13.44120036,52.47218767,1,0.0,08 to 12
1,1100103.0,1,18,4,3,3,6,1,0,1,0,0,0,0,0,13.35149316,52.50505992,1,0.0,16 to 20
7,7100101.0,1,11,6,3,6,4,0,0,1,1,0,0,0,0,13.34253624,52.5021543,2,0.0,08 to 12
1,1300836.0,1,19,3,3,5,3,2,1,1,0,0,0,0,0,13.37549826,52.5423259,2,0.5,16 to 20
3,3400827.0,1,10,6,3,5,3,0,0,1,0,0,0,1,0,13.4183511,52.55980587,2,0.0,08 to 12
11,11100308.0,1,7,6,2,6,4,1,0,1,1,0,0,0,1,13.4939808,52.56497168,2,0.0,04 to 08
10,10100313.0,1,10,6,3,2,2,0,0,1,0,0,0,0,0,13.54783778,52.54159985,1,0.0,08 to 12
3,3601245.0,1,18,3,2,6,4,2,0,1,1,0,0,0,0,13.4275747,52.54584132,2,0.0,16 to 20
5,5100101.0,1,11,6,3,5,3,0,1,1,0,0,0,0,0,13.19656314,52.56292973,2,0.5,08 to 12
11,11100203.0,1,5,5,3,5,2,2,1,1,0,0,0,0,1,13.54010619,52.56530093,2,0.5,04 to 08
9,9200819.0,1,17,6,2,6,4,2,0,0,1,0,0,1,0,13.56765211,52.44486407,2,0.0,16 to 20
11,11401135.0,1,17,6,2,6,4,2,0,1,1,0,0,0,0,13.50892991,52.4949865,2,0.0,16 to 20
11,11300617.0,1,17,3,3,2,6,2,0,1,0,0,0,0,0,13.473546,52.53253683,1,0.0,16 to 20
3,3300515.0,1,17,6,2,5,2,2,0,1,0,1,0,0,0,13.45315063,52.58988361,2,0.0,16 to 20
12,12200308.0,1,15,6,3,2,7,0,0,0,0,1,0,1,0,13.31583772,52.57103481,2,0.0,12 to 16
4,4400728.0,1,10,3,2,6,4,0,0,1,1,0,0,0,0,13.28119482,52.48233093,2,0.0,08 to 12
5,5100103.0,1,15,6,3,5,3,0,0,1,0,0,0,0,0,13.21078891,52.56746303,1,0.0,12 to 16
8,8100415.0,1,14,5,3,2,6,0,0,1,0,0,0,0,0,13.44647226,52.47847455,1,0.0,12 to 16
4,4501148.0,1,13,6,2,5,2,0,0,1,0,1,0,0,0,13.3129956,52.48036743,2,0.0,12 to 16
10,10200629.0,1,9,3,3,6,2,0,0,1,1,0,0,0,1,13.58723171,52.52328075,2,0.0,08 to 12
3,3601142.0,1,12,6,2,6,4,0,0,1,1,0,0,0,0,13.41326838,52.547674,2,0.0,12 to 16
12,12601031.0,1,13,4,3,6,2,0,0,0,1,0,0,1,0,13.32642045,52.60450594,2,0.0,12 to 16
1,1200520.0,1,17,3,3,6,2,1,0,1,1,0,0,0,1,13.34302281,52.52616607,2,0.0,16 to 20
1,1200517.0,1,12,6,3,5,7,0,0,1,0,1,0,0,0,13.32726059,52.53274733,2,0.0,12 to 16
10,10100210.0,1,11,6,2,5,3,0,1,1,0,0,0,0,0,13.55376954,52.54911799,2,0.5,08 to 12
2,2500831.0,1,8,3,3,5,3,0,1,1,0,0,0,0,0,13.46637221,52.50867743,2,0.5,08 to 12
12,12100205.0,1,16,3,3,1,5,1,0,1,0,0,0,0,1,13.35712256,52.57744296,1,0.0,16 to 20
1,1100310.0,1,23,6,3,6,7,2,1,1,1,0,0,0,1,13.41332279,52.52779789,3,0.3333333333333333,20 to 24