bez,lor_ab_2021,umonat,ustunde,uwochentag,ukategorie,uart,utyp1,ulichtverh,istrad,istpkw,istfuss,istkrad,istgkfz,istsonstige,ustrzustand,xgcswgs84,ygcswgs84,all_acc,perc_bike_acc,rushhours
12,12200412.0,1,21,5,2,6,4,2,0,1,1,0,0,0,0,13.29407478,52.57717594,2,0.0,20 to 24
5,5400943.0,1,20,3,2,6,2,2,0,1,1,0,0,0,1,13.14423214,52.45430903,2,0.0,20 to 24
1,1100416.0,1,22,6,3,6,4,2,0,1,1,0,0,0,0,13.4017617,52.53036777,2,0.0,20 to 24
6,6300528.0,1,13,5,2,1,1,0,0,1,0,0,1,0,1,13.27519238,52.42663388,2,0.0,12 to 16
12,12200412.0,1,20,6,3,5,3,2,0,1,0,0,0,0,0,13.30660447,52.57743761,1,0.0,20 to 24
1,1200628.0,1,19,6,3,3,6,2,1,1,0,0,0,0,0,13.35923436,52.52331841,2,0.5,16 to 20
2,2200210.0,1,9,4,3,3,6,0,1,0,0,0,0,1,0,13.39445604,52.49758619,2,0.5,08 to 12
1,1100103.0,1,18,6,3,5,5,2,0,1,0,0,0,0,0,13.35711865,52.50130464,1,0.0,16 to 20
1,1100308.0,1,17,6,3,5,2,2,0,1,0,1,0,0,0,13.3801578,52.51971561,2,0.0,16 to 20
12,12400618.0,1,7,6,3,6,4,1,0,1,1,0,0,0,1,13.23066875,52.62455188,2,0.0,04 to 08
1,1100414.0,1,8,3,3,6,4,0,0,0,1,1,0,0,0,13.38666824,52.53306864,2,0.0,08 to 12
3,3601243.0,1,16,3,3,6,2,1,0,1,1,0,0,0,1,13.42076997,52.5488798,2,0.0,16 to 20
11,11200410.0,1,7,6,3,2,6,0,0,1,0,0,0,0,1,13.52463772,52.55523086,1,0.0,04 to 08
1,1401046.0,1,13,5,3,5,2,0,1,1,0,0,0,0,1,13.34510175,52.53905633,2,0.5,12 to 16
11,11300617.0,1,6,6,3,2,6,2,0,1,0,0,0,0,0,13.46165123,52.52986165,1,0.0,04 to 08
4,4501042.0,1,18,4,3,2,6,2,0,1,0,0,0,0,1,13.32618733,52.50017534,1,0.0,16 to 20
11,11300723.0,1,6,6,3,2,2,2,0,1,0,0,0,1,0,13.49940235,52.52025365,2,0.0,04 to 08
2,2100101.0,1,7,3,3,2,6,1,0,1,0,0,0,0,0,13.38890322,52.49875699,1,0.0,04 to 08
7,7100102.0,1,4,6,3,5,3,2,1,1,0,0,0,0,0,13.35299156,52.49933066,2,0.5,04 to 08
5,5100208.0,1,6,4,3,5,2,1,0,1,0,0,0,0,1,13.16539948,52.55120206,1,0.0,04 to 08
6,6100102.0,1,6,3,3,2,6,1,0,1,0,0,0,0,1,13.31927381,52.45367281,1,0.0,04 to 08
5,5100317.0,1,13,6,3,6,7,0,1,0,1,0,0,0,0,13.24563349,52.52478645,2,0.5,12 to 16
10,10300732.0,1,5,3,3,0,1,2,0,1,0,0,0,0,0,13.57523773,52.53077298,1,0.0,04 to 08
10,10100313.0,1,2,5,3,0,1,2,1,0,0,0,0,0,1,13.55057086,52.5429679,1,1.0,00 to 04
2,2100102.0,1,21,5,3,6,4,2,0,0,1,0,0,1,0,13.39490247,52.50048664,2,0.0,20 to 24
12,12200412.0,1,13,3,1,4,5,0,0,1,0,0,1,0,0,13.27796902,52.57572987,2,0.0,12 to 16
1,1100102.0,1,7,5,3,0,2,2,0,1,0,1,0,0,0,13.35463245,52.51708727,2,0.0,04 to 08
8,8401139.0,1,8,5,3,5,3,0,0,1,0,0,0,1,1,13.45905337,52.44040983,2,0.0,08 to 12
9,9502043.0,1,7,5,3,5,2,0,0,1,0,0,0,0,1,13.5532321,52.46968997,1,0.0,04 to 08
1,1200522.0,1,14,5,3,5,3,0,1,0,0,0,0,1,0,13.33007545,52.52379294,2,0.5,12 to 16
7,7300517.0,1,13,2,3,6,2,0,0,1,1,0,0,0,0,13.32856934,52.47345899,2,0.0,12 to 16
3,3601141.0,1,14,5,3,2,6,0,0,1,0,0,0,0,0,13.41388459,52.55363519,1,0.0,12 to 16
7,7100205.0,1,13,6,3,5,3,0,1,1,0,0,0,0,0,13.36548733,52.49738139,2,0.5,12 to 16
9,9501939.0,1,14,5,3,5,2,0,1,1,0,0,0,0,0,13.57703862,52.45578013,2,0.5,12 to 16
12,12400722.0,1,13,2,3,5,3,0,0,1,0,0,0,0,0,13.30268469,52.61807209,1,0.0,12 to 16
1,1200517.0,1,15,5,3,5,3,0,1,1,0,0,0,0,0,13.32029135,52.53144975,2,0.5,12 to 16
4,4100101.0,1,14,5,3,3,6,0,0,1,0,0,0,0,1,13.32608341,52.53854064,1,0.0,12 to 16
7,7400928.0,1,12,5,3,3,6,0,1,1,0,0,0,0,0,13.42141644,52.46566719,2,0.5,12 to 16
1,1100101.0,1,9,2,3,5,2,0,0,1,0,1,0,0,1,13.34609026,52.50403028,2,0.0,08 to 12
1,1200519.0,1,12,5,3,2,2,0,0,1,0,0,0,0,0,13.33535804,52.52670931,1,0.0,12 to 16
5,5100104.0,1,7,5,2,6,2,1,0,1,1,0,0,0,1,13.208659,52.56159151,2,0.0,04 to 08
1,1100310.0,1,12,5,2,6,4,0,0,0,1,0,0,1,0,13.41537892,52.52271245,2,0.0,12 to 16
8,8100521.0,1,10,5,3,5,2,0,0,1,0,0,0,0,0,13.46780086,52.46053919,1,0.0,08 to 12
1,1100309.0,1,12,2,3,0,2,0,0,0,0,0,1,1,0,13.38999114,52.52569301,2,0.0,12 to 16
1,1100207.0,1,9,5,3,2,6,0,1,1,0,0,0,0,0,13.39185787,52.51026521,2,0.5,08 to 12
1,1100311.0,1,18,5,3,6,4,2,0,1,1,0,0,0,0,13.42272851,52.51389143,2,0.0,16 to 20
11,11300721.0,1,8,5,3,2,2,0,0,1,0,0,0,0,0,13.49977666,52.526363,1,0.0,08 to 12
1,1400938.0,1,14,2,3,5,2,0,1,1,0,0,0,0,0,13.34358696,52.55328982,2,0.5,12 to 16
9,9401534.0,1,8,5,3,1,6,0,1,1,0,0,0,0,0,13.57719865,52.4441267,2,0.5,08 to 12
4,4501045.0,1,13,4,3,5,3,0,1,1,0,0,0,0,0,13.32438254,52.49781359,2,0.5,12 to 16
7,7601442.0,1,7,5,3,2,2,1,0,1,0,1,0,0,1,13.40642207,52.39848902,2,0.0,04 to 08
3,3400620.0,1,17,4,3,1,5,2,0,1,0,0,0,1,1,13.38880986,52.56926985,2,0.0,16 to 20
5,5100315.0,1,6,5,2,6,2,2,0,1,1,0,0,0,0,13.19348819,52.54886006,2,0.0,04 to 08
1,1401047.0,1,6,5,3,5,2,2,0,1,0,0,0,0,0,13.35912477,52.54645867,1,0.0,04 to 08
6,6100206.0,1,13,2,3,0,6,0,0,1,0,0,0,1,0,13.3334972,52.45210826,2,0.0,12 to 16
8,8100105.0,1,20,3,3,9,1,2,0,1,0,0,0,0,1,13.42535122,52.46371107,1,0.0,20 to 24
11,11200512.0,1,18,5,2,6,3,2,0,1,1,0,0,0,0,13.47166258,52.53791892,2,0.0,16 to 20
1,1100308.0,1,14,5,3,1,5,0,1,1,0,0,0,0,0,13.37752348,52.52917166,2,0.5,12 to 16
1,1100416.0,1,18,5,3,5,3,2,1,1,0,0,0,0,0,13.40622328,52.53216898,2,0.5,16 to 20
1,1300836.0,1,22,3,3,6,2,2,0,0,1,0,0,1,1,13.37040921,52.54464152,2,0.0,20 to 24
2,2300417.0,1,7,5,3,5,2,1,1,1,0,0,0,0,1,13.43200539,52.49733435,2,0.5,04 to 08
1,1400942.0,1,9,4,3,2,6,0,0,1,0,0,0,0,0,13.34629068,52.54766448,1,0.0,08 to 12
3,3400725.0,1,7,3,3,6,2,0,0,1,1,0,0,0,1,13.42342011,52.58583443,2,0.0,04 to 08
6,6300632.0,1,20,5,3,1,5,2,1,1,0,0,0,0,0,13.29066637,52.42944987,2,0.5,20 to 24
12,12400617.0,1,17,5,3,6,4,2,0,1,1,0,0,0,0,13.21297172,52.60863435,2,0.0,16 to 20
11,11300721.0,1,7,5,3,5,3,1,1,0,0,0,0,1,0,13.49941325,52.52288843,2,0.5,04 to 08
5,5100317.0,1,13,2,3,5,3,0,1,1,0,0,0,0,0,13.20675029,52.53411522,2,0.5,12 to 16
8,8200832.0,1,15,4,2,6,4,0,0,1,1,0,0,0,0,13.424405,52.42416938,2,0.0,12 to 16
7,7601339.0,1,13,5,3,5,2,0,0,1,0,0,0,0,1,13.35016871,52.41428367,1,0.0,12 to 16
1,1100416.0,2,4,2,3,5,3,2,0,1,0,0,0,0,1,13.40240597,52.53847485,1,0.0,04 to 08
9,9200717.0,2,17,1,3,0,7,2,0,1,0,1,0,0,0,13.55119004,52.4390485,2,0.0,16 to 20
1,1401048.0,2,13,2,3,2,2,0,0,1,0,0,0,1,1,13.3589485,52.55385951,2,0.0,12 to 16
1,1200520.0,2,6,2,3,6,4,1,0,0,1,1,0,0,0,13.34320651,52.53203274,2,0.0,04 to 08
4,4501042.0,2,15,1,3,2,6,0,0,1,0,0,0,0,1,13.33098673,52.50527175,1,0.0,12 to 16
8,8200832.0,2,15,4,3,0,3,0,1,0,0,0,0,1,0,13.43690022,52.42340472,2,0.5,12 to 16
2,2300315.0,2,20,1,3,5,3,2,0,1,0,1,0,0,1,13.42631579,52.49933222,2,0.0,20 to 24
2,2400521.0,2,17,1,3,5,3,2,1,1,0,0,0,0,0,13.44089772,52.52446458,2,0.5,16 to 20
8,8100208.0,2,18,2,3,1,5,2,1,1,0,0,0,0,1,13.43155418,52.47004117,2,0.5,16 to 20
2,2400625.0,2,16,1,3,0,7,0,0,1,0,0,0,1,0,13.43615794,52.50760531,2,0.0,16 to 20
7,7300517.0,2,8,3,3,4,6,0,1,0,0,0,0,0,0,13.34118266,52.47622379,1,1.0,08 to 12
12,12200310.0,2,4,1,2,1,1,2,0,1,0,0,0,1,0,13.31423059,52.57419715,2,0.0,04 to 08
1,1100102.0,2,13,1,3,2,6,0,0,1,0,0,0,0,0,13.36400212,52.50992859,1,0.0,12 to 16
11,11400931.0,2,20,1,3,6,2,2,0,1,1,0,0,0,1,13.51969365,52.50570589,2,0.0,20 to 24
4,4100102.0,2,15,3,3,5,2,0,1,1,0,0,0,0,1,13.30202276,52.53944399,2,0.5,12 to 16
3,3601449.0,2,8,4,3,5,3,0,1,1,0,0,0,0,1,13.44252127,52.54286951,2,0.5,08 to 12
2,2200213.0,2,19,1,3,0,7,2,0,1,1,0,0,0,1,13.42211989,52.49277704,2,0.0,16 to 20
4,4500939.0,2,17,2,3,5,2,2,0,1,0,0,0,0,1,13.30230525,52.48831634,1,0.0,16 to 20
7,7501029.0,2,14,1,3,2,6,0,1,1,0,0,0,0,0,13.37857122,52.44534429,2,0.5,12 to 16
1,1401045.0,2,19,3,3,2,6,2,0,1,0,0,0,0,1,13.38183446,52.55592143,1,0.0,16 to 20
4,4500937.0,2,19,1,2,5,3,2,1,1,0,0,0,0,1,13.30019815,52.49882659,2,0.5,16 to 20
1,1100310.0,2,13,1,3,5,2,0,0,1,0,0,0,0,0,13.4117835,52.52396641,1,0.0,12 to 16
4,4100101.0,2,8,5,3,5,2,0,1,0,0,0,0,1,0,13.28224422,52.53377665,2,0.5,08 to 12
1,1100311.0,2,19,1,3,2,6,2,1,0,0,0,0,1,1,13.41904752,52.51529034,2,0.5,16 to 20
9,9200512.0,2,10,3,3,5,7,0,0,1,0,0,0,1,0,13.55446971,52.45589363,2,0.0,08 to 12
1,1100101.0,2,10,2,3,5,3,0,0,1,0,0,0,0,1,13.34898813,52.50482467,1,0.0,08 to 12
5,5200528.0,2,12,7,3,2,6,0,0,1,0,0,0,0,0,13.17763471,52.51694458,1,0.0,12 to 16
1,1300733.0,2,11,2,2,5,3,0,0,1,0,0,0,1,1,13.38874933,52.55016747,2,0.0,08 to 12
1,1400940.0,2,13,3,3,1,5,0,0,1,0,0,0,0,0,13.35041892,52.55786413,1,0.0,12 to 16
6,6100206.0,2,19,1,3,6,2,2,0,1,1,0,0,0,1,13.33791558,52.4509472,2,0.0,16 to 20
4,4500939.0,2,12,7,3,0,5,0,0,0,0,0,0,1,0,13.30176847,52.48828882,1,0.0,12 to 16
4,4501148.0,2,15,2,3,1,5,0,0,1,0,0,0,0,1,13.31553246,52.48098314,1,0.0,12 to 16
2,2400623.0,2,12,7,3,2,6,0,0,1,0,0,0,0,0,13.43034896,52.5106638,1,0.0,12 to 16
1,1300733.0,2,18,3,3,6,2,2,0,0,1,0,0,1,0,13.38364076,52.55133584,2,0.0,16 to 20
8,8300934.0,2,18,1,3,6,2,2,0,1,1,0,0,0,1,13.4602966,52.43190853,2,0.0,16 to 20
4,4501153.0,2,11,7,3,5,2,0,1,1,0,0,0,0,0,13.33310011,52.48756161,2,0.5,08 to 12
10,10100207.0,2,14,4,3,8,1,0,0,0,0,0,1,0,0,13.57511439,52.56025929,1,0.0,12 to 16
12,12601235.0,2,17,1,2,6,2,2,0,1,1,0,0,0,1,13.36050058,52.59702851,2,0.0,16 to 20
4,4500937.0,2,21,3,3,6,7,2,0,1,1,0,0,0,1,13.2930821,52.49740648,2,0.0,20 to 24
4,4500938.0,2,8,2,3,5,2,0,1,1,0,0,0,0,1,13.2959346,52.49587689,2,0.5,08 to 12
12,12100102.0,2,11,7,3,1,1,0,0,1,0,0,0,0,0,13.37250369,52.56846641,1,0.0,08 to 12
1,1100416.0,2,11,2,3,5,3,0,1,1,0,0,0,0,1,13.40717956,52.53331539,2,0.5,08 to 12
1,1100207.0,2,6,2,3,5,2,2,1,1,0,0,0,0,0,13.40121733,52.51114663,2,0.5,04 to 08
1,1300834.0,2,17,1,3,5,2,2,1,0,0,0,0,1,1,13.39604695,52.53833841,2,0.5,16 to 20
9,9301025.0,2,16,4,2,5,3,0,1,1,0,0,0,0,0,13.57360358,52.40785954,2,0.5,16 to 20
5,5100313.0,2,16,1,3,6,4,1,0,1,1,0,0,0,1,13.20950496,52.54717315,2,0.0,16 to 20
1,1100415.0,2,2,7,2,3,6,2,0,1,0,0,0,0,0,13.40103671,52.5299839,1,0.0,00 to 04
10,10100312.0,2,20,2,2,5,2,2,0,1,0,0,0,0,1,13.54525071,52.51651929,1,0.0,20 to 24
7,7300517.0,2,22,4,3,5,7,2,0,1,0,0,0,0,0,13.33340198,52.46983414,1,0.0,20 to 24
5,5100313.0,2,16,1,3,5,7,1,0,1,0,1,0,0,1,13.20996149,52.54823797,2,0.0,16 to 20
6,6300629.0,2,18,2,3,5,3,2,1,1,0,0,0,0,1,13.29959017,52.45446627,2,0.5,16 to 20
5,5100208.0,2,13,3,2,5,2,0,0,1,0,0,0,0,0,13.15352222,52.55343124,1,0.0,12 to 16
4,4500937.0,2,15,2,3,5,3,0,0,1,0,0,0,0,1,13.28681515,52.49582464,1,0.0,12 to 16
4,4501040.0,2,1,7,3,0,2,2,1,1,0,0,0,0,0,13.31287843,52.50002018,2,0.5,00 to 04
1,1401048.0,2,8,2,3,0,5,0,1,0,0,0,0,1,1,13.36232094,52.55079911,2,0.5,08 to 12
3,3601244.0,2,5,2,3,5,3,2,1,1,0,0,0,0,1,13.42737449,52.5524928,2,0.5,04 to 08
3,3601245.0,2,16,1,3,5,2,1,0,1,0,1,0,0,1,13.43914497,52.54734094,2,0.0,16 to 20
10,10100312.0,2,15,4,3,6,2,0,0,1,1,0,0,0,0,13.53996384,52.52594014,2,0.0,12 to 16
6,6200317.0,2,16,1,2,5,7,1,0,1,0,0,0,0,1,13.35799812,52.4218333,1,0.0,16 to 20
1,1200628.0,2,21,7,3,0,2,2,1,0,0,0,0,1,0,13.35719856,52.52372043,2,0.5,20 to 24
12,12100103.0,2,18,2,2,6,2,2,0,1,1,0,0,0,1,13.35914602,52.57421114,2,0.0,16 to 20
6,6300634.0,2,21,7,2,5,2,2,0,1,0,0,0,0,0,13.30963959,52.43130158,1,0.0,20 to 24
1,1300835.0,2,23,3,3,1,5,2,0,1,0,0,1,0,1,13.38578532,52.54317009,2,0.0,20 to 24
7,7100102.0,2,22,1,2,5,2,2,0,1,0,0,0,0,1,13.34624882,52.50105412,1,0.0,20 to 24
1,1300733.0,2,19,7,3,5,2,2,0,1,0,0,0,0,0,13.38441586,52.55599044,1,0.0,16 to 20
7,7100206.0,2,17,7,3,5,3,2,0,1,0,1,0,0,0,13.37056597,52.4880672,2,0.0,16 to 20
4,4500936.0,2,10,3,3,0,7,0,1,0,0,0,0,0,0,13.30066457,52.50249464,1,1.0,08 to 12
6,6200312.0,2,12,2,3,2,6,0,0,1,0,0,0,0,0,13.34100208,52.44298558,1,0.0,12 to 16
3,3601140.0,2,17,7,3,5,3,1,1,1,0,0,0,0,0,13.40217908,52.55432137,2,0.5,16 to 20
3,3200206.0,2,14,1,3,5,3,0,1,1,0,0,0,0,1,13.40020889,52.58043537,2,0.5,12 to 16
9,9301025.0,2,6,4,3,6,2,1,0,1,1,0,0,0,1,13.53992591,52.39678891,2,0.0,04 to 08
2,2200210.0,2,14,1,3,5,2,0,0,1,0,0,0,0,1,13.39512297,52.49625937,1,0.0,12 to 16
2,2400623.0,2,17,2,3,5,3,2,1,1,0,0,0,0,1,13.4266829,52.5157069,2,0.5,16 to 20
8,8100102.0,2,15,7,3,1,5,0,1,0,0,0,0,1,0,13.4242886,52.47734097,2,0.5,12 to 16
12,12100204.0,2,18,3,3,6,2,2,0,0,1,0,1,0,1,13.35391542,52.56220087,2,0.0,16 to 20
7,7501133.0,2,13,1,3,5,3,0,0,1,0,0,0,0,1,13.38220137,52.435956,1,0.0,12 to 16
7,7501029.0,2,14,7,2,5,3,0,0,1,0,1,0,0,0,13.38048164,52.44286166,2,0.0,12 to 16
7,7300619.0,2,23,5,3,6,2,2,0,1,1,0,0,0,0,13.35471309,52.45869761,2,0.0,20 to 24
4,4200311.0,2,13,1,3,2,6,0,0,1,0,0,0,0,1,13.28038822,52.50669587,1,0.0,12 to 16
6,6200422.0,2,8,3,3,2,7,0,1,0,0,0,1,0,1,13.32927773,52.42895955,2,0.5,08 to 12
2,2200210.0,2,5,5,3,5,3,2,0,1,0,1,0,0,0,13.39256076,52.49179685,2,0.0,04 to 08
1,1100101.0,2,0,1,3,2,6,2,0,1,0,0,0,0,0,13.34714715,52.50367953,1,0.0,00 to 04
10,10100312.0,2,15,3,2,5,3,0,0,1,0,0,0,1,0,13.54104122,52.52575927,2,0.0,12 to 16
9,9200715.0,2,11,2,3,0,4,0,0,0,1,0,0,1,1,13.5331827,52.43358034,2,0.0,08 to 12
9,9502043.0,2,13,7,3,2,6,0,0,1,0,0,0,0,0,13.56179968,52.45843719,1,0.0,12 to 16
12,12500926.0,2,14,3,3,6,7,0,1,0,1,0,0,0,0,13.33004606,52.5943766,2,0.5,12 to 16
1,1200628.0,2,3,7,3,0,1,2,0,0,0,0,0,1,0,13.35887459,52.52335667,1,0.0,00 to 04
2,2400521.0,2,13,7,3,2,6,0,0,1,0,0,0,0,0,13.43044534,52.523301,1,0.0,12 to 16
3,3500936.0,2,14,4,2,5,3,0,1,1,0,0,0,0,0,13.46651201,52.55062092,2,0.5,12 to 16
1,1100102.0,2,16,7,3,5,2,1,0,1,0,1,0,0,1,13.3510454,52.51491199,2,0.0,16 to 20
1,1200520.0,2,18,3,3,6,7,2,0,1,1,0,0,0,1,13.33558325,52.52668853,2,0.0,16 to 20
1,1401046.0,2,6,2,3,6,2,2,0,0,1,0,0,1,1,13.34485827,52.53913875,2,0.0,04 to 08
5,5300736.0,2,20,6,3,1,5,2,0,1,0,1,0,0,0,13.22346623,52.5371437,2,0.0,20 to 24
7,7501031.0,2,8,2,3,2,6,0,0,1,0,0,0,0,1,13.40730381,52.45180479,1,0.0,08 to 12
9,9200819.0,2,7,2,3,0,1,2,0,0,0,1,0,0,1,13.57007264,52.4445768,1,0.0,04 to 08
8,8200832.0,2,9,2,3,6,2,0,0,0,1,0,1,0,1,13.42125419,52.4130836,2,0.0,08 to 12
1,1100309.0,2,21,6,3,0,7,2,0,1,0,1,0,0,0,13.39252112,52.52826886,2,0.0,20 to 24
9,9501838.0,2,8,2,3,5,3,0,0,1,0,0,0,0,1,13.71432386,52.43298538,1,0.0,08 to 12
4,4400831.0,2,13,3,2,5,3,0,0,1,0,0,0,0,0,13.28749273,52.47560956,1,0.0,12 to 16
2,2200209.0,2,20,7,3,5,2,2,1,0,0,1,0,0,1,13.38582718,52.48503473,2,0.5,20 to 24
1,1100308.0,2,18,4,3,3,6,2,1,0,0,0,0,0,0,13.38679444,52.52374372,1,1.0,16 to 20
12,12200412.0,2,19,7,3,2,6,2,0,1,0,0,0,0,1,13.29966399,52.5789727,1,0.0,16 to 20
9,9100101.0,2,22,2,3,0,1,2,0,0,0,1,0,0,1,13.44431187,52.49288038,1,0.0,20 to 24
2,2500830.0,2,12,2,3,1,5,0,1,0,0,0,1,0,0,13.45794195,52.51274387,2,0.5,12 to 16
3,3400620.0,2,18,3,3,6,4,1,0,1,1,0,0,0,0,13.39717091,52.57121951,2,0.0,16 to 20
1,1100205.0,2,15,2,2,2,6,0,0,1,0,0,0,1,1,13.38397955,52.51038113,2,0.0,12 to 16
2,2400521.0,2,19,6,2,6,4,2,0,1,1,0,0,0,0,13.43196132,52.52333255,2,0.0,16 to 20
1,1200628.0,2,8,2,3,5,2,0,1,1,0,0,0,0,1,13.35538098,52.51929231,2,0.5,08 to 12
4,4300412.0,2,19,7,3,6,2,2,0,1,1,0,0,0,1,13.28667869,52.51872263,2,0.0,16 to 20
3,3200309.0,2,14,2,2,0,7,0,0,0,1,0,1,0,1,13.43356425,52.60773411,2,0.0,12 to 16
7,7100102.0,2,8,4,3,0,1,0,0,0,0,1,0,0,1,13.35459964,52.49966185,1,0.0,08 to 12
1,1100310.0,2,19,7,3,0,6,2,0,1,0,1,0,0,1,13.41455804,52.5276087,2,0.0,16 to 20
11,11501341.0,2,18,7,3,6,4,2,0,1,1,0,0,0,1,13.52518227,52.4800957,2,0.0,16 to 20
3,3500933.0,2,17,2,3,6,4,2,0,1,1,0,0,0,1,13.45992503,52.55984212,2,0.0,16 to 20
6,6100204.0,2,15,4,3,2,6,0,1,1,0,0,0,0,0,13.3486203,52.45384565,2,0.5,12 to 16
9,9502043.0,2,17,7,2,6,4,1,0,1,1,0,0,0,1,13.57374628,52.46821119,2,0.0,16 to 20
8,8300935.0,2,19,6,3,5,5,2,0,1,0,0,0,0,0,13.44831933,52.42753208,1,0.0,16 to 20
12,12601032.0,2,19,2,3,5,3,2,0,1,0,0,0,0,1,13.32762682,52.60893342,1,0.0,16 to 20
4,4501040.0,2,19,6,3,2,6,2,0,1,0,0,0,0,0,13.30744016,52.50012154,1,0.0,16 to 20
7,7601545.0,2,8,3,3,3,6,0,1,1,0,0,0,0,0,13.4086857,52.39394863,2,0.5,08 to 12
9,9501737.0,2,22,1,1,0,7,2,1,0,0,0,0,0,1,13.6257581,52.45268689,1,1.0,20 to 24
9,9200715.0,2,6,6,3,1,5,2,0,1,0,0,0,1,0,13.52891035,52.42636288,2,0.0,04 to 08
12,12400619.0,2,16,7,3,8,1,1,0,1,0,0,0,0,1,13.26236558,52.59850131,1,0.0,16 to 20
1,1100308.0,2,18,2,2,6,4,2,0,1,1,0,0,0,1,13.37876729,52.52770911,2,0.0,16 to 20
6,6200311.0,2,12,3,3,5,3,0,0,1,0,0,0,0,0,13.35241532,52.44089979,1,0.0,12 to 16
5,4200308.0,2,16,2,3,2,6,0,0,1,0,0,0,1,1,13.24793256,52.52442828,2,0.0,16 to 20
7,7501029.0,2,18,6,3,2,6,2,0,1,0,0,0,0,0,13.38054473,52.44286897,1,0.0,16 to 20
2,2400623.0,2,16,3,3,2,6,0,1,1,0,0,0,0,1,13.43843689,52.51452198,2,0.5,16 to 20
3,3400725.0,2,17,2,3,6,2,2,0,1,1,0,0,0,1,13.42342937,52.58583731,2,0.0,16 to 20
1,1401045.0,2,17,6,2,0,3,2,1,1,0,0,0,0,0,13.37960752,52.55294439,2,0.5,16 to 20
1,1100309.0,2,19,3,2,0,6,2,1,0,0,0,0,1,1,13.40457686,52.52956252,2,0.5,16 to 20
4,4501042.0,2,15,1,3,6,7,0,0,1,1,0,0,0,1,13.32740272,52.50272134,2,0.0,12 to 16
6,6200313.0,2,17,6,3,5,2,2,0,1,0,1,0,0,0,13.34835351,52.43788447,2,0.0,16 to 20
12,12500930.0,2,8,5,3,5,2,0,0,1,0,0,0,0,0,13.3154379,52.57783625,1,0.0,08 to 12
3,3601452.0,2,12,7,3,5,3,0,0,1,0,0,0,0,1,13.44813596,52.52973109,1,0.0,12 to 16
3,3701554.0,2,17,2,2,0,1,2,0,1,0,1,0,0,1,13.41273681,52.53255837,2,0.0,16 to 20
1,1200623.0,2,10,3,3,1,5,0,1,1,0,0,0,0,0,13.35767312,52.53575071,2,0.5,08 to 12
6,6100205.0,2,10,2,3,4,6,0,0,1,0,0,0,0,1,13.3546693,52.44862156,1,0.0,08 to 12
5,5100208.0,2,16,6,3,2,6,1,0,1,0,0,0,0,0,13.14963757,52.55410616,1,0.0,16 to 20
8,8200832.0,2,7,2,3,5,3,0,1,1,0,0,0,0,1,13.43516242,52.42305838,2,0.5,04 to 08
12,12400723.0,2,14,3,2,5,3,0,0,1,0,0,0,1,1,13.30906525,52.62169397,2,0.0,12 to 16
3,3400725.0,2,15,7,3,6,4,0,0,1,1,0,0,0,1,13.42893807,52.58484822,2,0.0,12 to 16
6,6200311.0,2,15,6,3,2,2,0,0,1,0,0,0,1,1,13.35151288,52.43362477,2,0.0,12 to 16
6,6200317.0,2,16,4,3,5,3,0,0,1,0,0,0,0,0,13.36509695,52.42395589,1,0.0,16 to 20
3,3601453.0,2,15,7,3,5,2,0,0,1,0,0,0,0,1,13.45810865,52.52550511,1,0.0,12 to 16
1,1100310.0,2,14,7,3,0,1,0,1,0,0,0,0,0,1,13.41673973,52.52379044,1,1.0,12 to 16
3,3601450.0,2,14,6,3,2,6,0,0,1,0,0,0,0,0,13.45747401,52.52872293,1,0.0,12 to 16
9,9100408.0,2,14,4,3,2,6,0,0,1,0,0,0,1,0,13.51029825,52.44430667,2,0.0,12 to 16
7,7501135.0,2,12,7,3,5,2,0,0,1,0,0,0,0,1,13.3984471,52.41955182,1,0.0,12 to 16
7,7501029.0,2,6,3,3,5,3,2,0,0,0,1,0,1,0,13.37899528,52.43768447,2,0.0,04 to 08
4,4501044.0,2,9,2,3,5,2,0,1,1,0,0,0,0,1,13.3201242,52.49797218,2,0.5,08 to 12
5,5100104.0,2,14,6,3,2,6,0,0,1,0,0,0,0,0,13.20787238,52.5571009,1,0.0,12 to 16
1,1300732.0,2,16,1,3,0,5,1,0,1,0,0,0,1,0,13.39062525,52.56306609,2,0.0,16 to 20
2,2100105.0,2,10,3,3,5,7,0,1,1,0,0,0,0,1,13.41460097,52.50022911,2,0.5,08 to 12
9,9100304.0,2,12,7,3,5,3,0,1,1,0,0,0,0,1,13.48418507,52.46315443,2,0.5,12 to 16
3,3500936.0,2,17,2,3,0,2,1,0,0,1,0,0,1,1,13.45894946,52.55015975,2,0.0,16 to 20
2,2400623.0,2,16,4,3,5,3,1,1,1,0,0,0,0,0,13.43112295,52.51284488,2,0.5,16 to 20
6,6200421.0,2,4,7,2,1,1,2,0,1,0,0,0,0,1,13.31609638,52.42623649,1,0.0,04 to 08
3,3100103.0,2,16,2,3,6,4,0,0,1,1,0,0,0,1,13.49310058,52.63640885,2,0.0,16 to 20
4,4300619.0,2,19,2,3,9,1,2,0,1,1,0,0,0,1,13.31508416,52.5145434,2,0.0,16 to 20