bez,lor_ab_2021,umonat,ustunde,uwochentag,ukategorie,uart,utyp1,ulichtverh,istrad,istpkw,istfuss,istkrad,istgkfz,istsonstige,ustrzustand,xgcswgs84,ygcswgs84,all_acc,perc_bike_acc,rushhours
4,4200311.0,3,9,3,3,3,6,0,0,1,0,0,1,0,0,13.27967913,52.50497605,2,0.0,08 to 12
8,8100206.0,2,7,5,3,2,6,0,0,1,0,0,0,0,0,13.42482828,52.48286623,1,0.0,04 to 08
9,9501939.0,2,6,5,3,2,6,2,0,1,0,0,0,0,1,13.55832801,52.45599163,1,0.0,04 to 08
9,9401534.0,3,14,1,2,5,3,0,1,1,0,0,0,0,0,13.57552338,52.44748238,2,0.5,12 to 16
7,7400927.0,2,6,5,3,5,2,2,1,1,0,0,0,0,1,13.40798962,52.45261209,2,0.5,04 to 08
11,11300721.0,2,5,5,3,2,6,2,0,1,0,0,1,0,1,13.51456052,52.53529296,2,0.0,04 to 08
3,3400829.0,3,6,6,2,5,3,1,0,1,0,0,0,0,1,13.41569153,52.56315841,1,0.0,04 to 08
4,4200310.0,3,16,3,3,5,3,0,0,1,0,1,0,0,1,13.27317812,52.51315772,2,0.0,16 to 20
4,4300623.0,2,12,4,3,1,5,0,1,1,0,0,0,0,1,13.30742266,52.50670585,2,0.5,12 to 16
5,5100316.0,2,14,4,3,6,7,0,0,0,1,0,0,1,1,13.19996974,52.53585003,2,0.0,12 to 16
4,4501040.0,3,15,3,3,1,5,0,0,0,0,0,0,1,1,13.31021646,52.50040709,1,0.0,12 to 16
10,10300732.0,2,15,4,3,2,7,0,0,1,0,0,0,1,1,13.57387488,52.52722905,2,0.0,12 to 16
3,3300516.0,2,8,4,1,4,6,0,0,1,0,1,0,0,0,13.4439263,52.57236971,2,0.0,08 to 12
3,3400619.0,3,12,7,3,5,3,0,0,1,0,0,0,0,0,13.36136963,52.58522208,1,0.0,12 to 16
4,4100101.0,2,18,4,3,2,6,2,0,1,0,0,0,0,1,13.29514215,52.53961849,1,0.0,16 to 20
3,3601244.0,3,22,6,3,6,6,2,0,1,1,0,0,0,1,13.42739634,52.54574753,2,0.0,20 to 24
12,12601031.0,2,17,4,3,2,6,1,0,1,0,0,0,0,1,13.32606726,52.60403123,1,0.0,16 to 20
6,6100209.0,3,20,7,3,6,6,2,0,1,1,0,0,0,0,13.33511899,52.46404508,2,0.0,20 to 24
11,11501340.0,2,16,4,3,5,3,0,0,1,0,0,0,0,1,13.53194841,52.48415195,1,0.0,16 to 20
6,6200314.0,3,13,6,3,5,3,0,0,1,0,0,0,0,1,13.33491436,52.42742368,1,0.0,12 to 16
6,6300632.0,3,15,3,3,5,3,0,1,1,0,0,0,0,1,13.29432072,52.42400269,2,0.5,12 to 16
2,2300316.0,2,15,4,3,5,3,0,1,1,0,0,0,1,1,13.44147119,52.50133462,3,0.3333333333333333,12 to 16
7,7300517.0,3,9,5,3,5,3,0,1,1,0,0,0,0,0,13.34097006,52.47624662,2,0.5,08 to 12
3,3500933.0,2,15,4,3,0,1,0,0,0,0,1,0,0,1,13.46051911,52.55950568,1,0.0,12 to 16
9,9200715.0,3,11,2,3,5,3,0,1,1,0,0,0,0,1,13.54355375,52.43378448,2,0.5,08 to 12
1,1100310.0,3,17,5,3,6,4,0,0,1,1,0,0,0,0,13.40995484,52.52815299,2,0.0,16 to 20
1,1100102.0,2,15,4,3,0,6,0,0,1,0,1,0,1,0,13.34990874,52.51382749,3,0.0,12 to 16
4,4501044.0,2,17,4,3,5,7,0,0,1,0,0,0,0,1,13.32221599,52.49552155,1,0.0,16 to 20
3,3601449.0,3,0,7,3,0,1,2,0,0,0,0,0,1,1,13.44906018,52.53753483,1,0.0,00 to 04
4,4200207.0,3,16,5,3,0,4,0,0,1,1,0,0,0,0,13.26693575,52.49801891,2,0.0,16 to 20
1,1100312.0,2,8,4,3,5,3,0,1,1,0,0,0,0,1,13.41358355,52.51127037,2,0.5,08 to 12
8,8100104.0,3,14,3,3,2,6,0,0,1,0,0,0,0,0,13.42898881,52.4718991,1,0.0,12 to 16
6,6200420.0,2,20,4,3,4,1,2,0,1,0,0,0,0,1,13.30406909,52.41892045,1,0.0,20 to 24
9,9501838.0,3,19,6,3,2,6,2,0,1,0,0,0,0,1,13.68638291,52.44220346,1,0.0,16 to 20
7,7100103.0,3,10,5,3,1,5,0,1,1,0,0,0,0,1,13.35722847,52.49920295,2,0.5,08 to 12
4,4300416.0,3,12,4,2,1,5,0,1,1,0,0,0,0,0,13.30197738,52.509405,2,0.5,12 to 16
1,1401045.0,3,17,4,3,1,5,0,1,1,0,0,0,0,0,13.37893789,52.55293184,2,0.5,16 to 20
7,7601341.0,3,11,7,2,5,3,0,1,1,0,0,0,0,0,13.38002138,52.41049676,2,0.5,08 to 12
1,1100309.0,3,12,2,3,5,3,0,1,1,0,0,0,0,0,13.40463967,52.52750251,2,0.5,12 to 16
3,3300514.0,3,11,5,3,5,3,0,1,1,0,0,0,0,0,13.45489247,52.59330248,2,0.5,08 to 12
8,8100102.0,3,0,7,3,5,3,2,1,1,0,0,0,0,0,13.42603724,52.47755578,2,0.5,00 to 04
8,8200727.0,3,11,4,3,2,6,0,0,1,0,0,0,0,0,13.43409498,52.443196,1,0.0,08 to 12
1,1100311.0,3,9,4,3,5,2,0,1,0,0,0,0,1,0,13.41619276,52.5199232,2,0.5,08 to 12
11,11300721.0,3,12,6,3,5,2,0,1,1,0,0,0,0,1,13.49995518,52.53277276,2,0.5,12 to 16
5,5100104.0,3,11,4,2,1,5,0,0,1,0,0,0,0,0,13.20778562,52.55812767,1,0.0,08 to 12
6,6200316.0,3,17,2,3,2,6,0,0,1,0,0,0,0,0,13.35346275,52.43247796,1,0.0,16 to 20
2,2500833.0,3,18,3,3,0,3,2,0,1,0,0,0,1,0,13.46106363,52.51114756,2,0.0,16 to 20
11,11300722.0,3,10,4,2,5,3,0,0,1,0,0,0,1,0,13.48540309,52.52318887,2,0.0,08 to 12
2,2100101.0,3,14,7,3,5,2,0,0,1,0,0,0,0,0,13.38785354,52.50294338,1,0.0,12 to 16
3,3200206.0,3,8,2,3,5,3,0,1,1,0,0,0,0,0,13.40422134,52.5814805,2,0.5,08 to 12
1,1400939.0,3,15,7,3,5,2,0,0,1,0,1,0,0,0,13.35385756,52.5538639,2,0.0,12 to 16
7,7400721.0,3,15,4,3,2,6,0,0,1,0,0,0,0,0,13.37848148,52.47762717,1,0.0,12 to 16
2,2100104.0,3,20,4,3,5,3,2,1,1,0,0,0,0,0,13.41112556,52.50351947,2,0.5,20 to 24
1,1300733.0,3,18,7,3,1,5,2,1,1,0,0,0,0,0,13.38401023,52.555397,2,0.5,16 to 20
11,11300620.0,3,15,4,3,6,7,0,0,1,1,0,0,0,0,13.48098468,52.5290197,2,0.0,12 to 16
12,12200307.0,3,21,4,3,0,3,2,1,1,0,0,0,0,0,13.33037742,52.5702514,2,0.5,20 to 24
9,9300922.0,3,10,6,3,5,2,0,1,1,0,0,0,0,1,13.53124915,52.40512397,2,0.5,08 to 12
3,3601141.0,3,8,4,3,5,3,0,1,1,0,0,0,0,0,13.41446606,52.55207141,2,0.5,08 to 12
4,4400835.0,3,13,2,3,2,6,0,0,1,0,0,0,0,0,13.31895847,52.47168141,1,0.0,12 to 16
2,2400623.0,3,22,3,3,5,2,2,1,1,0,0,0,0,0,13.43011925,52.51052839,2,0.5,20 to 24
8,8100206.0,3,8,4,2,6,4,0,0,1,1,0,0,0,0,13.42630275,52.48098718,2,0.0,08 to 12
12,12500929.0,3,13,6,2,6,4,0,0,1,1,0,0,0,0,13.34070614,52.60891294,2,0.0,12 to 16
3,3500933.0,3,17,2,3,5,3,0,1,1,0,0,0,0,0,13.45891823,52.55059896,2,0.5,16 to 20
12,12601032.0,3,13,7,3,0,3,0,0,1,0,1,0,0,0,13.32846994,52.60919161,2,0.0,12 to 16
12,12200411.0,3,12,4,3,3,6,0,0,1,0,0,1,0,0,13.32198462,52.56058594,2,0.0,12 to 16
1,1100415.0,3,17,4,2,0,1,0,1,0,0,0,0,0,0,13.39576579,52.53240521,1,1.0,16 to 20
4,4501040.0,3,15,5,3,5,2,0,1,1,0,0,0,0,0,13.31318901,52.49990477,2,0.5,12 to 16
12,12400618.0,3,17,3,3,5,2,1,0,1,0,1,0,0,1,13.24004353,52.61874367,2,0.0,16 to 20
11,11501341.0,3,17,4,3,2,6,1,0,1,0,0,0,0,0,13.52462284,52.47906336,1,0.0,16 to 20
7,7601236.0,3,16,1,3,5,3,0,1,1,0,0,0,0,0,13.3628392,52.41755692,2,0.5,16 to 20
11,11401135.0,3,7,3,3,5,3,0,1,1,0,0,0,0,0,13.50771044,52.4924443,2,0.5,04 to 08
6,6100209.0,3,23,3,2,0,7,2,0,1,0,0,0,0,1,13.33874485,52.46365666,1,0.0,20 to 24
1,1100103.0,3,19,5,3,5,2,2,0,1,0,0,0,1,0,13.34981166,52.50321571,2,0.0,16 to 20
9,9200818.0,3,12,3,3,3,3,0,0,1,0,0,0,0,1,13.55894288,52.44854219,1,0.0,12 to 16
5,5200528.0,3,7,2,3,2,6,0,0,1,0,0,1,0,0,13.17480323,52.51752754,2,0.0,04 to 08
12,12200309.0,3,8,3,3,1,5,0,0,1,0,0,0,1,0,13.32721704,52.56324687,2,0.0,08 to 12
2,2500833.0,3,23,3,3,5,3,2,0,1,0,0,0,0,1,13.45281885,52.51241417,1,0.0,20 to 24
7,7601544.0,3,19,6,2,1,5,2,0,1,0,0,1,0,0,13.40538586,52.39377269,2,0.0,16 to 20
6,6300633.0,3,7,2,3,2,6,0,0,1,0,0,1,0,0,13.31583839,52.44276549,2,0.0,04 to 08
1,1401047.0,3,12,7,3,5,2,0,1,1,0,0,0,0,0,13.35508534,52.54403542,2,0.5,12 to 16
11,11300619.0,3,16,3,2,6,4,0,0,1,1,0,0,0,0,13.47971539,52.52377286,2,0.0,16 to 20
5,5300737.0,3,15,4,3,5,2,0,0,1,0,1,0,0,0,13.2321838,52.54063776,2,0.0,12 to 16
7,7100102.0,3,13,5,3,5,2,0,0,1,0,0,0,1,0,13.34614704,52.5010529,2,0.0,12 to 16
1,1300732.0,3,20,3,3,6,4,2,1,0,1,0,0,0,1,13.39040979,52.56294423,2,0.5,20 to 24
7,7200307.0,3,17,4,3,1,5,0,1,1,0,0,0,0,0,13.33786766,52.48837734,2,0.5,16 to 20
11,11401034.0,3,11,1,3,0,1,0,0,0,0,1,0,0,0,13.53059227,52.50952115,1,0.0,08 to 12
7,7601339.0,3,13,2,3,5,3,0,0,1,0,1,0,0,0,13.34868591,52.40658401,2,0.0,12 to 16
11,11200410.0,3,14,5,2,5,2,0,0,1,0,1,0,0,0,13.52172614,52.55400292,2,0.0,12 to 16
8,8200623.0,3,2,1,3,5,2,2,0,1,0,0,0,0,0,13.43859545,52.4526307,1,0.0,00 to 04
1,1401048.0,3,20,3,3,2,5,2,0,1,0,0,0,0,1,13.35970157,52.55425381,1,0.0,20 to 24
8,8200730.0,3,16,5,2,5,3,0,0,0,0,1,0,1,0,13.43920954,52.42532429,2,0.0,16 to 20
8,8100417.0,3,15,6,3,2,6,0,0,1,0,1,0,0,0,13.45540231,52.4740827,2,0.0,12 to 16
10,10300732.0,3,15,5,3,5,3,0,1,1,0,0,0,0,0,13.57459257,52.53176856,2,0.5,12 to 16
6,6300634.0,3,12,2,2,3,6,0,1,0,0,0,1,0,0,13.3002474,52.43974934,2,0.5,12 to 16
1,1300836.0,3,11,5,3,2,2,0,0,1,0,1,0,0,0,13.37649176,52.54314744,2,0.0,08 to 12
11,11400927.0,3,17,6,2,6,4,1,0,1,1,0,0,0,1,13.47458608,52.50471851,2,0.0,16 to 20
2,2400623.0,3,12,3,2,6,4,0,1,0,1,0,0,0,0,13.43386024,52.50875043,2,0.5,12 to 16
7,7400822.0,3,11,4,2,5,3,0,1,1,0,0,0,0,0,13.37043234,52.46839664,2,0.5,08 to 12
9,9200510.0,3,10,5,3,2,6,0,0,1,0,0,0,0,0,13.50242613,52.48117862,1,0.0,08 to 12
1,1300733.0,3,16,3,3,5,2,0,1,1,0,0,0,0,1,13.38372606,52.55499138,2,0.5,16 to 20
4,4501045.0,3,16,4,3,6,4,0,0,1,1,0,0,0,0,13.32363057,52.49384687,2,0.0,16 to 20
3,3601450.0,3,5,7,3,0,1,2,1,0,0,0,0,0,0,13.44998482,52.53675835,1,1.0,04 to 08
2,2200210.0,3,11,2,3,6,4,0,1,0,1,0,0,0,0,13.39254727,52.49209631,2,0.5,08 to 12
6,6200313.0,3,17,7,3,3,6,0,1,1,0,0,0,0,0,13.34410892,52.43533186,2,0.5,16 to 20
1,1200517.0,3,22,3,3,0,6,2,0,0,0,0,0,1,1,13.3267858,52.53697411,1,0.0,20 to 24
7,7400927.0,3,6,4,3,5,2,0,1,0,0,0,1,0,0,13.40011319,52.45907115,2,0.5,04 to 08
7,7400928.0,3,5,6,2,1,5,2,0,1,0,0,0,1,0,13.4214806,52.46502104,2,0.0,04 to 08
7,7501030.0,3,9,3,3,0,1,0,1,0,0,0,0,0,1,13.38180717,52.44379752,1,1.0,08 to 12
2,2400521.0,3,17,2,3,5,3,0,1,1,0,0,0,0,0,13.44111026,52.51819724,2,0.5,16 to 20
11,11400930.0,3,15,3,3,2,6,0,0,1,0,0,0,0,0,13.51126864,52.50422388,1,0.0,12 to 16
5,5200630.0,3,19,3,2,5,2,2,1,1,0,0,0,0,1,13.18871837,52.52163742,2,0.5,16 to 20
12,12601031.0,3,19,3,2,6,2,2,0,1,1,0,0,0,1,13.32641398,52.60449725,2,0.0,16 to 20
7,7400928.0,3,5,2,2,5,3,2,0,1,0,1,0,0,0,13.41771549,52.46477041,2,0.0,04 to 08
8,8200624.0,3,4,4,3,5,2,2,0,0,0,1,0,1,0,13.43568467,52.45257025,2,0.0,04 to 08
4,4400728.0,3,14,4,3,2,2,0,0,1,0,0,0,0,1,13.28096969,52.47683055,1,0.0,12 to 16
12,12100204.0,3,19,3,3,6,4,2,0,1,1,0,0,0,1,13.35376749,52.56251613,2,0.0,16 to 20
10,10200421.0,3,17,7,3,6,4,0,0,1,1,0,0,0,0,13.60708181,52.53881585,2,0.0,16 to 20
12,12100205.0,3,9,2,3,3,6,0,0,1,0,0,0,0,0,13.33538469,52.56514621,1,0.0,08 to 12
4,4501041.0,3,16,7,3,2,6,0,0,1,0,1,0,0,0,13.3171601,52.50117208,2,0.0,16 to 20
2,2200208.0,3,19,4,3,5,2,2,1,1,0,0,0,0,0,13.38937697,52.49596341,2,0.5,16 to 20
4,4200310.0,3,11,4,3,5,2,0,1,1,0,0,0,0,0,13.27201904,52.50884519,2,0.5,08 to 12
4,4500937.0,3,1,6,3,2,6,2,0,1,0,0,0,0,0,13.29174014,52.49733738,1,0.0,00 to 04
2,2200210.0,3,19,3,3,5,3,2,1,1,0,0,0,0,1,13.39531634,52.49754387,2,0.5,16 to 20
3,3400619.0,3,10,2,3,5,2,0,1,1,0,0,0,0,0,13.3802068,52.58982428,2,0.5,08 to 12
10,10400938.0,3,19,3,3,2,2,2,0,1,0,1,0,0,0,13.62165329,52.52466904,2,0.0,16 to 20
1,1100207.0,3,19,3,2,5,3,2,1,1,0,0,0,0,1,13.39006553,52.5093935,2,0.5,16 to 20
12,12200307.0,3,13,6,3,3,6,0,0,1,0,1,0,0,0,13.32991117,52.5694989,2,0.0,12 to 16
6,6100206.0,3,16,2,3,6,4,0,0,1,1,0,0,0,0,13.34184636,52.44723312,2,0.0,16 to 20
3,3100103.0,3,12,7,3,5,2,0,1,1,0,0,0,0,0,13.49592973,52.62601965,2,0.5,12 to 16
3,3601245.0,3,23,6,3,5,2,2,0,1,0,0,0,0,0,13.43041692,52.55125143,1,0.0,20 to 24
9,9401534.0,3,8,2,3,1,5,0,1,1,0,0,0,0,0,13.5753774,52.44708835,2,0.5,08 to 12
12,12400720.0,3,15,7,3,5,3,0,0,1,0,1,0,0,0,13.28031085,52.63013591,2,0.0,12 to 16
6,6200317.0,3,14,4,3,1,5,0,1,1,0,0,0,0,0,13.36658654,52.42705526,2,0.5,12 to 16
9,9200511.0,3,19,4,3,6,2,2,0,1,1,0,0,0,0,13.51922122,52.46446902,2,0.0,16 to 20
4,4300619.0,3,18,5,2,6,4,2,0,1,1,0,0,0,0,13.31505825,52.51447525,2,0.0,16 to 20
7,7601236.0,3,19,3,2,6,2,2,0,1,1,0,0,0,1,13.37316107,52.42483613,2,0.0,16 to 20
5,5400942.0,3,16,2,3,0,1,0,0,0,0,1,0,0,0,13.18108438,52.48120018,1,0.0,16 to 20
5,5100315.0,3,15,3,3,1,5,0,0,1,0,0,0,0,0,13.1992001,52.54853763,1,0.0,12 to 16
12,12500928.0,3,18,3,2,6,2,2,0,1,1,0,0,0,1,13.31980842,52.60694059,2,0.0,16 to 20
7,7300515.0,3,8,5,3,3,6,0,1,1,0,0,0,0,0,13.32116285,52.47290087,2,0.5,08 to 12
10,10100102.0,3,14,2,3,5,2,0,0,1,0,0,0,0,0,13.57187435,52.56834095,1,0.0,12 to 16
1,1100205.0,3,14,5,3,0,1,0,1,0,0,0,0,0,0,13.37680374,52.50953242,1,1.0,12 to 16
3,3601348.0,3,20,6,2,5,3,2,0,1,0,0,0,0,1,13.42267116,52.54151307,1,0.0,20 to 24
9,9100408.0,3,14,3,2,0,7,0,0,1,0,0,0,0,0,13.50766912,52.44112746,1,0.0,12 to 16
7,7501134.0,3,13,4,2,6,4,0,0,1,1,0,0,0,0,13.39656724,52.44012187,2,0.0,12 to 16
7,7601341.0,3,12,5,3,3,6,0,0,1,0,0,0,0,1,13.36808837,52.40998326,1,0.0,12 to 16
1,1300835.0,3,18,3,3,5,3,2,1,1,0,0,0,0,1,13.37986139,52.5401695,2,0.5,16 to 20
6,6200423.0,3,16,4,3,0,7,0,0,1,0,0,0,0,0,13.31820612,52.41393824,1,0.0,16 to 20
3,3100102.0,3,11,7,3,5,2,0,1,1,0,0,0,0,0,13.49930303,52.63532395,2,0.5,08 to 12
3,3500934.0,3,12,2,3,5,3,0,1,1,0,0,0,0,0,13.44421621,52.55274374,2,0.5,12 to 16
1,1400937.0,3,12,3,3,5,2,0,1,1,0,0,0,0,0,13.33323914,52.5609355,2,0.5,12 to 16
5,5300838.0,3,15,4,2,5,2,0,0,1,0,1,0,0,0,13.2478918,52.54875199,2,0.0,12 to 16
6,6100207.0,3,13,5,2,5,2,0,0,0,0,1,0,1,0,13.32683226,52.45493799,2,0.0,12 to 16
1,1100207.0,3,18,3,3,5,2,2,1,1,0,0,0,0,1,13.40582539,52.51399197,2,0.5,16 to 20
7,7400927.0,3,15,4,2,1,5,0,0,0,0,1,0,1,0,13.40035643,52.46399153,2,0.0,12 to 16
9,9200717.0,3,14,1,3,2,6,0,1,0,0,0,0,0,0,13.55060097,52.44847179,1,1.0,12 to 16
12,12500930.0,3,13,3,3,6,7,0,1,0,1,0,0,0,0,13.31663682,52.57905811,2,0.5,12 to 16
9,9100101.0,3,15,5,3,5,3,0,1,0,0,0,0,0,0,13.44781304,52.48975832,1,1.0,12 to 16
12,12200413.0,3,16,1,3,5,3,0,1,0,0,0,0,0,0,13.27452395,52.57748502,1,1.0,16 to 20
6,6400838.0,3,8,5,3,5,3,0,0,1,0,0,0,1,0,13.25033103,52.45372271,2,0.0,08 to 12
4,4200310.0,3,8,4,3,2,6,0,0,1,0,0,0,1,0,13.27409633,52.50817289,2,0.0,08 to 12
7,7501031.0,3,15,6,3,2,6,0,0,1,0,0,0,0,0,13.4059748,52.45069936,1,0.0,12 to 16
4,4300623.0,3,11,3,3,2,6,0,0,1,0,0,0,0,0,13.31426607,52.5086697,1,0.0,08 to 12
11,11501339.0,3,12,4,3,1,5,0,1,1,0,0,0,0,0,13.5232599,52.48582483,2,0.5,12 to 16
3,3300412.0,3,9,5,3,1,5,0,1,1,0,0,0,0,0,13.48521845,52.61620787,2,0.5,08 to 12
1,1200517.0,3,20,3,3,5,5,2,0,1,0,0,0,1,1,13.31787882,52.52865145,2,0.0,20 to 24
1,2400520.0,3,14,4,3,6,4,0,0,1,0,0,0,1,0,13.42650895,52.52289232,2,0.0,12 to 16
12,12100102.0,3,20,7,3,5,3,2,0,1,0,0,0,0,0,13.37382722,52.57131746,1,0.0,20 to 24
4,4500939.0,3,11,2,3,2,6,0,0,0,0,1,0,1,0,13.30068995,52.4880584,2,0.0,08 to 12
2,2100105.0,3,8,4,3,5,3,0,1,1,0,0,0,0,0,13.41217109,52.49874098,2,0.5,08 to 12
1,1200517.0,3,20,7,3,2,2,2,0,1,0,0,0,0,0,13.31468769,52.52959104,1,0.0,20 to 24
3,3300514.0,3,7,4,3,5,3,0,1,1,0,0,0,0,1,13.4548562,52.59291657,2,0.5,04 to 08
6,6200423.0,3,14,5,3,5,3,0,0,1,0,1,0,0,0,13.32223602,52.41038199,2,0.0,12 to 16
1,1400938.0,3,11,7,3,5,2,0,0,1,0,0,0,0,0,13.34514864,52.55430523,1,0.0,08 to 12
1,1100101.0,3,16,3,3,2,6,1,0,1,0,0,0,0,1,13.34520149,52.50408661,1,0.0,16 to 20
3,3500936.0,3,9,4,3,3,5,0,0,1,0,0,0,0,0,13.46641308,52.55017952,1,0.0,08 to 12
8,8200727.0,3,11,6,3,2,7,0,0,1,0,0,0,0,1,13.45336989,52.43988846,1,0.0,08 to 12
5,5100316.0,3,16,3,3,6,7,1,0,1,1,0,0,0,1,13.20274336,52.53789534,2,0.0,16 to 20
11,11200411.0,3,17,2,3,5,3,0,1,1,0,0,0,0,0,13.50783186,52.54623855,2,0.5,16 to 20
4,4200310.0,3,15,3,3,5,2,0,1,1,0,0,0,0,0,13.26606673,52.51298891,2,0.5,12 to 16
1,1100310.0,3,8,4,3,0,5,0,1,1,0,0,0,0,0,13.41697247,52.52397742,2,0.5,08 to 12
3,3601243.0,3,15,3,3,8,1,0,0,1,0,0,0,0,1,13.42127641,52.54935533,1,0.0,12 to 16
6,6200317.0,3,15,7,2,0,1,0,1,0,0,0,0,0,0,13.36696572,52.43394649,1,1.0,12 to 16
3,3601347.0,3,18,2,3,2,6,1,0,1,0,0,0,0,0,13.42173487,52.54496986,1,0.0,16 to 20
10,10100209.0,3,7,4,2,5,3,0,1,1,0,0,0,0,0,13.56935582,52.55348325,2,0.5,04 to 08
5,5300840.0,3,15,7,3,4,1,0,0,1,0,1,0,0,0,13.24815157,52.53637402,2,0.0,12 to 16
7,7100206.0,3,16,4,3,0,1,0,0,0,0,1,0,0,0,13.36085938,52.4901537,1,0.0,16 to 20
12,12100103.0,3,19,4,2,0,1,2,1,0,0,0,0,0,0,13.36865436,52.5744948,1,1.0,16 to 20
2,2300316.0,3,15,5,3,0,7,0,1,0,0,0,0,0,0,13.44141207,52.50136442,1,1.0,12 to 16
4,4100101.0,3,15,3,3,0,7,0,0,1,0,1,1,0,1,13.28295078,52.53384408,3,0.0,12 to 16
5,5100316.0,3,8,2,3,5,7,0,0,1,0,1,0,0,0,13.1926099,52.53604762,2,0.0,08 to 12
1,1100416.0,3,9,3,3,5,3,0,1,1,0,0,0,0,0,13.40333069,52.53405674,2,0.5,08 to 12
9,9100305.0,3,6,4,2,5,3,0,1,1,0,0,0,0,0,13.49133287,52.46912092,2,0.5,04 to 08
10,10300731.0,3,10,5,3,5,2,0,0,1,0,0,0,0,0,13.56545778,52.53429236,1,0.0,08 to 12
8,8100417.0,3,9,6,3,2,5,0,0,1,0,0,0,1,0,13.45559284,52.47399222,2,0.0,08 to 12
4,4400830.0,3,7,3,3,5,3,0,1,1,0,0,0,0,1,13.29013659,52.47571767,2,0.5,04 to 08
9,9200819.0,3,14,2,3,3,6,0,0,1,0,0,1,0,0,13.56058845,52.44631743,2,0.0,12 to 16
8,8300934.0,3,15,3,3,0,7,0,0,0,0,0,0,1,0,13.45425288,52.42988409,1,0.0,12 to 16
9,9501736.0,3,15,3,3,2,7,0,0,1,0,0,0,0,1,13.60792437,52.45311593,1,0.0,12 to 16
2,2100101.0,3,16,6,3,6,4,0,0,0,1,1,0,0,0,13.3757327,52.50443231,2,0.0,16 to 20
6,6100103.0,3,18,2,3,6,7,1,1,0,1,0,0,0,0,13.32531814,52.46158195,2,0.5,16 to 20
6,6200315.0,3,7,4,3,2,6,0,0,1,0,0,0,0,1,13.34709588,52.4277749,1,0.0,04 to 08
12,12500825.0,3,14,7,3,5,2,0,1,1,0,0,0,0,0,13.30000742,52.58311613,2,0.5,12 to 16
3,3400830.0,3,13,4,3,0,7,0,1,0,0,0,0,0,0,13.42051245,52.56718836,1,1.0,12 to 16
9,9502043.0,3,18,4,3,5,3,1,1,1,0,0,0,0,0,13.55328058,52.4695649,2,0.5,16 to 20
11,11300724.0,3,16,5,3,5,3,0,1,1,0,0,0,0,0,13.48794313,52.51841345,2,0.5,16 to 20
8,8401243.0,3,14,3,2,0,7,0,1,0,0,0,0,0,1,13.49435045,52.43086607,1,1.0,12 to 16
12,12200309.0,3,14,4,3,6,4,0,0,1,1,0,0,0,0,13.3129801,52.56775625,2,0.0,12 to 16
1,1100310.0,3,19,1,2,0,7,2,0,1,0,0,0,0,0,13.41124723,52.52836376,1,0.0,16 to 20
12,12500930.0,3,7,3,3,2,6,0,0,1,0,0,0,1,0,13.32927099,52.58732735,2,0.0,04 to 08
1,1401045.0,3,14,3,3,3,6,0,0,1,0,0,0,1,1,13.37416797,52.55649976,2,0.0,12 to 16
9,9301126.0,3,17,5,3,1,5,0,0,1,0,0,0,0,0,13.58001373,52.41802542,1,0.0,16 to 20
3,3601450.0,3,1,2,3,7,7,2,1,0,0,0,0,0,0,13.45897725,52.52904895,1,1.0,00 to 04
1,1200518.0,3,12,5,3,6,4,0,0,1,1,0,0,0,0,13.32477864,52.53206927,2,0.0,12 to 16
5,5300840.0,3,12,3,3,5,2,0,0,1,0,0,0,0,1,13.26484952,52.53674924,1,0.0,12 to 16
3,3601141.0,3,13,6,3,5,3,0,1,1,0,0,0,0,0,13.41105357,52.55415842,2,0.5,12 to 16
7,7501135.0,3,16,2,3,6,4,0,0,0,1,0,0,1,0,13.39548078,52.42440202,2,0.0,16 to 20
10,10100311.0,3,12,7,3,5,2,0,0,1,0,0,0,1,0,13.51920133,52.53140071,2,0.0,12 to 16
1,1100103.0,3,20,3,3,5,3,2,1,1,0,0,0,0,0,13.35154819,52.50555219,2,0.5,20 to 24
1,1300733.0,3,16,4,3,5,2,0,0,1,0,0,0,0,0,13.38405393,52.55577092,1,0.0,16 to 20
5,5100208.0,3,13,5,3,1,5,0,0,1,0,0,0,1,0,13.15733718,52.5489126,2,0.0,12 to 16
6,6100102.0,3,12,3,3,0,4,0,0,0,1,0,0,1,1,13.32173596,52.45664195,2,0.0,12 to 16
11,11100309.0,3,14,4,2,2,6,0,0,1,0,0,0,0,0,13.50832232,52.56433231,1,0.0,12 to 16
9,9100202.0,3,13,1,3,9,1,0,0,0,0,1,0,0,0,13.47133373,52.47668053,1,0.0,12 to 16
3,3501038.0,3,11,3,3,1,5,0,1,1,0,0,0,0,0,13.49146958,52.55849967,2,0.5,08 to 12
5,5100316.0,3,6,4,3,2,6,0,0,1,0,0,0,0,0,13.20073194,52.53839882,1,0.0,04 to 08
5,5100316.0,3,0,5,2,2,2,2,0,1,0,0,0,0,0,13.18238756,52.53842929,1,0.0,00 to 04
6,6400735.0,3,12,1,2,4,6,0,0,1,0,1,0,0,0,13.18126875,52.42242888,2,0.0,12 to 16