bez,lor_ab_2021,umonat,ustunde,uwochentag,ukategorie,uart,utyp1,ulichtverh,istrad,istpkw,istfuss,istkrad,istgkfz,istsonstige,ustrzustand,xgcswgs84,ygcswgs84,all_acc,perc_bike_acc,rushhours
5,5100314.0,3,15,5,2,0,1,0,1,0,0,0,0,0,0,13.20614574,52.54266901,1,1.0,12 to 16
12,12200515.0,3,14,4,3,0,7,0,1,0,0,0,0,0,0,13.28496869,52.58771375,1,1.0,12 to 16
7,7501032.0,3,14,6,3,6,4,0,0,1,1,0,0,0,0,13.40702193,52.44460749,2,0.0,12 to 16
6,6200423.0,3,18,3,3,1,7,1,0,1,0,1,0,0,0,13.31783118,52.41430279,2,0.0,16 to 20
6,6100208.0,3,10,4,3,0,4,0,0,1,1,0,0,0,0,13.32707965,52.45798713,2,0.0,08 to 12
2,2100101.0,3,5,5,3,5,3,2,1,1,0,0,0,0,1,13.38346823,52.50337109,2,0.5,04 to 08
3,3300516.0,3,18,6,3,0,1,2,0,0,0,1,0,0,1,13.42919078,52.57197516,1,0.0,16 to 20
3,3601346.0,3,12,3,3,5,7,0,0,1,0,0,0,1,0,13.41860805,52.54686779,2,0.0,12 to 16
2,2200210.0,3,12,4,3,5,2,0,0,1,0,0,1,0,0,13.39575683,52.49787439,2,0.0,12 to 16
4,4200311.0,3,10,5,2,4,5,0,0,1,0,0,0,0,1,13.282956,52.51282672,1,0.0,08 to 12
2,2300417.0,3,12,3,3,5,3,0,0,1,0,0,0,0,1,13.4295526,52.49821183,1,0.0,12 to 16
8,8301036.0,3,14,4,3,6,4,0,0,1,1,0,0,0,0,13.46336751,52.42434872,2,0.0,12 to 16
6,6400736.0,3,11,7,3,6,4,0,0,1,1,0,0,0,0,13.22908044,52.42579919,2,0.0,08 to 12
8,8200624.0,3,12,2,3,5,2,0,0,1,0,0,0,0,0,13.43298576,52.45242551,1,0.0,12 to 16
6,6100209.0,3,11,5,3,1,7,0,0,1,0,0,0,0,0,13.33914093,52.46308511,1,0.0,08 to 12
2,2500836.0,3,0,7,3,0,1,2,0,0,0,0,0,1,0,13.46948928,52.49717745,1,0.0,00 to 04
3,3400725.0,3,11,3,3,5,3,0,0,1,0,0,0,0,1,13.42548774,52.5865347,1,0.0,08 to 12
8,8100521.0,3,9,4,3,5,7,0,0,1,0,1,0,0,0,13.46496397,52.46571351,2,0.0,08 to 12
9,9501737.0,3,11,6,3,6,2,0,0,1,1,0,0,0,0,13.62474978,52.45115991,2,0.0,08 to 12
4,4100101.0,3,11,3,3,5,2,0,0,1,0,0,0,1,1,13.29680979,52.54812262,2,0.0,08 to 12
2,2300316.0,3,17,2,3,0,6,0,0,1,0,1,0,0,0,13.44218989,52.5009411,2,0.0,16 to 20
3,3601244.0,3,16,3,3,6,4,0,1,0,1,0,0,0,0,13.42578211,52.54643395,2,0.5,16 to 20
2,2400522.0,3,7,3,3,3,6,1,1,1,0,0,0,0,0,13.45125338,52.5203307,2,0.5,04 to 08
7,7100102.0,3,12,7,2,5,3,0,1,1,0,0,0,0,0,13.35298006,52.49932744,2,0.5,12 to 16
6,6200421.0,3,8,2,3,2,6,0,0,1,0,0,0,0,0,13.31529019,52.43063959,1,0.0,08 to 12
4,4300621.0,3,20,4,3,1,5,2,1,1,0,0,0,0,0,13.30188275,52.51727809,2,0.5,20 to 24
4,4200310.0,3,10,3,3,2,6,0,0,1,0,1,0,1,1,13.26892508,52.51156907,3,0.0,08 to 12
12,12500929.0,3,18,7,2,5,3,1,0,1,0,1,0,0,0,13.3584823,52.61211762,2,0.0,16 to 20
4,4300623.0,3,10,2,3,0,7,0,1,0,0,0,0,0,0,13.31166465,52.50634232,1,1.0,08 to 12
5,5200629.0,3,17,7,3,5,3,0,0,1,0,0,0,0,0,13.19566798,52.52946124,1,0.0,16 to 20
1,1100308.0,3,21,4,3,9,1,2,0,0,0,1,0,0,0,13.3765825,52.52866731,1,0.0,20 to 24
1,1300836.0,3,18,4,3,0,7,2,0,0,0,1,0,1,1,13.38248056,52.54874408,2,0.0,16 to 20
1,1100102.0,3,2,6,3,8,1,2,0,1,0,0,0,0,0,13.35142387,52.50982864,1,0.0,00 to 04
5,5300840.0,3,9,3,3,5,7,0,0,1,0,1,0,0,1,13.25876927,52.53461409,2,0.0,08 to 12
4,4300620.0,3,11,2,2,5,7,0,0,1,0,0,1,0,0,13.32696163,52.51989605,2,0.0,08 to 12
8,8200831.0,3,21,3,3,1,5,2,0,1,0,1,0,0,0,13.40639821,52.42736804,2,0.0,20 to 24
12,12200412.0,3,8,3,3,6,4,0,0,1,1,0,0,0,0,13.29447443,52.57643556,2,0.0,08 to 12
4,4300623.0,3,13,6,3,2,7,0,0,0,0,1,0,1,0,13.30557777,52.50791105,2,0.0,12 to 16
10,10100316.0,3,16,2,3,2,6,0,0,1,0,0,0,0,0,13.57019301,52.54072799,1,0.0,16 to 20
3,3500934.0,3,13,7,3,5,3,0,1,1,0,0,0,0,0,13.44112149,52.54954803,2,0.5,12 to 16
1,1100101.0,3,10,4,3,5,3,0,0,1,0,0,0,0,0,13.35216623,52.50636207,1,0.0,08 to 12
7,7100102.0,3,15,4,3,5,3,0,0,1,0,0,0,1,0,13.34582701,52.50007418,2,0.0,12 to 16
2,2500729.0,3,14,5,3,5,5,0,0,1,0,0,0,0,0,13.4712054,52.51455399,1,0.0,12 to 16
4,4300415.0,3,8,3,3,0,5,0,1,1,0,0,0,0,0,13.29250504,52.50962696,2,0.5,08 to 12
12,12200412.0,3,15,7,3,5,2,0,1,1,0,0,0,0,0,13.29133542,52.58102443,2,0.5,12 to 16
6,6400840.0,3,15,4,3,8,1,0,0,1,0,0,0,0,0,13.25447164,52.44353035,1,0.0,12 to 16
5,5100211.0,3,19,4,3,2,6,2,0,1,0,1,0,0,0,13.1578803,52.54312759,2,0.0,16 to 20
4,4300620.0,3,18,5,3,1,5,2,1,0,0,0,0,1,0,13.32025407,52.52009766,2,0.5,16 to 20
3,3100103.0,3,7,3,3,5,3,0,1,1,0,0,0,0,0,13.49306894,52.62386191,2,0.5,04 to 08
7,7501133.0,3,5,2,2,0,1,1,0,0,0,1,0,0,0,13.38502905,52.43553756,1,0.0,04 to 08
4,4400830.0,3,14,3,2,1,5,0,1,1,0,0,0,0,0,13.28583555,52.47912208,2,0.5,12 to 16
5,5300840.0,3,9,2,3,2,6,0,0,1,0,0,0,0,1,13.24791404,52.53651665,1,0.0,08 to 12
7,7300619.0,3,16,5,3,3,6,0,0,1,0,1,0,0,0,13.35476487,52.45863217,2,0.0,16 to 20
1,1300836.0,3,15,2,3,5,3,0,0,1,0,0,0,0,0,13.37294311,52.54018854,1,0.0,12 to 16
3,3601245.0,3,19,4,3,5,2,2,0,1,0,0,0,0,0,13.42851828,52.54785584,1,0.0,16 to 20
10,10100104.0,3,22,6,2,6,4,2,0,1,1,0,0,0,0,13.57370914,52.56652839,2,0.0,20 to 24
1,1401049.0,3,15,3,3,2,6,0,0,1,0,0,0,0,0,13.36418391,52.55656707,1,0.0,12 to 16
9,9200819.0,3,14,4,3,5,7,0,1,0,0,0,0,1,0,13.56166067,52.44466716,2,0.5,12 to 16
1,1100102.0,3,11,5,3,0,7,0,1,0,0,0,0,0,1,13.37385706,52.52095694,1,1.0,08 to 12
7,7100102.0,3,20,2,3,5,2,2,0,1,0,0,0,0,0,13.34627672,52.50107765,1,0.0,20 to 24
4,4501153.0,3,14,4,3,2,2,0,0,1,0,0,0,0,0,13.32880792,52.47883808,1,0.0,12 to 16
12,12400618.0,3,0,1,3,8,1,2,0,1,0,0,0,0,0,13.22689414,52.62693664,1,0.0,00 to 04
5,5200629.0,3,11,2,3,0,3,0,0,1,0,1,0,0,0,13.19643587,52.53044821,2,0.0,08 to 12
10,10300733.0,3,14,5,3,2,6,0,0,1,0,0,0,0,0,13.56223213,52.51117723,1,0.0,12 to 16
7,7601236.0,3,11,7,3,1,5,0,0,1,0,0,0,0,0,13.36071912,52.41735482,1,0.0,08 to 12
9,9100304.0,3,13,4,3,5,2,0,0,1,0,0,0,0,0,13.48125577,52.46079553,1,0.0,12 to 16
11,11300826.0,3,16,1,2,6,7,0,0,1,1,0,0,0,0,13.47700622,52.51188372,2,0.0,16 to 20
9,9200511.0,3,5,3,3,5,2,0,1,1,0,0,0,0,0,13.52590055,52.45875008,2,0.5,04 to 08
3,3501038.0,3,16,5,2,5,3,0,0,1,0,1,0,0,0,13.47694958,52.56324894,2,0.0,16 to 20
2,2300314.0,3,17,1,3,2,1,0,1,1,0,0,0,0,0,13.4267063,52.50473863,2,0.5,16 to 20
10,10400940.0,3,10,5,3,5,2,0,1,1,0,0,0,0,0,13.60109433,52.48066951,2,0.5,08 to 12
3,3501038.0,3,15,6,3,2,6,0,0,1,0,0,0,0,0,13.48077012,52.5537674,1,0.0,12 to 16
6,6100102.0,3,12,3,3,5,3,0,1,1,0,0,0,0,0,13.31911613,52.45453183,2,0.5,12 to 16
1,7100101.0,3,10,4,3,3,2,0,0,1,0,1,0,0,0,13.34278126,52.50457246,2,0.0,08 to 12
4,4200308.0,3,9,5,3,5,2,0,0,1,0,0,0,0,1,13.27805095,52.51839469,1,0.0,08 to 12
3,3701657.0,3,18,2,2,0,1,2,0,0,0,0,0,1,0,13.42508986,52.54098607,1,0.0,16 to 20
7,7100101.0,3,13,4,3,2,6,0,1,1,0,0,0,0,0,13.34557192,52.49694229,2,0.5,12 to 16
12,1300730.0,3,20,7,3,2,6,2,0,1,0,0,0,0,0,13.37698471,52.56058102,1,0.0,20 to 24
7,7300618.0,3,11,2,3,1,5,0,1,1,0,0,0,0,0,13.33726659,52.46888051,2,0.5,08 to 12
1,1100308.0,3,22,7,3,5,3,2,0,1,0,0,0,0,0,13.37407493,52.53056708,1,0.0,20 to 24
10,10100311.0,3,8,4,3,2,6,0,0,0,0,0,0,1,0,13.52756992,52.53578688,1,0.0,08 to 12
9,9301228.0,3,7,6,3,4,6,0,0,1,0,0,0,0,0,13.65489701,52.37463295,1,0.0,04 to 08
10,10300732.0,3,16,2,3,3,6,1,0,1,0,0,0,0,1,13.56857216,52.51309411,1,0.0,16 to 20
7,7200412.0,3,15,2,2,5,3,0,1,0,0,0,0,1,0,13.36299584,52.47604254,2,0.5,12 to 16
1,1100308.0,3,16,4,3,0,3,0,1,1,0,0,0,0,0,13.37964163,52.52132552,2,0.5,16 to 20
8,8100209.0,3,13,6,3,6,2,0,0,0,1,0,0,1,0,13.44463576,52.46800047,2,0.0,12 to 16
9,9100304.0,3,15,2,3,6,4,0,0,1,1,0,0,0,0,13.48653424,52.4651396,2,0.0,12 to 16
7,7501134.0,3,17,2,3,2,6,1,0,1,0,0,0,0,0,13.39235595,52.43988344,1,0.0,16 to 20
8,8200831.0,3,12,3,3,1,5,0,0,1,0,0,0,0,0,13.41231903,52.42516582,1,0.0,12 to 16
4,4300619.0,3,12,4,3,0,6,0,0,1,0,1,0,0,0,13.31592235,52.51563173,2,0.0,12 to 16
12,12500927.0,3,15,2,3,1,5,0,0,1,0,1,0,0,1,13.33112287,52.59804153,2,0.0,12 to 16
4,4501150.0,3,21,7,3,6,7,2,1,0,1,0,0,0,0,13.32795369,52.48676857,2,0.5,20 to 24
2,2100106.0,3,20,2,3,5,2,2,0,1,0,0,0,0,0,13.40665346,52.49843396,1,0.0,20 to 24
3,3200204.0,3,15,7,3,5,2,0,0,1,0,0,0,0,0,13.40206655,52.6028499,1,0.0,12 to 16
4,4200310.0,3,17,4,2,6,4,0,0,1,1,0,0,0,0,13.26853741,52.50921104,2,0.0,16 to 20
2,2200211.0,3,16,4,3,5,3,0,1,1,0,0,0,0,0,13.39740939,52.48895969,2,0.5,16 to 20
7,7300619.0,3,14,5,3,2,6,0,0,1,0,0,0,0,0,13.34788765,52.45911654,1,0.0,12 to 16
12,12500824.0,3,15,2,3,5,3,0,1,1,0,0,0,0,1,13.30259992,52.59159634,2,0.5,12 to 16
2,2100106.0,3,8,2,3,5,3,0,0,1,0,0,0,0,0,13.39945538,52.49828847,1,0.0,08 to 12
2,2400521.0,3,17,3,3,5,2,1,1,1,0,0,0,0,0,13.44061031,52.51701981,2,0.5,16 to 20
6,6200422.0,3,13,2,3,5,7,0,0,1,0,0,0,0,1,13.33247126,52.42974771,1,0.0,12 to 16
11,11400927.0,3,10,6,3,5,2,0,0,1,0,1,0,0,0,13.47137029,52.50515226,2,0.0,08 to 12
4,4300416.0,3,7,2,3,0,1,0,0,0,0,1,0,0,0,13.30205115,52.50896467,1,0.0,04 to 08
1,1400942.0,3,15,2,3,2,6,0,0,1,0,0,0,1,0,13.34900149,52.54869031,2,0.0,12 to 16
12,12500824.0,3,15,3,3,0,2,0,0,1,0,1,0,0,0,13.29222487,52.59058244,2,0.0,12 to 16
3,3500934.0,3,12,2,3,0,3,0,0,0,0,0,0,1,1,13.43256231,52.55757827,1,0.0,12 to 16
5,5200420.0,3,21,6,3,5,3,2,1,1,0,0,0,0,0,13.17924817,52.5337754,2,0.5,20 to 24
11,11300722.0,3,7,2,3,5,2,0,1,1,0,0,0,0,0,13.48585641,52.51847235,2,0.5,04 to 08
9,9200715.0,3,14,7,3,5,2,0,1,1,0,0,0,0,0,13.5266856,52.42879517,2,0.5,12 to 16
7,7100206.0,3,13,4,3,6,4,0,0,1,1,0,0,0,0,13.37060431,52.48854162,2,0.0,12 to 16
1,1100313.0,3,18,4,2,5,2,1,1,1,0,0,0,0,0,13.42090348,52.50942273,2,0.5,16 to 20
9,9200716.0,3,18,5,3,5,3,2,0,1,0,0,0,1,0,13.54494769,52.43431973,2,0.0,16 to 20
12,12200412.0,3,12,2,3,2,6,0,0,1,0,0,1,0,1,13.28437512,52.57563554,2,0.0,12 to 16
2,2100101.0,3,19,2,3,0,1,2,1,0,0,0,0,0,0,13.38127156,52.5039861,1,1.0,16 to 20
6,6200313.0,3,8,3,3,2,6,0,0,1,0,0,0,0,0,13.34798914,52.43760015,1,0.0,08 to 12
12,12200309.0,3,22,2,3,5,3,2,0,1,0,0,0,1,0,13.32764364,52.56407988,2,0.0,20 to 24
1,1200517.0,3,12,5,3,5,3,0,1,1,0,0,0,0,0,13.31490088,52.52952028,2,0.5,12 to 16
8,8401241.0,3,14,2,3,3,5,0,1,1,0,0,0,0,0,13.47190201,52.43651857,2,0.5,12 to 16
8,8401243.0,3,14,5,3,5,2,0,1,1,0,0,0,0,0,13.49530471,52.43159827,2,0.5,12 to 16
5,5100210.0,3,18,6,3,5,7,2,0,1,0,0,0,0,1,13.18413206,52.54558608,1,0.0,16 to 20
11,11300722.0,3,15,3,3,5,3,0,0,1,0,0,0,0,0,13.48535728,52.52318995,1,0.0,12 to 16
3,3200204.0,3,13,4,2,8,1,0,0,0,0,1,0,0,0,13.39432197,52.6174719,1,0.0,12 to 16
1,1100101.0,3,12,7,3,5,3,0,0,1,0,0,0,0,0,13.35219602,52.50634479,1,0.0,12 to 16
1,1100415.0,3,18,3,3,6,4,1,0,1,1,0,0,0,0,13.39478407,52.5322912,2,0.0,16 to 20
3,3400620.0,3,15,4,3,5,2,0,1,1,0,0,0,0,0,13.39688202,52.57149142,2,0.5,12 to 16
7,7300516.0,3,13,5,2,6,7,0,0,0,1,0,0,1,0,13.32836512,52.46623314,2,0.0,12 to 16
6,6200316.0,3,12,2,3,2,7,0,0,1,0,0,0,0,0,13.35592235,52.42601677,1,0.0,12 to 16
4,4400725.0,3,13,4,3,5,2,0,1,1,0,0,0,0,0,13.2808162,52.49884859,2,0.5,12 to 16
11,11300620.0,3,14,1,3,6,7,0,0,1,1,0,0,0,0,13.48081618,52.53325868,2,0.0,12 to 16
3,3601245.0,3,13,3,2,5,2,0,1,1,0,0,0,0,0,13.43643853,52.54852786,2,0.5,12 to 16
7,7601238.0,3,19,4,3,2,6,2,0,1,0,1,0,0,0,13.38899993,52.41204177,2,0.0,16 to 20
10,10400836.0,3,2,5,3,4,7,2,1,0,0,0,0,0,0,13.58716904,52.51146691,1,1.0,00 to 04
5,5100103.0,3,13,1,3,5,3,0,1,1,0,0,0,0,0,13.21460197,52.56328894,2,0.5,12 to 16
6,6400838.0,3,17,5,3,5,3,0,0,1,0,0,0,0,0,13.22978814,52.44249672,1,0.0,16 to 20
3,3200309.0,3,19,4,3,6,4,2,0,1,1,0,0,0,0,13.44001744,52.59166691,2,0.0,16 to 20
5,5200420.0,3,15,6,3,5,3,0,0,1,0,0,0,0,0,13.17939949,52.5338653,1,0.0,12 to 16
7,7300619.0,3,8,3,3,5,2,0,0,1,0,0,0,0,0,13.34741231,52.47059434,1,0.0,08 to 12
6,6200311.0,3,11,4,3,1,1,0,0,1,0,1,0,1,0,13.36052325,52.44224902,3,0.0,08 to 12
12,12200414.0,3,5,5,3,2,6,1,0,1,0,0,0,0,0,13.30791961,52.55656412,1,0.0,04 to 08
10,10100206.0,3,11,2,2,1,5,0,0,1,0,0,0,0,1,13.56572118,52.55622367,1,0.0,08 to 12
2,2100102.0,3,19,7,3,1,7,2,0,1,0,0,0,1,0,13.39128519,52.50192455,2,0.0,16 to 20
6,6300631.0,3,10,2,3,2,1,0,1,0,0,0,1,0,0,13.31091065,52.43073905,2,0.5,08 to 12
8,8100209.0,4,17,5,3,5,3,0,0,0,0,1,0,0,0,13.44740419,52.46424253,1,0.0,16 to 20
3,3400828.0,4,18,4,3,5,3,1,1,1,0,0,0,0,0,13.42761511,52.56046466,2,0.5,16 to 20
7,7400823.0,4,17,6,3,5,2,0,1,1,0,0,0,0,0,13.37798995,52.4662962,2,0.5,16 to 20
1,1300836.0,4,19,5,3,6,4,2,0,1,1,0,0,0,0,13.37825925,52.55038901,2,0.0,16 to 20
5,5100317.0,4,16,4,2,5,2,0,1,0,0,0,1,0,0,13.24757347,52.52452175,2,0.5,16 to 20
1,1200517.0,4,15,6,3,0,7,0,1,0,0,0,0,0,0,13.32461617,52.53685445,1,1.0,12 to 16
7,7400823.0,4,19,5,3,2,7,0,0,0,0,1,0,1,0,13.37260094,52.45957943,2,0.0,16 to 20
8,8401139.0,4,17,1,3,3,6,0,1,1,0,0,0,0,0,13.46528662,52.43340809,2,0.5,16 to 20
9,9401329.0,4,16,4,3,3,6,0,1,0,0,0,0,1,0,13.58224499,52.43770431,2,0.5,16 to 20
7,7400927.0,4,18,5,2,6,7,0,0,0,1,0,0,1,0,13.38916387,52.46573462,2,0.0,16 to 20
11,11300722.0,4,16,4,3,5,7,0,0,1,0,0,0,1,0,13.47924285,52.51630116,2,0.0,16 to 20
1,1401046.0,4,9,5,2,3,6,0,0,1,0,0,0,0,0,13.34806793,52.54123444,1,0.0,08 to 12
6,6200421.0,4,17,5,3,2,6,0,0,1,0,0,0,0,0,13.31548432,52.42481221,1,0.0,16 to 20
9,9100203.0,4,15,4,3,5,2,0,1,1,0,0,0,0,0,13.47859126,52.47750779,2,0.5,12 to 16
1,1100309.0,4,9,5,3,5,7,0,1,0,0,0,0,1,0,13.40898227,52.52830029,2,0.5,08 to 12
3,3601244.0,4,22,3,3,2,7,2,0,1,0,1,0,0,0,13.42737759,52.5457555,2,0.0,20 to 24
3,3601140.0,4,13,5,3,5,2,0,0,1,0,0,0,0,0,13.4057021,52.55126074,1,0.0,12 to 16
9,9301025.0,4,15,1,3,5,3,0,1,1,0,0,0,0,0,13.5616695,52.39149148,2,0.5,12 to 16
9,9501939.0,4,9,5,3,6,2,0,0,1,1,0,0,0,0,13.56964123,52.45281477,2,0.0,08 to 12
2,2200209.0,4,18,5,3,5,2,0,0,1,0,1,0,0,0,13.37665086,52.48503411,2,0.0,16 to 20
8,8200832.0,4,16,1,2,0,1,0,0,0,0,1,0,0,0,13.4254779,52.41647116,1,0.0,16 to 20
8,8200726.0,4,18,5,3,2,6,0,0,1,0,0,0,0,0,13.45332769,52.44542674,1,0.0,16 to 20
3,3500936.0,4,14,5,3,0,2,0,1,0,0,0,0,1,0,13.45023292,52.54605127,2,0.5,12 to 16
7,7601341.0,4,15,4,3,1,5,0,1,1,0,0,0,0,0,13.36152683,52.40157833,2,0.5,12 to 16
7,7400721.0,4,17,5,2,0,1,0,1,0,0,0,0,0,0,13.40036528,52.48370455,1,1.0,16 to 20
2,2200209.0,4,16,5,3,5,2,0,1,1,0,0,0,0,0,13.38235382,52.48984936,2,0.5,16 to 20
6,6400841.0,4,15,4,3,2,6,0,0,1,0,0,0,0,0,13.26218857,52.43792,1,0.0,12 to 16
2,2100106.0,4,17,5,3,5,2,0,1,1,0,0,0,0,0,13.41830565,52.498727,2,0.5,16 to 20
3,3400826.0,4,16,3,3,5,2,0,1,1,0,0,0,0,0,13.41067424,52.55938372,2,0.5,16 to 20
7,7400826.0,4,16,5,3,2,7,0,1,1,0,0,0,0,0,13.36640666,52.44946068,2,0.5,16 to 20
4,4200311.0,4,18,7,2,5,3,0,0,1,0,0,0,0,0,13.28146028,52.51155815,1,0.0,16 to 20
1,1200522.0,4,15,5,2,5,2,0,1,1,0,0,0,0,0,13.3425684,52.52541456,2,0.5,12 to 16
9,9200715.0,4,15,5,3,5,2,0,0,1,0,0,0,0,0,13.54707215,52.42669004,1,0.0,12 to 16
7,7601442.0,4,13,4,3,5,2,0,0,1,0,1,0,0,0,13.40131448,52.41450989,2,0.0,12 to 16
4,4200204.0,4,16,6,3,5,2,0,1,1,0,0,0,0,0,13.22318652,52.51018057,2,0.5,16 to 20
1,1400939.0,4,15,5,3,5,3,0,0,1,0,0,0,0,0,13.35637001,52.55538483,1,0.0,12 to 16
9,9200510.0,4,10,4,3,0,2,0,1,0,0,0,0,1,0,13.50924532,52.46351955,2,0.5,08 to 12
2,2200212.0,4,17,6,3,2,6,0,0,1,0,1,0,0,0,13.41533251,52.48796894,2,0.0,16 to 20
9,9501939.0,4,13,4,3,5,2,0,0,1,0,1,0,0,0,13.58014315,52.45824075,2,0.0,12 to 16
8,8200624.0,4,15,5,3,6,4,0,0,1,1,0,0,0,0,13.42669766,52.45690455,2,0.0,12 to 16
10,10200418.0,4,12,4,3,0,1,0,0,0,0,1,0,0,0,13.59180879,52.54040874,1,0.0,12 to 16
4,4100101.0,4,15,5,3,5,2,0,0,1,0,0,0,0,0,13.32624395,52.53802354,1,0.0,12 to 16
8,8401243.0,4,13,5,3,0,2,0,0,0,0,1,1,0,0,13.49532512,52.43164664,2,0.0,12 to 16
9,9200716.0,4,10,4,3,6,2,0,0,1,1,0,0,0,0,13.54809238,52.43794764,2,0.0,08 to 12
2,2300315.0,4,13,5,3,2,6,0,0,1,0,1,0,0,0,13.42427976,52.49907806,2,0.0,12 to 16
1,1100312.0,4,13,3,3,2,6,0,0,1,0,0,0,0,0,13.40397154,52.50811863,1,0.0,12 to 16
5,5200524.0,4,12,5,3,5,2,0,0,1,0,0,0,0,0,13.14113087,52.52747895,1,0.0,12 to 16
2,2500727.0,4,12,5,3,2,6,0,0,1,0,0,0,0,0,13.4547181,52.51581852,1,0.0,12 to 16
6,6200313.0,4,17,4,3,3,6,0,1,0,0,0,0,1,0,13.3432792,52.43963455,2,0.5,16 to 20
1,1100311.0,4,10,4,3,5,3,0,1,1,0,0,0,0,0,13.42566397,52.51842241,2,0.5,08 to 12
3,3400619.0,4,14,6,3,1,5,0,1,1,0,0,0,0,0,13.37192115,52.59009958,2,0.5,12 to 16
4,4300621.0,4,17,4,3,6,4,0,1,0,1,0,0,0,0,13.30487142,52.51419928,2,0.5,16 to 20
6,6200313.0,4,18,4,3,1,5,0,1,1,0,0,0,0,0,13.34377786,52.43890415,2,0.5,16 to 20
3,3601451.0,4,15,6,3,5,2,0,1,1,0,0,0,0,0,13.44568054,52.53467621,2,0.5,12 to 16
4,4501043.0,4,22,4,3,0,1,2,1,0,0,0,0,0,0,13.31307992,52.49130669,1,1.0,20 to 24
6,6200317.0,4,9,1,2,5,3,0,0,1,0,1,0,0,0,13.36177473,52.42545102,2,0.0,08 to 12
5,5100315.0,4,9,4,3,6,2,0,0,1,1,0,0,0,0,13.20466808,52.54413755,2,0.0,08 to 12
1,1100311.0,4,20,4,3,3,3,2,0,1,0,1,0,0,0,13.41779088,52.51800335,2,0.0,20 to 24
12,12601133.0,4,18,4,2,0,1,0,0,0,0,0,0,1,0,13.36881531,52.60202699,1,0.0,16 to 20
8,8200730.0,4,14,2,2,5,2,0,1,0,0,0,0,0,0,13.43516623,52.4364543,1,1.0,12 to 16
1,1100310.0,4,17,4,3,5,2,0,1,1,0,0,0,0,0,13.4149984,52.5157905,2,0.5,16 to 20
7,7501031.0,4,16,4,3,2,6,0,0,1,0,0,1,1,0,13.40454863,52.44910789,3,0.0,16 to 20
9,9501737.0,4,10,4,3,1,5,0,0,1,0,0,0,0,0,13.64181326,52.44776365,1,0.0,08 to 12
9,9502043.0,4,16,4,3,0,7,0,1,0,0,0,0,0,0,13.57542187,52.47435199,1,1.0,16 to 20
6,6400736.0,4,9,6,3,4,2,0,0,1,0,0,0,1,0,13.2248712,52.423437,2,0.0,08 to 12
8,8100521.0,4,15,4,3,0,6,0,1,1,0,0,0,0,0,13.46130935,52.46777851,2,0.5,12 to 16
12,12200309.0,4,13,4,3,6,7,0,0,1,1,0,0,0,0,13.32848181,52.56492827,2,0.0,12 to 16
8,8200727.0,4,9,6,3,2,6,0,0,1,0,0,0,0,0,13.43466842,52.44058129,1,0.0,08 to 12
10,10300731.0,4,14,4,3,5,3,0,1,1,0,0,0,0,0,13.55030169,52.52022072,2,0.5,12 to 16
1,1400941.0,4,19,1,3,4,6,0,0,1,0,1,0,0,0,13.33881434,52.56284406,2,0.0,16 to 20
10,10300733.0,3,9,3,2,0,1,0,1,0,0,0,0,0,0,13.56222556,52.51115196,1,1.0,08 to 12
9,9200717.0,4,14,4,3,1,5,0,1,1,0,0,0,0,0,13.54893454,52.43821854,2,0.5,12 to 16
12,12100205.0,3,12,3,3,2,6,0,0,1,0,0,0,0,0,13.35074356,52.5673693,1,0.0,12 to 16
12,12500930.0,4,14,4,3,5,3,0,0,1,0,0,0,0,0,13.33322569,52.57884274,1,0.0,12 to 16
4,4200310.0,4,16,5,3,0,7,0,1,1,0,0,0,0,1,13.26899616,52.51171418,2,0.5,16 to 20
12,12601235.0,3,9,3,2,6,4,0,0,1,1,0,0,0,0,13.35586281,52.59245141,2,0.0,08 to 12
4,4200207.0,3,8,3,3,2,7,0,0,1,0,1,0,0,0,13.26032919,52.48933134,2,0.0,08 to 12
11,11200512.0,4,14,4,3,5,2,0,1,1,0,0,0,0,0,13.48541508,52.54804693,2,0.5,12 to 16
6,6400735.0,4,14,4,3,5,3,0,1,1,0,0,0,0,0,13.17593867,52.4195496,2,0.5,12 to 16
10,10100206.0,3,7,3,3,5,3,0,0,1,0,0,0,1,0,13.56919322,52.56082356,2,0.0,04 to 08
4,4300412.0,4,13,4,3,2,6,0,0,1,0,0,0,1,0,13.28468049,52.51872943,2,0.0,12 to 16
9,9502043.0,4,12,3,3,2,6,0,0,1,0,0,0,0,0,13.5841797,52.4640401,1,0.0,12 to 16
12,12500926.0,4,20,5,3,5,3,1,1,1,0,0,0,0,0,13.32995185,52.59433113,2,0.5,20 to 24
2,2400521.0,4,13,4,3,5,7,0,0,1,0,1,0,0,0,13.44064342,52.51712885,2,0.0,12 to 16
8,8100419.0,4,15,1,2,3,6,0,1,0,0,1,0,0,0,13.45609389,52.48314813,2,0.5,12 to 16
5,5100208.0,4,12,4,3,2,6,0,0,1,0,0,0,0,0,13.15340297,52.55344523,1,0.0,12 to 16