bez,lor_ab_2021,umonat,ustunde,uwochentag,ukategorie,uart,utyp1,ulichtverh,istrad,istpkw,istfuss,istkrad,istgkfz,istsonstige,ustrzustand,xgcswgs84,ygcswgs84,all_acc,perc_bike_acc,rushhours
12,12100205.0,4,16,5,3,9,1,0,0,1,0,0,0,0,0,13.34513818,52.56679308,1,0.0,16 to 20
5,5100105.0,3,9,6,2,5,3,0,1,1,0,0,0,0,0,13.20789352,52.56013009,2,0.5,08 to 12
9,9100408.0,4,10,5,3,6,4,0,1,0,1,0,0,0,0,13.51135136,52.44924607,2,0.5,08 to 12
4,4501150.0,4,9,5,3,5,3,0,0,1,0,0,0,0,0,13.32201842,52.48429847,1,0.0,08 to 12
9,9200511.0,4,19,4,2,5,2,0,1,1,0,0,0,0,0,13.5209332,52.46087501,2,0.5,16 to 20
9,9100305.0,4,16,6,3,2,6,0,0,1,0,0,0,0,0,13.48972841,52.46778705,1,0.0,16 to 20
1,1300836.0,4,19,6,3,5,3,0,1,1,0,0,0,0,0,13.37938546,52.54019244,2,0.5,16 to 20
7,7601340.0,4,7,5,3,0,3,0,1,0,0,0,0,1,0,13.35568019,52.4132246,2,0.5,04 to 08
3,3200204.0,4,12,1,2,0,7,0,1,0,0,0,0,0,0,13.38101097,52.63300851,1,1.0,12 to 16
1,1401049.0,4,18,6,3,0,7,0,1,0,0,0,0,0,0,13.36348829,52.55661586,1,1.0,16 to 20
1,1300836.0,4,16,4,2,6,4,0,0,1,1,0,0,0,0,13.37479544,52.5480583,2,0.0,16 to 20
9,9200819.0,4,16,4,3,0,6,0,1,0,0,0,0,0,0,13.56394989,52.44576441,1,1.0,16 to 20
8,8200726.0,4,20,4,3,5,3,2,0,1,0,0,0,1,0,13.45282567,52.44551119,2,0.0,20 to 24
9,9200512.0,3,21,5,3,0,1,2,1,0,0,0,0,0,0,13.53919857,52.45762627,1,1.0,20 to 24
7,7601236.0,4,14,3,3,2,5,0,0,1,0,0,0,0,0,13.35957014,52.4191803,1,0.0,12 to 16
11,11300826.0,4,17,7,3,5,3,0,0,1,0,0,0,0,0,13.48411878,52.50856949,1,0.0,16 to 20
11,11100309.0,4,13,5,3,2,6,0,0,1,0,1,0,0,0,13.50473705,52.5629916,2,0.0,12 to 16
3,3601452.0,4,18,1,3,5,3,0,1,0,0,0,0,0,0,13.45580992,52.52865661,1,1.0,16 to 20
1,1400942.0,4,7,4,3,1,5,0,1,1,0,0,0,0,0,13.35004241,52.54786691,2,0.5,04 to 08
1,1100103.0,4,19,7,3,5,2,0,0,1,0,0,0,0,0,13.34962404,52.50309131,1,0.0,16 to 20
4,4501044.0,4,15,5,3,5,3,0,1,1,0,0,0,0,0,13.32224146,52.49566311,2,0.5,12 to 16
8,8100102.0,4,20,3,3,4,7,0,0,1,0,1,0,0,1,13.4227056,52.47685616,2,0.0,20 to 24
3,3300514.0,4,19,7,3,0,1,0,0,0,0,1,0,0,0,13.45783755,52.60309937,1,0.0,16 to 20
1,1100416.0,4,15,5,3,3,6,0,1,0,0,0,0,0,0,13.39811337,52.53496078,1,1.0,12 to 16
8,8200832.0,4,11,2,3,0,3,0,1,0,0,0,0,1,0,13.43022853,52.42150062,2,0.5,08 to 12
1,1401044.0,4,15,4,3,0,5,0,0,1,0,1,0,0,0,13.37575604,52.55070549,2,0.0,12 to 16
12,12100204.0,4,11,4,2,6,2,0,0,1,1,0,0,0,0,13.34285347,52.56332578,2,0.0,08 to 12
4,4501152.0,4,21,2,3,0,1,2,1,1,0,0,0,0,0,13.33304772,52.49142571,2,0.5,20 to 24
1,1100207.0,4,22,4,3,5,3,2,0,1,0,0,0,0,0,13.39036878,52.50763273,1,0.0,20 to 24
2,2300316.0,4,18,1,3,5,2,0,1,1,0,0,0,0,0,13.43800143,52.50020259,2,0.5,16 to 20
1,1401047.0,4,14,7,3,2,2,0,1,1,0,0,0,0,0,13.36402246,52.5435523,2,0.5,12 to 16
5,5100316.0,4,21,4,3,5,2,2,0,1,0,0,0,0,0,13.20303865,52.54084419,1,0.0,20 to 24
2,2100104.0,4,11,6,3,2,6,0,0,1,0,1,0,0,0,13.40938837,52.50191872,2,0.0,08 to 12
4,4300517.0,4,14,3,3,5,3,0,0,1,0,0,0,0,0,13.3037408,52.52560382,1,0.0,12 to 16
4,4501042.0,4,8,5,3,1,5,0,1,1,0,0,0,0,0,13.33079103,52.50540258,2,0.5,08 to 12
3,3200204.0,4,12,5,3,5,2,0,1,1,0,0,0,0,0,13.38033385,52.63410756,2,0.5,12 to 16
8,8100312.0,4,14,2,3,3,6,0,1,1,0,0,0,0,0,13.43888381,52.4822184,2,0.5,12 to 16
8,8100415.0,4,22,4,3,5,3,2,0,1,0,0,0,1,1,13.44753744,52.47605918,2,0.0,20 to 24
8,8200726.0,4,12,5,3,5,3,0,0,1,0,1,0,0,0,13.4332289,52.44490298,2,0.0,12 to 16
12,12100205.0,4,14,5,3,2,6,0,0,1,0,1,0,0,0,13.34345393,52.58889954,2,0.0,12 to 16
4,4500938.0,4,15,2,3,0,3,0,0,1,0,0,0,1,0,13.29957432,52.49402069,2,0.0,12 to 16
4,4300415.0,4,18,4,3,5,2,0,1,1,0,0,0,0,1,13.29100467,52.50665314,2,0.5,16 to 20
4,4200308.0,4,16,2,3,5,2,0,1,1,0,0,0,0,0,13.2792476,52.52449428,2,0.5,16 to 20
10,10100311.0,4,20,4,3,5,3,0,1,1,0,0,0,0,0,13.52000218,52.53259923,2,0.5,20 to 24
8,8100209.0,4,17,1,2,5,3,0,0,1,0,1,0,0,0,13.44277903,52.46509825,2,0.0,16 to 20
5,5200633.0,4,16,7,3,0,3,0,1,0,0,0,0,1,0,13.1829252,52.51843434,2,0.5,16 to 20
1,1400942.0,4,20,4,3,2,6,0,0,1,0,0,0,0,0,13.34839182,52.54877213,1,0.0,20 to 24
7,7501030.0,4,12,6,3,5,2,0,1,0,0,0,1,0,0,13.38569325,52.44556151,2,0.5,12 to 16
7,7100206.0,4,18,2,3,0,1,0,1,0,0,0,0,0,0,13.37074513,52.49044217,1,1.0,16 to 20
5,5100316.0,4,18,5,3,6,4,0,0,1,1,0,0,0,0,13.19123136,52.53636618,2,0.0,16 to 20
4,4300414.0,4,14,2,3,2,6,0,1,1,0,0,0,0,0,13.29154737,52.51095522,2,0.5,12 to 16
9,9401329.0,4,9,4,3,0,5,0,1,1,0,0,0,0,0,13.58474619,52.43121653,2,0.5,08 to 12
4,4501146.0,4,14,2,3,5,2,0,1,1,0,0,0,0,0,13.32018736,52.48358426,2,0.5,12 to 16
8,8100419.0,4,19,4,3,5,3,0,0,1,0,0,0,0,0,13.448909950000001,52.48509593,1,0.0,16 to 20
5,5100103.0,4,14,7,3,2,6,0,0,1,0,1,0,0,0,13.20921859,52.56541566,2,0.0,12 to 16
5,5400943.0,4,13,5,3,1,5,0,0,1,0,0,0,0,0,13.13741233,52.45228812,1,0.0,12 to 16
1,1300834.0,4,0,3,3,9,1,2,0,1,0,0,0,0,0,13.39356571,52.54105729,1,0.0,00 to 04
4,4300412.0,4,13,7,3,3,6,0,0,1,0,0,0,0,0,13.28617509,52.51877981,1,0.0,12 to 16
11,11400929.0,4,19,4,3,5,7,0,0,1,0,1,0,0,0,13.49700146,52.50787878,2,0.0,16 to 20
11,11100204.0,4,15,2,3,5,3,0,0,1,0,0,0,0,0,13.52069595,52.5687538,1,0.0,12 to 16
10,10200526.0,4,19,4,3,2,6,0,1,1,0,0,0,0,0,13.60337302,52.53037139,2,0.5,16 to 20
7,7501134.0,4,13,7,3,3,6,0,1,1,0,0,0,0,0,13.39209894,52.43984164,2,0.5,12 to 16
4,4501042.0,4,7,4,3,5,2,0,0,1,0,1,0,0,0,13.34026326,52.50392089,2,0.0,04 to 08
6,6100204.0,4,20,7,2,1,6,2,0,1,0,0,0,1,0,13.34871539,52.45767187,2,0.0,20 to 24
1,1100415.0,4,19,4,3,0,1,0,1,0,0,0,0,0,0,13.39263048,52.53205613,1,1.0,16 to 20
6,6200317.0,4,17,6,3,6,7,0,1,0,1,0,0,0,0,13.36091773,52.42187197,2,0.5,16 to 20
2,2200213.0,4,18,2,3,0,1,0,1,0,0,0,0,0,0,13.42196317,52.49302309,1,1.0,16 to 20
8,8100311.0,4,16,5,3,5,3,0,1,1,0,0,0,0,0,13.42917418,52.48827004,2,0.5,16 to 20
5,5100211.0,4,8,2,2,5,7,0,1,1,0,0,0,0,0,13.17193158,52.55001835,2,0.5,08 to 12
1,1100310.0,4,15,4,2,5,2,0,1,1,0,0,0,0,0,13.40707253,52.51835767,2,0.5,12 to 16
2,2500835.0,4,17,1,3,0,7,0,1,0,1,0,0,0,0,13.46854574,52.5025098,2,0.5,16 to 20
5,5200632.0,4,18,4,2,5,2,0,1,1,0,0,0,0,0,13.21123914,52.52735653,2,0.5,16 to 20
4,4500938.0,4,19,7,3,0,7,1,1,1,0,0,0,0,0,13.29523152,52.4960726,2,0.5,16 to 20
12,12200412.0,4,19,5,3,0,1,1,1,0,0,0,0,0,0,13.29663444,52.5771964,1,1.0,16 to 20
12,12601031.0,4,9,3,3,5,2,0,0,1,0,0,0,0,0,13.32965771,52.6020069,1,0.0,08 to 12
3,3300516.0,4,13,7,2,0,1,0,1,0,0,0,0,0,0,13.44002264,52.56741328,1,1.0,12 to 16
4,4200308.0,4,12,6,1,6,2,0,0,0,1,0,1,0,0,13.27992628,52.51846591,2,0.0,12 to 16
9,9200716.0,4,15,2,2,1,5,0,1,1,0,0,0,0,0,13.54770652,52.43540202,2,0.5,12 to 16
8,8200727.0,4,18,4,3,5,3,0,0,1,0,0,0,0,0,13.44741763,52.4378354,1,0.0,16 to 20
3,3601449.0,4,17,4,3,0,2,0,1,1,0,0,0,0,1,13.4496563,52.53720283,2,0.5,16 to 20
10,10300734.0,4,19,3,3,2,6,0,0,1,0,1,0,0,0,13.5601329,52.48415611,2,0.0,16 to 20
5,5100103.0,4,17,6,3,5,2,0,1,1,0,0,0,0,0,13.20921845,52.56541541,2,0.5,16 to 20
12,12500824.0,4,17,2,3,5,3,0,0,1,0,1,0,0,0,13.30121759,52.59951904,2,0.0,16 to 20
10,10300733.0,4,11,4,3,5,3,0,1,1,0,0,0,0,0,13.54742963,52.50877781,2,0.5,08 to 12
4,4500938.0,4,8,3,3,5,2,0,1,1,0,0,0,0,0,13.30000181,52.49755873,2,0.5,08 to 12
9,9100305.0,4,12,2,3,5,2,0,1,1,0,0,0,0,0,13.48973983,52.46779508,2,0.5,12 to 16
9,9200717.0,4,12,4,3,5,2,0,1,1,0,0,0,0,0,13.55542715,52.43314361,2,0.5,12 to 16
12,12500930.0,4,16,1,3,0,1,0,0,0,0,1,0,0,0,13.33590345,52.58560071,1,0.0,16 to 20
1,1200517.0,4,18,4,2,3,6,0,0,1,0,1,0,0,0,13.32933685,52.52386245,2,0.0,16 to 20
3,3601449.0,4,11,7,3,6,2,0,0,1,1,0,0,0,0,13.44125587,52.5434413,2,0.0,08 to 12
9,9200511.0,4,18,5,2,0,1,0,1,0,0,0,0,0,0,13.52326811,52.45989909,1,1.0,16 to 20
8,8100417.0,4,18,3,3,3,6,0,1,1,0,0,0,0,0,13.4544564,52.47453301,2,0.5,16 to 20
1,1400942.0,4,13,7,3,5,7,0,0,1,0,0,0,1,0,13.34650317,52.5475888,2,0.0,12 to 16
3,3300516.0,4,14,5,2,5,3,0,1,1,0,0,0,0,0,13.44686714,52.56841633,2,0.5,12 to 16
2,2200209.0,4,9,5,3,2,6,0,1,1,0,0,0,0,0,13.37664288,52.48745495,2,0.5,08 to 12
1,1401044.0,4,11,2,3,6,4,0,0,1,1,0,0,0,0,13.36926823,52.550447,2,0.0,08 to 12
4,4501043.0,4,17,4,3,5,7,0,0,1,0,0,0,1,0,13.31513248,52.49431045,2,0.0,16 to 20
9,9200510.0,4,17,4,3,5,3,0,0,1,0,0,0,0,1,13.50469736,52.46807517,1,0.0,16 to 20
3,3400724.0,4,17,2,3,5,2,0,1,1,0,0,0,0,0,13.42859671,52.58307969,2,0.5,16 to 20
1,1300733.0,4,18,4,2,6,2,0,0,1,1,0,0,0,0,13.38642775,52.54949229,2,0.0,16 to 20
3,3300412.0,4,12,1,3,5,3,0,0,1,0,0,0,0,0,13.4740271,52.60997505,1,0.0,12 to 16
2,2100102.0,4,0,7,3,5,3,2,1,1,0,0,0,0,0,13.396056,52.49837942,2,0.5,00 to 04
2,2200210.0,4,17,4,3,3,6,0,1,0,0,0,0,0,0,13.39687898,52.49093328,1,1.0,16 to 20
12,12100103.0,4,13,6,3,5,5,0,0,1,0,1,0,0,0,13.37194995,52.57473146,2,0.0,12 to 16
8,8100417.0,4,17,4,3,1,5,0,1,1,0,0,0,0,0,13.44890129,52.47057382,2,0.5,16 to 20
6,6400838.0,4,19,1,3,5,3,0,1,1,0,0,0,0,0,13.22675796,52.43958194,2,0.5,16 to 20
4,4400727.0,4,13,1,2,2,7,0,0,1,0,1,0,0,0,13.28490139,52.48448644,2,0.0,12 to 16
3,3601243.0,4,17,4,3,6,2,0,0,1,1,0,0,0,0,13.42404401,52.55291638,2,0.0,16 to 20
11,11300722.0,4,21,6,3,5,2,2,0,1,0,0,0,0,0,13.48548705,52.52316817,1,0.0,20 to 24
5,5300736.0,4,15,3,3,5,3,0,1,1,0,0,0,0,0,13.21356128,52.53858642,2,0.5,12 to 16
7,7300515.0,4,11,7,3,5,2,0,1,1,0,0,0,0,0,13.32086137,52.47256437,2,0.5,08 to 12
1,1300732.0,4,10,5,3,2,6,0,0,1,0,0,1,0,0,13.389463,52.56221246,2,0.0,08 to 12
2,2200210.0,4,14,5,3,5,3,0,1,0,0,0,0,1,0,13.40586629,52.49348495,2,0.5,12 to 16
1,1401046.0,4,10,2,3,6,2,0,0,0,1,0,0,1,0,13.3492359,52.5421351,2,0.0,08 to 12
3,3400724.0,4,18,4,3,0,1,0,1,0,0,0,0,0,0,13.42286008,52.58000789,1,1.0,16 to 20
5,5200527.0,4,15,2,3,0,5,0,0,1,0,0,0,0,0,13.17191559,52.52005878,1,0.0,12 to 16
1,1401047.0,4,17,4,3,2,7,0,1,1,0,0,0,0,0,13.35959054,52.54625465,2,0.5,16 to 20
4,4200206.0,4,17,1,2,5,2,0,0,0,0,1,0,0,0,13.21817542,52.50874073,1,0.0,16 to 20
1,1100309.0,4,16,7,2,0,1,0,1,0,0,0,0,0,0,13.40684737,52.52552414,1,1.0,16 to 20
2,2200208.0,4,16,4,3,5,3,0,0,1,0,0,0,0,0,13.38788102,52.49300247,1,0.0,16 to 20
3,3501037.0,4,11,6,3,5,2,0,1,1,0,0,0,0,0,13.4776133,52.55573891,2,0.5,08 to 12
3,3400618.0,4,21,2,3,5,3,2,0,1,0,0,0,0,0,13.38213213,52.59864907,1,0.0,20 to 24
6,6200421.0,4,17,5,2,6,4,0,0,1,1,0,0,0,0,13.31289114,52.42269956,2,0.0,16 to 20
7,7601340.0,4,13,3,3,1,5,0,0,1,0,0,0,0,0,13.35209961,52.41389958,1,0.0,12 to 16
1,1400942.0,4,0,5,3,5,3,2,0,1,0,0,0,1,0,13.3439497,52.54643594,2,0.0,00 to 04
4,4200310.0,4,12,5,3,5,2,0,1,1,0,0,0,0,0,13.26768945,52.51231865,2,0.5,12 to 16
3,3601453.0,4,13,2,3,5,2,0,1,1,0,0,0,0,0,13.45411606,52.52649755,2,0.5,12 to 16
2,2300315.0,4,17,4,3,5,3,0,1,1,0,0,0,0,1,13.43042118,52.49920639,2,0.5,16 to 20
9,9200511.0,4,7,2,3,4,6,0,0,1,0,0,0,0,0,13.52270343,52.46014426,1,0.0,04 to 08
2,2100102.0,4,16,4,3,5,3,0,1,1,0,0,0,0,0,13.39499278,52.50314614,2,0.5,16 to 20
2,2500832.0,4,16,7,3,2,6,0,1,1,0,0,0,0,0,13.468368,52.50698322,2,0.5,16 to 20
7,7501030.0,4,6,4,2,1,5,0,1,1,0,0,0,0,1,13.37937413,52.45145045,2,0.5,04 to 08
2,2200208.0,4,10,7,3,5,2,0,1,1,0,0,0,0,0,13.38353891,52.49352495,2,0.5,08 to 12
1,1300835.0,4,17,4,3,5,3,0,1,1,0,0,0,0,0,13.39107771,52.53624551,2,0.5,16 to 20
4,4200308.0,4,19,6,3,5,3,1,1,1,0,0,0,0,0,13.27592283,52.51862503,2,0.5,16 to 20
8,8401245.0,4,18,2,3,5,3,0,0,1,0,0,0,0,0,13.50798708,52.40361298,1,0.0,16 to 20
7,7200307.0,4,16,5,3,5,7,0,0,1,0,0,0,0,0,13.34508337,52.49133443,1,0.0,16 to 20
4,4500936.0,4,12,2,3,5,3,0,1,1,0,0,0,0,0,13.30378028,52.49931222,2,0.5,12 to 16
10,10400939.0,4,14,4,3,5,3,0,0,1,0,0,0,0,0,13.61990866,52.51225478,1,0.0,12 to 16
2,2500832.0,4,18,1,3,3,6,0,0,1,0,1,0,0,0,13.4705787,52.50649048,2,0.0,16 to 20
5,5200629.0,4,16,4,3,5,2,0,1,1,0,0,0,0,0,13.19452059,52.53364301,2,0.5,16 to 20
5,5200527.0,4,12,7,2,5,3,0,0,1,0,0,0,0,0,13.16590482,52.52612497,1,0.0,12 to 16
6,6200313.0,4,14,5,3,2,6,0,0,1,0,0,0,0,0,13.34418017,52.43833038,1,0.0,12 to 16
5,5200527.0,4,8,2,3,5,3,0,1,1,0,0,0,0,0,13.16107956,52.52530405,2,0.5,08 to 12
4,4100101.0,4,15,4,3,5,2,0,0,1,0,0,0,1,0,13.28238668,52.53379804,2,0.0,12 to 16
10,10100205.0,4,19,2,2,5,3,0,0,1,0,1,0,0,0,13.53850139,52.5542785,2,0.0,16 to 20
7,7200308.0,4,15,4,3,5,2,0,1,1,0,0,0,0,0,13.34498633,52.48458882,2,0.5,12 to 16
1,1100416.0,4,14,7,3,5,7,0,1,1,0,0,0,0,0,13.40184718,52.53046799,2,0.5,12 to 16
11,11400929.0,4,11,5,3,5,3,0,0,1,0,0,0,0,0,13.49764672,52.5055014,1,0.0,08 to 12
1,1300836.0,4,11,3,3,6,4,0,1,0,1,0,0,0,0,13.370721,52.54537057,2,0.5,08 to 12
6,6100209.0,4,16,6,3,5,2,0,1,1,0,0,0,0,0,13.33892911,52.4645731,2,0.5,16 to 20
1,1300836.0,4,17,6,3,1,5,0,1,1,0,0,0,0,0,13.37298879,52.53824175,2,0.5,16 to 20
1,1200628.0,4,16,2,1,6,4,0,0,1,1,0,0,0,0,13.35716416,52.52353856,2,0.0,16 to 20
2,2200210.0,4,19,4,3,0,3,0,0,1,0,1,0,0,1,13.39769231,52.49523568,2,0.0,16 to 20
6,6300525.0,4,16,5,2,5,2,0,1,1,0,0,0,0,0,13.26732015,52.40896463,2,0.5,16 to 20
6,6200317.0,4,8,3,3,5,3,0,0,1,0,0,0,0,0,13.35184693,52.41845116,1,0.0,08 to 12
5,5100315.0,4,11,1,3,5,3,0,1,1,0,0,0,0,0,13.19454869,52.54568693,2,0.5,08 to 12
7,7601443.0,4,17,1,3,5,3,0,1,1,0,0,0,0,0,13.4029919,52.41190225,2,0.5,16 to 20
12,12200310.0,4,16,4,3,5,3,0,0,1,0,0,0,0,0,13.31127729,52.56986143,1,0.0,16 to 20
10,10200422.0,4,7,7,2,5,2,0,0,1,0,0,0,0,0,13.60351045,52.54667384,1,0.0,04 to 08
6,6200422.0,4,10,5,2,1,5,0,0,1,0,1,0,0,0,13.33119233,52.4268869,2,0.0,08 to 12
3,3300516.0,4,16,3,3,6,4,0,1,0,1,0,0,0,0,13.44782147,52.56633861,2,0.5,16 to 20
5,5200524.0,4,13,6,2,5,2,0,0,1,0,1,0,0,0,13.12444454,52.5288847,2,0.0,12 to 16
1,1200625.0,4,13,5,2,5,3,0,1,1,0,0,0,0,1,13.35275597,52.52822149,2,0.5,12 to 16
6,6200421.0,4,16,5,3,3,6,0,0,1,0,0,0,0,0,13.31106719,52.42090677,1,0.0,16 to 20
6,6100208.0,4,14,5,3,1,1,0,0,1,0,0,0,0,0,13.33070782,52.45818253,1,0.0,12 to 16
6,6300629.0,4,10,2,3,5,3,0,0,1,0,1,0,0,0,13.31297138,52.45275482,2,0.0,08 to 12
9,9200511.0,4,20,3,3,0,1,2,1,0,0,0,0,0,1,13.51897241,52.46132402,1,1.0,20 to 24
11,10100205.0,4,13,6,3,5,3,0,0,1,0,0,0,0,0,13.53545256,52.56131177,1,0.0,12 to 16
11,11300617.0,4,16,5,3,0,4,0,1,0,1,0,0,0,0,13.46885485,52.53159445,2,0.5,16 to 20
8,8100206.0,4,18,6,3,2,6,0,0,1,0,0,0,0,0,13.42516754,52.48045292,1,0.0,16 to 20
2,2300314.0,4,15,2,2,5,3,0,0,1,0,0,0,0,0,13.42268231,52.50042777,1,0.0,12 to 16
8,8100310.0,4,15,4,2,1,5,0,0,1,0,0,0,0,0,13.43413963,52.49073563,1,0.0,12 to 16
6,6300633.0,4,17,4,3,2,2,0,0,1,0,1,0,0,1,13.31566716,52.44313312,2,0.0,16 to 20
10,10400939.0,4,13,2,3,0,7,0,1,0,0,0,0,0,0,13.61278291,52.50793268,1,1.0,12 to 16
2,2200208.0,4,15,4,3,5,3,0,1,1,0,0,0,0,0,13.38792265,52.49299481,2,0.5,12 to 16
1,1100207.0,4,18,1,2,5,2,0,0,1,0,1,0,0,0,13.40114851,52.5091664,2,0.0,16 to 20
11,11501238.0,4,18,7,3,2,6,0,0,1,0,1,0,0,0,13.47322131,52.50180902,2,0.0,16 to 20
11,11401137.0,4,14,4,3,2,6,0,0,1,0,0,0,0,0,13.52139628,52.50126225,1,0.0,12 to 16
4,4500937.0,4,14,6,2,1,5,0,1,1,0,0,0,0,0,13.2865793,52.4976285,2,0.5,12 to 16
1,1400940.0,4,14,3,3,2,6,0,1,0,0,0,0,0,0,13.35211325,52.55892655,1,1.0,12 to 16
2,2200209.0,4,8,5,2,5,2,0,1,0,0,0,0,1,0,13.3866186,52.49007828,2,0.5,08 to 12
1,1300835.0,4,19,5,3,6,4,0,0,1,1,0,0,0,0,13.39050612,52.54450345,2,0.0,16 to 20
7,7400823.0,4,13,5,3,5,2,0,0,1,0,1,0,0,0,13.37581084,52.45770856,2,0.0,12 to 16
1,1401046.0,4,10,2,3,5,3,0,0,1,0,0,0,0,0,13.34941835,52.54211552,1,0.0,08 to 12
9,9100407.0,4,22,4,2,9,1,2,0,1,0,0,0,0,1,13.49209755,52.45804357,1,0.0,20 to 24
6,6300526.0,4,8,2,3,3,6,0,1,0,0,0,0,1,0,13.25983959,52.42931655,2,0.5,08 to 12
8,8100206.0,4,14,4,3,1,5,0,1,1,0,0,0,0,0,13.42497556,52.48112107,2,0.5,12 to 16
8,8100310.0,4,15,7,3,1,5,0,1,1,0,0,0,0,0,13.42730059,52.4934435,2,0.5,12 to 16
3,3400723.0,4,18,4,3,0,5,0,1,1,0,0,0,0,0,13.42086333,52.57538987,2,0.5,16 to 20
1,1401047.0,4,16,2,3,1,5,0,1,1,0,0,0,0,0,13.35672257,52.54337731,2,0.5,16 to 20
11,11300617.0,4,13,4,2,8,1,0,0,0,0,1,0,0,0,13.46951188,52.53163661,1,0.0,12 to 16
7,7400720.0,4,1,1,3,0,1,2,0,0,0,1,0,0,0,13.37983043,52.4815595,1,0.0,00 to 04
3,3400619.0,4,17,7,3,5,2,0,1,1,0,0,0,0,0,13.37551805,52.58130724,2,0.5,16 to 20
8,8100521.0,4,13,4,3,0,3,0,0,1,0,1,0,0,0,13.44702507,52.46585228,2,0.0,12 to 16
11,11300722.0,4,12,6,3,5,2,0,1,1,0,0,0,0,0,13.47789414,52.51462771,2,0.5,12 to 16
1,1100102.0,4,12,2,3,5,2,0,1,1,0,0,0,0,0,13.36506063,52.51010463,2,0.5,12 to 16
2,2400625.0,4,20,5,3,1,5,1,0,0,0,0,0,1,0,13.44676858,52.50552176,1,0.0,20 to 24
2,2500835.0,4,18,5,3,5,2,0,1,1,0,0,0,0,0,13.46464478,52.49742226,2,0.5,16 to 20
1,1100311.0,4,17,5,3,5,2,0,1,1,0,0,0,0,0,13.41822354,52.51737332,2,0.5,16 to 20
2,2100106.0,4,8,2,2,3,6,0,1,1,0,0,0,0,0,13.416887,52.49895632,2,0.5,08 to 12
1,1100308.0,4,16,4,3,1,5,0,1,1,0,0,0,0,0,13.37556711,52.53657845,2,0.5,16 to 20
1,1200628.0,4,14,2,2,2,2,0,0,1,0,0,0,0,0,13.36323677,52.52456318,1,0.0,12 to 16
3,3601141.0,4,13,4,3,5,2,0,1,0,0,0,0,1,0,13.41442081,52.55208031,2,0.5,12 to 16
11,11100307.0,4,15,7,3,5,3,0,0,1,0,0,0,0,0,13.50422891,52.56722084,1,0.0,12 to 16
9,9100304.0,4,10,5,3,5,3,0,1,1,0,0,0,0,0,13.48138677,52.4609039,2,0.5,08 to 12
9,9401432.0,4,21,3,3,5,3,2,0,1,0,0,0,0,0,13.59507525,52.44140545,1,0.0,20 to 24
11,10100205.0,4,13,6,3,5,3,0,1,1,0,0,0,0,0,13.54022147,52.5652608,2,0.5,12 to 16
4,4200308.0,4,11,4,3,2,6,0,0,1,0,1,0,0,0,13.28012756,52.51976822,2,0.0,08 to 12
11,11501340.0,4,18,6,3,0,1,0,1,1,0,0,0,0,0,13.52552067,52.48181181,2,0.5,16 to 20
8,8200832.0,4,18,2,3,5,3,0,1,1,0,0,0,0,0,13.42883403,52.42411688,2,0.5,16 to 20
10,10100311.0,4,17,5,2,5,3,0,1,0,0,0,0,1,0,13.52194195,52.52601011,2,0.5,16 to 20
1,1401046.0,4,9,4,3,2,6,0,0,1,0,0,0,1,0,13.34974892,52.54234157,2,0.0,08 to 12
12,12200309.0,4,14,7,3,3,6,0,1,1,0,0,0,0,0,13.33060516,52.56265884,2,0.5,12 to 16
4,4200311.0,4,11,4,3,3,6,0,0,1,0,1,0,0,0,13.27866294,52.50260111,2,0.0,08 to 12
8,8100206.0,4,10,6,3,5,7,0,0,1,0,1,0,0,0,13.43354612,52.48183686,2,0.0,08 to 12
6,6200316.0,4,19,2,3,5,3,0,1,1,0,0,0,0,0,13.36188614,52.42850304,2,0.5,16 to 20
5,5300839.0,4,17,5,3,5,3,0,0,1,0,1,0,0,0,13.26169774,52.5429402,2,0.0,16 to 20
4,4501041.0,4,22,2,3,0,1,2,1,0,0,0,0,0,0,13.32488026,52.50252615,1,1.0,20 to 24
10,10400940.0,4,15,4,2,5,3,0,1,1,0,0,0,0,0,13.60544335,52.48790852,2,0.5,12 to 16
6,6300634.0,4,18,2,2,5,2,0,0,1,0,0,0,0,0,13.30734656,52.43329824,1,0.0,16 to 20
5,5100208.0,4,11,4,3,2,6,0,0,1,0,0,0,0,0,13.15434124,52.55332943,1,0.0,08 to 12
3,3300411.0,4,13,7,3,5,2,0,1,1,0,0,0,0,0,13.48772357,52.61818414,2,0.5,12 to 16
4,4300619.0,4,10,5,3,5,2,0,1,1,0,0,0,0,0,13.30842564,52.51674949,2,0.5,08 to 12
4,4300414.0,4,10,3,3,5,3,0,1,0,0,1,0,0,0,13.28660305,52.5113037,2,0.5,08 to 12
3,3400721.0,4,12,6,3,2,6,0,0,1,0,0,0,0,0,13.40152862,52.5692,1,0.0,12 to 16
3,3400723.0,4,16,5,3,1,5,0,1,1,0,0,0,0,0,13.42027055,52.5728938,2,0.5,16 to 20
4,4300414.0,4,15,6,3,2,1,0,1,1,0,0,0,0,0,13.29624031,52.51917949,2,0.5,12 to 16