bez,lor_ab_2021,umonat,ustunde,uwochentag,ukategorie,uart,utyp1,ulichtverh,istrad,istpkw,istfuss,istkrad,istgkfz,istsonstige,ustrzustand,xgcswgs84,ygcswgs84,all_acc,perc_bike_acc,rushhours
3,3601450.0,4,15,2,2,5,3,0,0,1,0,1,0,0,0,13.46292411,52.53236971,2,0.0,12 to 16
10,10100205.0,4,17,4,2,0,1,0,0,0,0,1,0,0,1,13.53143479,52.55585726,1,0.0,16 to 20
12,12200307.0,4,18,5,3,2,7,0,0,1,0,1,0,0,0,13.3310019,52.57547854,2,0.0,16 to 20
9,9200715.0,4,6,3,3,2,2,0,0,1,0,0,0,1,0,13.52870239,52.42637218,2,0.0,04 to 08
1,1401044.0,4,13,1,3,0,7,0,1,1,0,0,0,0,0,13.37067982,52.54795407,2,0.5,12 to 16
3,3200205.0,4,13,1,3,5,3,0,0,1,0,0,0,0,0,13.39847097,52.59238456,1,0.0,12 to 16
2,2400623.0,4,10,3,3,0,1,0,1,0,0,0,0,0,0,13.43962612,52.51399722,1,1.0,08 to 12
4,4300416.0,4,12,2,3,2,6,0,0,1,0,0,1,0,0,13.2955605,52.50327789,2,0.0,12 to 16
1,1100308.0,4,12,4,3,0,3,0,0,1,0,0,0,1,0,13.37959046,52.52352155,2,0.0,12 to 16
1,1401045.0,4,16,1,3,2,6,0,0,1,0,0,0,0,0,13.37619858,52.55475732,1,0.0,16 to 20
9,9301126.0,4,10,4,2,0,1,0,1,0,0,0,0,0,0,13.57550284,52.42396568,1,1.0,08 to 12
1,1100103.0,4,18,7,3,5,3,0,1,1,0,0,0,0,0,13.35371931,52.50554339,2,0.5,16 to 20
1,1100311.0,4,9,5,3,5,2,0,1,1,0,0,0,0,0,13.41807981,52.51542781,2,0.5,08 to 12
2,2400624.0,4,19,3,3,6,4,0,1,0,1,0,0,0,0,13.44335512,52.51205038,2,0.5,16 to 20
1,1100308.0,4,12,6,3,3,6,0,1,1,0,0,0,0,0,13.37940107,52.52951427,2,0.5,12 to 16
12,12200309.0,4,16,5,3,5,2,0,1,0,0,0,0,1,0,13.32765362,52.56398771,2,0.5,16 to 20
4,4200308.0,4,14,2,3,5,2,0,1,0,0,0,0,0,0,13.27104497,52.51980101,1,1.0,12 to 16
11,10100205.0,4,9,4,3,5,3,0,1,1,0,0,0,0,0,13.54028097,52.56524166,2,0.5,08 to 12
4,4500939.0,4,5,4,3,2,2,0,0,1,0,1,0,0,1,13.30201909,52.48848652,2,0.0,04 to 08
6,6200313.0,4,18,2,3,1,3,0,1,1,0,0,0,0,0,13.35206497,52.43590224,2,0.5,16 to 20
1,1100205.0,4,7,4,3,5,2,0,1,1,0,0,0,0,0,13.37679208,52.50962635,2,0.5,04 to 08
1,1100311.0,4,13,1,3,5,2,0,0,1,0,0,0,0,0,13.41808246,52.51543786,1,0.0,12 to 16
7,7400927.0,4,3,7,3,0,1,2,1,0,0,0,0,0,0,13.38509395,52.45599601,1,1.0,00 to 04
2,2400623.0,4,7,4,3,5,2,0,0,1,0,1,0,0,0,13.42669313,52.51571817,2,0.0,04 to 08
7,7501029.0,4,13,6,3,6,2,0,0,1,1,0,0,0,0,13.37411616,52.44501737,2,0.0,12 to 16
4,4400728.0,4,14,3,3,2,7,0,0,1,1,0,0,0,0,13.28123602,52.48256067,2,0.0,12 to 16
2,2200211.0,4,7,5,3,0,7,0,0,0,0,1,1,0,1,13.39236808,52.48733065,2,0.0,04 to 08
12,12500926.0,4,18,5,3,5,2,0,1,1,0,0,0,0,0,13.33411751,52.58968759,2,0.5,16 to 20
8,8200624.0,4,12,5,3,0,1,0,1,0,0,0,0,0,0,13.41838841,52.45195816,1,1.0,12 to 16
3,3100102.0,4,14,3,3,0,6,0,1,0,0,0,0,1,0,13.50106493,52.63850899,2,0.5,12 to 16
6,6100206.0,4,12,6,3,2,3,0,1,0,0,0,0,0,0,13.3407105,52.44544144,1,1.0,12 to 16
1,1300733.0,4,16,3,3,5,3,0,1,1,0,0,0,0,0,13.38948594,52.55522563,2,0.5,16 to 20
4,4300413.0,4,12,6,3,5,2,0,1,1,0,0,0,0,0,13.2875876,52.51576374,2,0.5,12 to 16
5,5400942.0,4,12,5,3,5,2,0,1,1,0,0,0,0,1,13.15464017,52.46035533,2,0.5,12 to 16
1,1100102.0,4,13,5,2,9,1,0,0,0,0,1,0,0,0,13.37202411,52.52005529,1,0.0,12 to 16
12,12200412.0,4,14,2,3,5,3,0,0,1,0,1,0,0,0,13.307653,52.57728785,2,0.0,12 to 16
7,7400721.0,4,18,4,3,5,2,0,1,0,0,0,0,1,1,13.38579685,52.47193066,2,0.5,16 to 20
6,6400843.0,4,15,2,3,5,2,0,1,1,0,0,0,0,0,13.29307749,52.44656935,2,0.5,12 to 16
3,3400725.0,4,19,3,3,1,5,0,1,1,0,0,0,0,0,13.4241096,52.58213995,2,0.5,16 to 20
4,4400728.0,4,17,1,3,2,6,0,0,1,0,0,0,0,0,13.28072289,52.47704768,1,0.0,16 to 20
5,5200631.0,4,17,7,3,1,5,0,1,1,0,0,0,0,0,13.19737472,52.52463595,2,0.5,16 to 20
6,6200422.0,4,18,3,2,5,3,0,1,1,0,0,0,0,0,13.3348868,52.42106739,2,0.5,16 to 20
10,10100205.0,4,11,6,3,5,7,0,0,1,0,0,0,0,0,13.5413258,52.56490563,1,0.0,08 to 12
9,9401534.0,4,21,2,2,0,1,2,0,0,0,1,0,0,0,13.5735233,52.4444693,1,0.0,20 to 24
1,1100205.0,4,17,5,3,5,3,0,1,1,0,0,0,0,0,13.37929592,52.50703345,2,0.5,16 to 20
5,5100317.0,4,8,2,3,5,2,0,1,0,0,0,1,0,0,13.24754284,52.52452892,2,0.5,08 to 12
4,4300517.0,4,16,4,3,5,2,0,0,1,0,0,0,0,0,13.29643614,52.52926725,1,0.0,16 to 20
11,11300721.0,4,20,2,2,3,6,1,0,1,0,1,0,0,0,13.50231352,52.53451884,2,0.0,20 to 24
11,11100203.0,4,18,3,3,2,2,0,0,1,0,1,0,0,0,13.54012842,52.5653181,2,0.0,16 to 20
8,8200730.0,4,9,2,3,5,2,0,1,1,0,0,0,0,0,13.43510426,52.43396909,2,0.5,08 to 12
6,6100205.0,4,21,4,3,5,3,2,0,1,0,0,0,0,0,13.34966188,52.44974531,1,0.0,20 to 24
12,12601031.0,4,15,2,3,2,2,0,0,1,0,0,0,0,0,13.32642666,52.60451429,1,0.0,12 to 16
6,6200420.0,4,18,3,3,5,7,0,0,1,0,0,0,1,0,13.30682483,52.41961682,2,0.0,16 to 20
7,7601544.0,4,21,7,2,5,2,2,0,1,0,0,0,0,0,13.40676857,52.39376811,1,0.0,20 to 24
7,7200308.0,4,7,4,3,1,5,0,1,1,0,0,0,0,1,13.34020479,52.48184669,2,0.5,04 to 08
9,9200715.0,4,10,6,3,5,7,0,0,1,0,1,0,0,0,13.53110264,52.43435288,2,0.0,08 to 12
7,6100210.0,4,17,3,2,5,3,0,1,1,0,0,0,0,0,13.34751224,52.45908575,2,0.5,16 to 20
1,1400939.0,4,19,6,3,5,2,0,1,1,0,0,0,0,0,13.35301592,52.55330872,2,0.5,16 to 20
3,3601140.0,4,18,2,3,5,2,0,1,1,0,0,0,0,0,13.40252371,52.55430076,2,0.5,16 to 20
10,10100102.0,4,16,5,3,5,3,0,1,1,0,0,0,0,1,13.56745189,52.57332125,2,0.5,16 to 20
5,5100315.0,4,17,5,2,1,5,0,0,1,0,0,0,0,0,13.19967186,52.5463605,1,0.0,16 to 20
12,12200309.0,4,12,2,3,1,5,0,0,1,0,1,0,0,0,13.31785325,52.57065778,2,0.0,12 to 16
6,6300526.0,4,14,4,3,1,5,0,1,1,0,0,0,0,0,13.26021981,52.43459131,2,0.5,12 to 16
6,6300634.0,4,21,1,2,5,2,2,0,1,0,0,0,0,0,13.30963073,52.43129403,1,0.0,20 to 24
4,4400726.0,4,17,3,3,2,6,0,0,1,0,0,0,0,0,13.28570752,52.49498273,1,0.0,16 to 20
4,4501045.0,4,12,7,3,1,5,0,1,1,0,0,0,0,0,13.32701328,52.49977559,2,0.5,12 to 16
10,10400837.0,4,7,5,3,4,6,0,1,1,0,0,0,0,0,13.5785742,52.49521096,2,0.5,04 to 08
2,2500834.0,4,22,3,3,6,2,2,0,0,1,0,0,1,0,13.45057343,52.50863599,2,0.0,20 to 24
2,2200212.0,4,9,6,3,3,6,0,1,0,0,0,0,0,0,13.40866734,52.48897325,1,1.0,08 to 12
1,1200518.0,4,17,6,3,2,6,0,0,1,0,0,0,0,0,13.32849184,52.53194159,1,0.0,16 to 20
9,9501941.0,4,14,7,3,5,2,0,1,1,0,0,0,0,0,13.59335939,52.45167693,2,0.5,12 to 16
7,7601340.0,4,7,5,3,5,2,0,1,1,0,0,0,0,0,13.35873123,52.41296915,2,0.5,04 to 08
7,7300619.0,4,12,3,2,2,6,0,0,1,0,1,0,0,0,13.35141894,52.47470036,2,0.0,12 to 16
3,3601245.0,4,8,6,2,6,4,0,0,1,1,0,0,0,0,13.44104339,52.54727605,2,0.0,08 to 12
1,1100101.0,4,17,6,3,5,3,0,1,1,0,0,0,0,0,13.35163648,52.50961856,2,0.5,16 to 20
12,12100101.0,4,17,2,3,5,3,0,1,1,0,0,0,0,0,13.37230729,52.56134606,2,0.5,16 to 20
11,11300620.0,4,10,4,3,0,2,0,1,0,0,0,0,1,0,13.48501299,52.53338379,2,0.5,08 to 12
1,1100415.0,4,8,3,3,0,7,0,0,1,0,0,0,1,0,13.39117763,52.53061244,2,0.0,08 to 12
9,9100203.0,4,22,1,3,1,5,2,0,1,0,0,0,0,0,13.48109553,52.47336944,1,0.0,20 to 24
6,6300634.0,4,11,4,3,5,2,0,0,1,0,0,0,1,0,13.30984615,52.43136391,2,0.0,08 to 12
11,11400931.0,4,18,1,3,5,3,0,0,1,0,1,0,0,0,13.51914221,52.50970373,2,0.0,16 to 20
12,12500930.0,4,16,3,3,5,2,0,0,1,0,1,0,0,0,13.33991821,52.58804464,2,0.0,16 to 20
3,3400831.0,4,9,7,3,5,2,0,0,1,0,0,0,0,0,13.42881723,52.5720567,1,0.0,08 to 12
2,2100106.0,4,14,4,3,0,7,0,1,0,0,0,0,0,0,13.41948964,52.49668915,1,1.0,12 to 16
11,11300826.0,4,17,3,3,5,2,0,1,1,0,0,0,0,0,13.47852468,52.50698049,2,0.5,16 to 20
11,11300721.0,4,8,6,3,5,3,0,1,1,0,0,0,0,0,13.49650304,52.53399598,2,0.5,08 to 12
1,1100308.0,4,14,5,3,5,3,0,0,1,0,0,0,1,0,13.37727416,52.52227509,2,0.0,12 to 16
4,4300619.0,4,17,5,3,5,2,0,0,1,0,1,0,0,0,13.30640374,52.51755913,2,0.0,16 to 20
8,8100310.0,4,11,2,3,5,2,0,1,1,0,0,0,0,0,13.42787435,52.49353296,2,0.5,08 to 12
5,5100313.0,4,18,4,3,2,6,1,0,1,0,0,0,0,1,13.21814888,52.54855294,1,0.0,16 to 20
8,8100520.0,4,17,2,3,6,4,0,0,1,1,0,0,0,0,13.46634598,52.47688125,2,0.0,16 to 20
12,12100206.0,4,16,3,3,3,6,0,0,1,0,1,0,0,0,13.34157429,52.57527733,2,0.0,16 to 20
7,7200410.0,4,1,1,3,9,1,2,0,1,0,0,0,0,0,13.3530071,52.48431798,1,0.0,00 to 04
4,4200310.0,4,15,2,3,6,4,0,0,1,1,0,0,0,0,13.26713043,52.5142146,2,0.0,12 to 16
11,11401033.0,4,16,3,3,1,5,0,0,1,0,0,0,1,0,13.52578787,52.51370948,2,0.0,16 to 20
3,3400618.0,4,17,4,3,5,2,0,0,1,0,1,0,0,1,13.38995588,52.59590839,2,0.0,16 to 20
3,3200310.0,4,6,3,3,9,1,0,0,1,0,0,0,0,0,13.42163386,52.60678994,1,0.0,04 to 08
10,10300731.0,4,16,3,2,0,3,0,0,0,0,1,0,1,0,13.56306475,52.51431237,2,0.0,16 to 20
8,8100521.0,4,19,1,2,6,7,0,0,0,1,1,0,0,0,13.46295799,52.4668496,2,0.0,16 to 20
1,1100310.0,4,2,1,3,0,1,2,1,0,0,0,0,0,0,13.40788416,52.51873228,1,1.0,00 to 04
8,8200730.0,4,16,3,3,5,2,0,1,1,0,0,1,0,0,13.43469382,52.44031954,3,0.3333333333333333,16 to 20
8,8200622.0,4,7,6,3,5,3,0,1,1,0,0,0,0,0,13.44984916,52.460829,2,0.5,04 to 08
1,1300834.0,4,15,3,3,2,6,0,0,1,0,0,0,0,0,13.39072114,52.54496929,1,0.0,12 to 16
3,3500936.0,4,8,6,3,0,1,0,1,0,0,0,0,0,0,13.44948772,52.54632263,1,1.0,08 to 12
11,11200513.0,4,9,5,3,0,1,0,1,0,0,0,0,0,0,13.49235603,52.54399383,1,1.0,08 to 12
1,1100309.0,4,13,5,3,3,6,0,1,1,0,0,0,0,0,13.40123284,52.52974719,2,0.5,12 to 16
2,2200210.0,4,14,2,3,3,5,0,0,1,0,1,0,0,0,13.39314122,52.49327722,2,0.0,12 to 16
1,1100103.0,4,14,4,3,2,3,0,0,1,0,1,0,0,0,13.35165512,52.50550677,2,0.0,12 to 16
1,1100311.0,4,10,2,3,5,2,0,0,1,0,0,0,0,0,13.41809084,52.51546372,1,0.0,08 to 12
2,2200210.0,4,15,3,2,5,3,0,1,0,0,1,0,0,0,13.39282112,52.49204258,2,0.5,12 to 16
4,4501153.0,4,15,1,2,5,3,0,0,1,0,1,0,0,0,13.33038941,52.4785782,2,0.0,12 to 16
5,5300737.0,4,14,7,3,2,6,0,0,1,0,1,0,1,0,13.24059968,52.54310191,3,0.0,12 to 16
7,7100206.0,4,15,3,3,5,2,0,1,1,0,0,0,0,0,13.3709044,52.49265632,2,0.5,12 to 16
2,2300316.0,4,10,6,3,5,2,0,1,0,0,0,0,1,0,13.4422631,52.50090328,2,0.5,08 to 12
1,1400938.0,4,16,7,3,1,5,0,1,1,0,0,0,0,0,13.33440856,52.54272086,2,0.5,16 to 20
8,8401243.0,4,15,3,3,5,2,0,0,1,0,0,0,1,0,13.49529434,52.43165899,2,0.0,12 to 16
12,12200310.0,4,13,6,3,5,2,0,1,0,0,0,1,0,0,13.31042136,52.56795618,2,0.5,12 to 16
9,9100101.0,4,19,3,3,1,5,0,1,0,0,0,0,1,0,13.45147156,52.49071216,2,0.5,16 to 20
8,8100312.0,4,20,5,3,3,6,1,1,0,0,0,0,0,1,13.43790897,52.48806789,1,1.0,20 to 24
6,6300527.0,4,11,5,3,5,3,0,1,0,0,0,0,1,0,13.28077052,52.43554732,2,0.5,08 to 12
7,7601341.0,4,14,2,3,5,3,0,0,1,0,0,0,0,0,13.37806749,52.40764517,1,0.0,12 to 16
4,4400835.0,4,7,4,3,6,2,0,0,1,1,0,0,0,0,13.31340353,52.46864047,2,0.0,04 to 08
9,9100305.0,4,20,2,3,5,2,1,0,1,0,0,0,0,0,13.49130077,52.46909421,1,0.0,20 to 24
8,8100415.0,4,15,3,3,1,5,0,0,1,0,0,0,0,0,13.4399171,52.47940504,1,0.0,12 to 16
6,6400735.0,4,16,7,3,0,1,0,0,0,0,1,0,0,0,13.14774073,52.41819722,1,0.0,16 to 20
4,4300518.0,4,8,3,3,3,6,0,0,1,0,0,0,0,0,13.29449155,52.53267036,1,0.0,08 to 12
4,4501042.0,4,8,6,3,5,3,0,1,1,0,0,0,0,0,13.33178286,52.50060911,2,0.5,08 to 12
12,12200310.0,4,14,3,3,5,2,0,1,0,0,0,0,1,0,13.31401705,52.57672347,2,0.5,12 to 16
4,4300412.0,4,18,6,3,1,5,0,0,1,0,1,0,0,0,13.29077796,52.51907962,2,0.0,16 to 20
8,8100102.0,4,17,2,3,2,7,0,0,1,0,1,0,0,0,13.42403776,52.47994346,2,0.0,16 to 20
2,2500728.0,4,16,5,3,5,3,0,1,1,0,0,0,0,0,13.4697061,52.5201351,2,0.5,16 to 20
11,11400929.0,4,11,3,3,2,2,0,0,1,0,0,0,0,0,13.49295154,52.50099492,1,0.0,08 to 12
8,8100521.0,4,12,2,3,5,2,0,0,1,0,0,0,0,0,13.47104024,52.46605222,1,0.0,12 to 16
7,7300516.0,4,13,4,3,2,6,0,1,1,0,0,0,0,0,13.32870852,52.46528676,2,0.5,12 to 16
1,1100206.0,4,19,2,3,2,2,0,1,1,0,0,0,0,0,13.38087932,52.5163682,2,0.5,16 to 20
7,7400822.0,4,17,5,2,8,1,0,1,0,0,0,0,0,0,13.35792658,52.45706902,1,1.0,16 to 20
4,4300414.0,4,8,2,3,0,2,0,1,1,0,0,0,0,0,13.28828553,52.51306164,2,0.5,08 to 12
3,3601245.0,4,15,4,3,5,3,0,0,1,0,1,0,0,0,13.44221891,52.54676038,2,0.0,12 to 16
8,8200727.0,4,18,2,3,1,5,0,0,1,0,0,0,0,0,13.44730336,52.43822416,1,0.0,16 to 20
2,2300417.0,4,12,3,3,1,5,0,1,1,0,0,0,0,0,13.4204761,52.49691726,2,0.5,12 to 16
12,12500926.0,4,13,7,3,0,2,0,0,1,0,0,0,1,0,13.3362631,52.59566208,2,0.0,12 to 16
8,8200624.0,4,12,4,3,0,2,0,1,1,0,0,0,0,0,13.42375955,52.45235019,2,0.5,12 to 16
9,9401534.0,4,10,3,3,2,6,0,0,1,0,0,0,0,0,13.57858982,52.4438555,1,0.0,08 to 12
4,4500939.0,4,8,6,3,5,2,0,0,1,0,0,0,0,0,13.30792125,52.48857102,1,0.0,08 to 12
1,1200626.0,4,15,5,3,4,6,0,1,0,0,0,0,0,0,13.34992669,52.52452701,1,1.0,12 to 16
6,6200423.0,4,8,6,3,2,6,0,0,1,0,0,0,0,0,13.32222301,52.41038111,1,0.0,08 to 12
1,1100206.0,4,16,2,3,5,2,0,1,1,0,0,0,0,0,13.38043596,52.51810314,2,0.5,16 to 20
6,6400737.0,4,17,4,3,0,1,0,1,0,0,0,0,0,1,13.19248267,52.43543376,1,1.0,16 to 20
9,9200819.0,4,15,5,3,5,2,0,1,1,0,0,0,0,0,13.56138629,52.43634943,2,0.5,12 to 16
9,9100101.0,4,19,3,3,2,2,0,1,1,0,0,0,0,0,13.45408692,52.48888271,2,0.5,16 to 20
7,7501032.0,4,10,1,3,0,1,0,1,0,0,0,0,0,0,13.40873284,52.44393215,1,1.0,08 to 12
2,2200211.0,4,18,1,3,0,1,0,1,0,0,0,0,0,0,13.39442619,52.48855137,1,1.0,16 to 20
12,12601032.0,4,12,3,3,1,5,0,0,1,0,0,0,0,0,13.33498817,52.61080069,1,0.0,12 to 16
8,8100415.0,4,21,6,3,5,2,2,1,1,0,0,0,0,0,13.44745018,52.47614375,2,0.5,20 to 24
6,6100210.0,4,7,6,3,5,7,0,0,1,0,0,0,0,0,13.34125544,52.46396269,1,0.0,04 to 08
11,11200410.0,4,16,3,3,5,7,0,1,0,0,0,0,1,0,13.51565956,52.55790704,2,0.5,16 to 20
1,1100313.0,5,16,1,3,6,4,0,1,0,1,0,0,0,0,13.42595226,52.5061661,2,0.5,16 to 20
7,7400825.0,5,19,7,2,5,3,0,0,1,0,0,0,0,0,13.37817723,52.45621385,1,0.0,16 to 20
5,5200528.0,5,12,6,3,2,6,0,0,1,0,0,0,0,0,13.1829975,52.51307412,1,0.0,12 to 16
2,2500833.0,5,17,2,3,5,3,0,0,1,0,0,0,0,1,13.4609147,52.51109932,1,0.0,16 to 20
9,9501939.0,5,9,2,3,5,3,0,1,1,0,0,0,0,1,13.57707693,52.45574848,2,0.5,08 to 12
12,12100205.0,5,8,6,3,0,1,0,0,1,0,0,0,0,0,13.34543723,52.58949927,1,0.0,08 to 12
1,1401047.0,5,13,6,3,5,3,0,0,0,0,1,0,1,0,13.35597618,52.54322377,2,0.0,12 to 16
1,1100206.0,5,2,6,3,5,3,2,0,1,0,0,0,1,0,13.39078051,52.51573788,2,0.0,00 to 04
1,1100309.0,5,20,5,3,0,1,1,1,0,0,0,0,0,0,13.40652554,52.52511443,1,1.0,20 to 24
7,7400928.0,5,13,1,3,0,2,0,1,1,0,0,0,0,0,13.42034624,52.46166986,2,0.5,12 to 16
11,11200513.0,5,16,4,3,0,1,0,1,0,0,0,0,0,0,13.49273056,52.54423026,1,1.0,16 to 20
10,10200422.0,5,15,1,3,0,7,0,0,0,1,1,0,0,0,13.60781545,52.54185887,2,0.0,12 to 16
8,8100417.0,5,8,5,2,5,3,0,0,1,0,1,0,0,0,13.44810533,52.47053884,2,0.0,08 to 12
9,9501838.0,5,15,3,3,7,7,0,0,1,0,0,0,0,0,13.72613806,52.43066088,1,0.0,12 to 16
7,7100204.0,5,20,1,3,5,3,0,0,1,0,0,0,0,1,13.35318372,52.49200858,1,0.0,20 to 24
7,7501029.0,5,17,6,2,0,7,0,1,0,0,0,0,0,0,13.38123141,52.44114916,1,1.0,16 to 20
11,11200410.0,5,11,5,3,6,4,0,0,1,1,0,0,0,0,13.499461,52.56223481,2,0.0,08 to 12
11,11300826.0,5,20,5,3,5,3,0,1,1,0,0,0,0,0,13.48537882,52.50664282,2,0.5,20 to 24
2,2300315.0,5,17,5,3,0,1,0,1,0,0,0,0,0,0,13.43007341,52.49945012,1,1.0,16 to 20
12,12200309.0,5,17,5,3,2,6,0,0,1,0,0,0,0,0,13.32670809,52.56435185,1,0.0,16 to 20
3,3100103.0,5,17,5,3,5,3,0,1,1,0,0,0,0,0,13.49896704,52.63347188,2,0.5,16 to 20
1,1400937.0,5,13,4,3,5,3,0,1,1,0,0,0,0,0,13.33392184,52.54139925,2,0.5,12 to 16
6,6300632.0,5,10,6,3,2,2,0,0,1,0,0,0,0,0,13.30288779,52.42549651,1,0.0,08 to 12
6,6200314.0,5,16,5,3,5,2,0,1,1,0,0,0,0,0,13.33345502,52.42993837,2,0.5,16 to 20
1,1100206.0,5,16,5,3,5,2,0,1,1,0,0,0,0,0,13.38043476,52.51810989,2,0.5,16 to 20
4,4501149.0,5,16,4,3,5,7,0,0,1,0,1,0,0,0,13.32301538,52.49039333,2,0.0,16 to 20
3,3701555.0,5,19,1,3,5,3,0,0,1,0,0,0,0,1,13.42022556,52.5381496,1,0.0,16 to 20
8,8100311.0,5,15,5,3,5,2,0,0,1,0,0,0,1,0,13.42805842,52.48695075,2,0.0,12 to 16
7,7200308.0,5,9,3,3,2,6,0,1,1,0,0,0,0,0,13.34287581,52.481025700000004,2,0.5,08 to 12
1,1100102.0,5,19,1,3,2,2,0,0,1,0,0,0,0,1,13.35112182,52.5151692,1,0.0,16 to 20
6,6400840.0,5,8,6,3,0,3,0,0,0,0,0,0,1,0,13.25516561,52.44979442,1,0.0,08 to 12
9,9300920.0,5,15,5,3,2,6,0,0,1,0,1,0,0,0,13.52443095,52.40597108,2,0.0,12 to 16
1,1200626.0,5,15,5,3,2,6,0,0,1,0,1,0,0,0,13.35181663,52.52429279,2,0.0,12 to 16
4,4100101.0,5,15,5,2,3,6,0,0,1,0,1,0,0,0,13.2839023,52.53377737,2,0.0,12 to 16
5,5300735.0,5,15,5,3,5,2,0,0,1,0,0,0,0,0,13.22579208,52.55513748,1,0.0,12 to 16
5,5300735.0,5,12,4,3,5,3,0,0,1,0,0,0,0,0,13.227699,52.55879596,1,0.0,12 to 16
7,7400927.0,5,18,1,3,5,3,0,0,1,0,0,0,0,1,13.40321532,52.46343018,1,0.0,16 to 20
2,2500831.0,5,13,1,3,4,6,0,1,1,0,0,0,1,0,13.46560404,52.51283818,3,0.3333333333333333,12 to 16
9,9300920.0,5,14,5,3,5,3,0,1,1,0,0,0,0,0,13.54432952,52.42468336,2,0.5,12 to 16
1,1100205.0,5,17,2,2,6,4,0,0,1,1,0,0,0,1,13.39015547,52.50767802,2,0.0,16 to 20
1,1100104.0,5,13,2,3,5,2,0,0,1,1,0,0,0,1,13.36266211,52.49976462,2,0.0,12 to 16
7,7400823.0,5,13,5,3,5,3,0,1,1,0,0,0,0,0,13.37654716,52.45998714,2,0.5,12 to 16
12,12200412.0,5,17,1,3,5,7,0,0,1,0,0,0,0,0,13.29957117,52.57916507,1,0.0,16 to 20
9,9301025.0,5,14,6,3,5,3,0,0,1,0,0,0,0,0,13.56952794,52.39247448,1,0.0,12 to 16
2,2500729.0,5,17,1,3,1,5,0,1,1,0,0,0,0,0,13.4696429,52.51557416,2,0.5,16 to 20
5,5300839.0,5,15,1,3,3,6,0,1,0,0,0,0,0,0,13.25025586,52.54750522,1,1.0,12 to 16
3,3200204.0,5,20,5,3,5,2,2,0,1,0,0,0,0,0,13.40207422,52.60285138,1,0.0,20 to 24
8,8100103.0,5,0,3,3,1,5,2,0,1,0,0,0,0,0,13.42772296,52.47418478,1,0.0,00 to 04
10,10300731.0,5,19,5,3,2,6,0,0,1,0,0,0,0,0,13.56585567,52.52885314,1,0.0,16 to 20
5,5100208.0,5,16,1,3,5,3,0,0,1,0,0,0,0,0,13.15944247,52.55225982,1,0.0,16 to 20
7,7100206.0,5,7,6,3,5,2,0,1,0,0,0,0,0,0,13.3733501,52.49217008,1,1.0,04 to 08
12,12601031.0,5,18,5,3,1,5,0,1,1,0,0,0,0,0,13.33631456,52.59757451,2,0.5,16 to 20
1,1400942.0,5,18,5,3,6,2,0,0,1,1,0,0,0,0,13.35049974,52.54718893,2,0.0,16 to 20
12,12500926.0,5,13,5,3,2,6,0,0,1,0,0,0,0,0,13.32713034,52.59270853,1,0.0,12 to 16
2,2500834.0,5,13,5,3,1,5,0,1,0,0,0,0,1,0,13.4598287,52.50866255,2,0.5,12 to 16
9,9501941.0,5,7,4,3,5,3,0,0,1,0,1,0,0,1,13.58702448,52.45142918,2,0.0,04 to 08
7,7400720.0,5,16,1,3,5,3,0,1,1,0,0,0,0,0,13.38023624,52.48311054,2,0.5,16 to 20
1,1300733.0,5,20,7,3,1,5,1,1,1,0,0,0,0,0,13.38294113,52.55155899,2,0.5,20 to 24
2,2200208.0,5,13,5,3,5,2,0,1,1,0,0,0,0,0,13.38705828,52.49639503,2,0.5,12 to 16
5,5200420.0,5,12,2,3,0,7,0,0,0,0,1,0,0,1,13.17683322,52.53376166,1,0.0,12 to 16
11,11400931.0,5,11,2,3,5,2,0,1,1,0,0,0,0,1,13.50404771,52.50951396,2,0.5,08 to 12
12,12500927.0,5,13,5,2,4,6,0,0,1,0,1,0,0,0,13.30958581,52.59030839,2,0.0,12 to 16
7,7400721.0,5,13,6,3,5,3,0,1,1,0,0,0,0,0,13.37830659,52.47759999,2,0.5,12 to 16
12,12500824.0,5,12,5,3,2,2,0,0,1,0,0,0,0,0,13.29160244,52.59596477,1,0.0,12 to 16
2,2200208.0,5,8,5,3,5,2,0,1,1,0,0,0,0,0,13.3806944,52.49726456,2,0.5,08 to 12
3,3601243.0,5,14,1,2,5,3,0,1,0,0,0,0,0,0,13.42390863,52.55287029,1,1.0,12 to 16
10,10200422.0,5,6,5,2,6,4,0,0,1,1,0,0,0,0,13.60442729,52.53947132,2,0.0,04 to 08
11,11400931.0,5,12,5,3,5,2,0,0,1,0,0,0,0,0,13.5187772,52.50951044,1,0.0,12 to 16
9,9200716.0,5,11,5,3,5,3,0,1,1,0,0,0,0,0,13.54990839,52.43626327,2,0.5,08 to 12
2,2100102.0,5,14,5,3,1,5,0,1,1,0,0,0,0,0,13.39780074,52.50641398,2,0.5,12 to 16
6,6300528.0,5,10,5,2,0,6,0,1,1,0,0,0,0,0,13.27117449,52.42354127,2,0.5,08 to 12