bez,lor_ab_2021,umonat,ustunde,uwochentag,ukategorie,uart,utyp1,ulichtverh,istrad,istpkw,istfuss,istkrad,istgkfz,istsonstige,ustrzustand,xgcswgs84,ygcswgs84,all_acc,perc_bike_acc,rushhours
7,7300517.0,5,10,3,3,5,2,0,1,1,0,0,0,0,0,13.33259202,52.46884021,2,0.5,08 to 12
5,5100316.0,5,12,1,3,3,6,0,0,1,0,0,0,0,0,13.20345637,52.53992663,1,0.0,12 to 16
7,7601340.0,5,18,7,3,5,2,0,1,1,0,0,0,0,0,13.359906,52.41276555,2,0.5,16 to 20
9,9100101.0,5,10,5,3,5,3,0,1,1,0,0,0,0,0,13.44640722,52.49431361,2,0.5,08 to 12
5,5100103.0,5,16,2,3,2,6,0,0,1,0,0,0,0,1,13.21058028,52.56735164,1,0.0,16 to 20
7,7601546.0,5,9,2,3,2,2,0,0,1,0,0,0,0,1,13.39552273,52.38667103,1,0.0,08 to 12
5,5100316.0,5,7,5,2,5,3,0,0,1,0,1,0,0,0,13.20308596,52.53530056,2,0.0,04 to 08
12,12400618.0,5,11,6,3,5,2,0,1,1,0,0,0,0,0,13.22613894,52.62748493,2,0.5,08 to 12
6,6100207.0,5,7,5,2,5,2,0,1,0,0,0,0,1,0,13.33136155,52.45311242,2,0.5,04 to 08
10,10300731.0,5,14,4,3,6,7,0,1,0,1,0,0,0,0,13.55654589,52.52295213,2,0.5,12 to 16
11,11501340.0,5,12,1,2,0,1,0,1,0,0,0,0,0,0,13.52557688,52.48207383,1,1.0,12 to 16
11,11300722.0,5,22,4,3,5,3,2,0,1,0,0,0,0,0,13.4858324,52.52078342,1,0.0,20 to 24
6,6300528.0,5,9,1,3,1,5,0,1,1,0,0,0,0,0,13.25462815,52.42083959,2,0.5,08 to 12
7,7400927.0,5,14,4,3,5,2,0,0,0,0,1,0,1,0,13.38605714,52.46608755,2,0.0,12 to 16
1,1100309.0,5,10,3,3,1,5,0,1,0,0,0,0,1,0,13.39543523,52.52892943,2,0.5,08 to 12
2,2400623.0,5,9,1,3,5,3,0,1,1,0,0,0,0,0,13.42668475,52.51570893,2,0.5,08 to 12
3,3701657.0,5,7,6,2,0,6,0,1,1,0,0,0,0,0,13.42671126,52.54377075,2,0.5,04 to 08
8,8200623.0,5,14,4,3,5,7,0,0,1,0,1,0,0,0,13.43749785,52.45532549,2,0.0,12 to 16
8,8301036.0,5,8,1,3,5,3,0,1,1,0,0,0,0,0,13.46492145,52.42586086,2,0.5,08 to 12
8,8100311.0,5,14,4,3,5,3,0,1,1,0,0,0,0,0,13.42794699,52.48704678,2,0.5,12 to 16
1,1300836.0,5,18,3,3,1,7,0,0,1,0,0,0,0,0,13.37676368,52.54521215,1,0.0,16 to 20
5,5100315.0,5,21,7,2,6,4,2,0,1,1,0,0,0,0,13.19510902,52.54488639,2,0.0,20 to 24
1,1100416.0,5,19,6,3,0,1,0,1,0,0,0,0,0,0,13.40204796,52.5307034,1,1.0,16 to 20
9,9100408.0,5,13,4,3,5,2,0,0,1,0,0,0,0,0,13.50729273,52.43922163,1,0.0,12 to 16
10,10300731.0,5,12,4,3,2,6,0,0,1,0,0,0,0,0,13.56329566,52.51558768,1,0.0,12 to 16
7,7300619.0,5,21,5,3,0,1,2,0,0,0,1,0,0,0,13.34023544,52.46695508,1,0.0,20 to 24
4,4200308.0,5,12,4,3,5,3,0,0,1,0,0,0,0,0,13.27225181,52.51860615,1,0.0,12 to 16
6,6100205.0,5,11,4,2,2,6,0,0,1,0,1,0,0,0,13.33985986,52.45082103,2,0.0,08 to 12
11,11200411.0,5,15,4,3,2,6,0,0,1,0,0,1,0,0,13.50972247,52.5461564,2,0.0,12 to 16
11,11401137.0,5,17,7,2,8,1,0,1,0,0,1,0,0,0,13.52470853,52.4958771,2,0.5,16 to 20
7,7100102.0,5,9,4,3,5,2,0,0,0,0,1,0,1,0,13.34617631,52.50104666,2,0.0,08 to 12
2,2300315.0,5,7,3,3,1,5,0,1,0,0,0,1,0,0,13.42505755,52.49968256,2,0.5,04 to 08
8,8401243.0,5,12,7,3,5,2,0,1,1,0,0,0,0,0,13.49530756,52.43160046,2,0.5,12 to 16
3,3601244.0,5,7,6,3,5,2,0,1,0,0,0,0,0,0,13.42581857,52.54641845,1,1.0,04 to 08
3,3500935.0,5,9,4,3,5,2,0,0,1,0,0,0,0,0,13.44814203,52.5493289,1,0.0,08 to 12
2,2100102.0,5,8,4,3,1,5,0,1,1,0,0,0,0,0,13.39127933,52.50195828,2,0.5,08 to 12
5,5200420.0,5,14,5,3,4,7,0,1,0,0,0,0,1,0,13.16865225,52.53358068,2,0.5,12 to 16
9,9300920.0,5,6,4,3,1,5,0,0,1,0,1,0,0,0,13.52853568,52.42421432,2,0.0,04 to 08
7,7601340.0,5,17,5,3,2,3,0,0,1,0,0,0,0,0,13.36147242,52.41255812,1,0.0,16 to 20
6,6400841.0,5,12,4,3,5,3,0,0,1,0,0,0,0,0,13.26558088,52.44221143,1,0.0,12 to 16
7,7200409.0,5,21,4,3,0,5,2,1,1,0,0,0,0,0,13.35541283,52.48665814,2,0.5,20 to 24
12,12200309.0,5,14,4,3,0,2,0,0,0,0,0,0,1,0,13.32695534,52.56324667,1,0.0,12 to 16
3,3200309.0,5,11,7,3,5,3,0,0,1,0,0,0,0,0,13.43205991,52.61424193,1,0.0,08 to 12
3,3200204.0,5,13,1,3,5,2,0,1,0,0,0,0,0,0,13.38106917,52.63302615,1,1.0,12 to 16
4,4300619.0,5,20,4,3,5,3,0,0,1,0,0,0,0,0,13.31531769,52.51472768,1,0.0,20 to 24
10,10400938.0,5,20,2,3,5,3,1,0,1,0,0,0,0,0,13.61189781,52.51423302,1,0.0,20 to 24
2,2500833.0,5,18,4,3,1,1,0,1,1,0,0,0,0,0,13.45668396,52.50979065,2,0.5,16 to 20
5,5100316.0,5,11,7,3,2,6,0,0,1,0,0,0,0,0,13.18917204,52.53703301,1,0.0,08 to 12
12,12200309.0,5,15,6,3,5,3,0,0,1,0,1,0,0,0,13.32843101,52.56479292,2,0.0,12 to 16
2,2500727.0,5,17,4,3,5,2,0,1,1,0,0,0,0,0,13.46050385,52.51590945,2,0.5,16 to 20
3,3400831.0,5,17,4,3,5,2,0,1,1,0,0,0,0,0,13.41707311,52.56842079,2,0.5,16 to 20
3,3500934.0,5,12,5,3,2,6,0,0,1,0,0,0,0,0,13.44426212,52.5541634,1,0.0,12 to 16
1,1200520.0,5,16,4,3,5,3,0,0,1,0,0,0,0,0,13.33927601,52.52815474,1,0.0,16 to 20
2,2400521.0,5,13,4,3,0,2,0,1,1,0,0,0,0,0,13.43890003,52.51952239,2,0.5,12 to 16
12,12200309.0,5,10,7,3,3,6,0,0,0,0,1,0,1,0,13.31762869,52.56663591,2,0.0,08 to 12
1,1100312.0,5,0,7,3,0,1,2,1,0,0,0,0,0,0,13.4167977,52.51166133,1,1.0,00 to 04
4,4500937.0,5,16,4,3,1,5,0,1,1,0,0,0,0,0,13.28617853,52.49773606,2,0.5,16 to 20
6,6400737.0,5,16,2,3,5,3,0,0,1,0,0,0,0,1,13.20373566,52.42764697,1,0.0,16 to 20
2,2200213.0,5,9,2,3,0,2,0,1,1,0,0,0,0,1,13.4172817,52.49073275,2,0.5,08 to 12
2,2200208.0,5,9,3,3,0,7,0,1,0,0,0,0,0,0,13.38028501,52.49889111,1,1.0,08 to 12
4,4100101.0,5,11,4,3,2,2,0,0,1,0,0,0,0,0,13.28241726,52.5338801,1,0.0,08 to 12
6,6300633.0,5,19,7,3,1,5,0,0,1,0,0,0,0,0,13.31576977,52.4417789,1,0.0,16 to 20
6,6400843.0,5,12,7,3,1,5,0,0,1,0,0,0,0,0,13.2999723,52.45501609,1,0.0,12 to 16
10,10300733.0,5,21,3,3,2,3,1,1,1,0,0,0,0,1,13.56213677,52.51011977,2,0.5,20 to 24
7,7400825.0,5,16,2,3,2,6,0,0,1,0,0,0,0,1,13.37943327,52.45610952,1,0.0,16 to 20
3,3500936.0,5,11,2,3,2,6,0,0,1,0,0,0,0,1,13.44967491,52.54787146,1,0.0,08 to 12
7,7200414.0,5,19,3,3,2,6,0,1,1,0,0,0,0,1,13.3676452,52.48507731,2,0.5,16 to 20
4,4200309.0,5,14,6,2,2,6,0,0,1,0,1,0,0,0,13.26047088,52.51629671,2,0.0,12 to 16
1,1100103.0,5,17,3,3,5,3,0,0,1,0,0,0,0,0,13.34967043,52.50312942,1,0.0,16 to 20
9,9200819.0,5,10,3,2,6,4,0,0,1,1,0,0,0,0,13.57020597,52.44116114,2,0.0,08 to 12
4,4501147.0,5,10,5,3,3,6,0,1,0,0,0,0,0,0,13.31795385,52.4879459,1,1.0,08 to 12
11,11300722.0,5,8,2,3,5,3,0,0,1,0,0,0,0,0,13.48578245,52.51892621,1,0.0,08 to 12
12,12400720.0,5,10,3,2,5,3,0,1,1,0,0,0,0,0,13.27813889,52.63644707,2,0.5,08 to 12
2,2300314.0,5,16,3,3,5,2,0,1,1,0,0,0,0,0,13.41893055,52.49888492,2,0.5,16 to 20
1,1100309.0,5,19,7,3,3,6,0,1,0,0,1,0,0,0,13.39553674,52.52895417,2,0.5,16 to 20
2,2500832.0,5,17,7,3,2,6,0,1,1,0,0,0,0,0,13.47074302,52.50666465,2,0.5,16 to 20
1,1401048.0,5,9,3,3,2,3,0,0,1,0,0,0,1,0,13.35885731,52.55381337,2,0.0,08 to 12
4,4500938.0,5,16,2,3,5,2,0,1,1,0,0,0,0,1,13.30081688,52.49475883,2,0.5,16 to 20
7,7501030.0,5,8,3,3,5,2,0,0,1,0,0,0,0,0,13.38587191,52.44557276,1,0.0,08 to 12
6,6200420.0,5,10,6,2,5,3,0,0,1,0,0,0,0,0,13.30581597,52.41878851,1,0.0,08 to 12
3,3601141.0,5,7,2,3,5,2,0,1,1,0,0,0,0,1,13.41028457,52.55083622,2,0.5,04 to 08
1,1100311.0,5,5,3,3,2,6,1,0,1,0,0,0,0,0,13.41713613,52.52195965,1,0.0,04 to 08
8,8100310.0,5,17,3,3,2,6,0,1,1,0,0,0,0,1,13.42790303,52.49171498,2,0.5,16 to 20
6,6100101.0,5,16,3,3,6,4,0,0,1,1,0,0,0,1,13.30532669,52.45891729,2,0.0,16 to 20
2,2500833.0,5,13,6,3,5,3,0,0,1,0,0,0,0,0,13.45170518,52.51075051,1,0.0,12 to 16
4,4100101.0,5,6,2,3,5,2,1,0,1,0,0,1,1,1,13.32624675,52.53801756,3,0.0,04 to 08
6,6100205.0,5,16,3,3,2,6,0,0,1,0,1,0,0,1,13.35601311,52.44491007,2,0.0,16 to 20
9,9501940.0,5,15,3,3,5,2,0,1,1,0,0,0,0,1,13.59046641,52.4553548,2,0.5,12 to 16
9,9301126.0,5,18,7,3,3,6,0,1,1,0,0,0,0,0,13.58196647,52.41569948,2,0.5,16 to 20
10,10100102.0,5,10,5,3,5,3,0,1,1,0,0,0,0,0,13.56859939,52.56945272,2,0.5,08 to 12
6,6200421.0,5,17,7,3,2,6,0,0,1,0,0,0,0,0,13.31246965,52.4195734,1,0.0,16 to 20
4,4300622.0,5,15,3,2,2,6,0,0,1,0,0,0,1,0,13.32478228,52.51009798,2,0.0,12 to 16
2,2500830.0,5,17,3,3,1,5,0,1,1,0,0,0,0,0,13.45530546,52.51362692,2,0.5,16 to 20
6,6400737.0,5,17,7,2,5,2,0,1,1,0,0,0,0,0,13.18935251,52.4338511,2,0.5,16 to 20
7,7100103.0,5,22,6,3,1,5,2,1,1,0,0,0,0,0,13.3595677,52.4961941,2,0.5,20 to 24
5,5100313.0,5,14,3,3,2,6,0,0,1,0,0,0,0,0,13.21649688,52.54718186,1,0.0,12 to 16
4,4500939.0,5,14,3,3,2,6,0,1,1,0,0,0,0,1,13.30911035,52.48880134,2,0.5,12 to 16
7,7100102.0,5,15,5,3,0,2,0,1,1,0,0,0,0,0,13.35373492,52.49991354,2,0.5,12 to 16
3,3601450.0,5,11,2,3,5,3,0,0,1,0,0,0,0,1,13.45839816,52.53332019,1,0.0,08 to 12
3,3200308.0,5,14,3,3,5,3,0,0,1,0,0,0,0,1,13.42400156,52.60436996,1,0.0,12 to 16
4,4200308.0,5,14,3,3,6,6,0,1,0,1,0,0,0,0,13.28036877,52.51824994,2,0.5,12 to 16
11,11200411.0,5,14,4,3,2,6,0,0,1,0,0,0,0,0,13.50972247,52.5461564,1,0.0,12 to 16
3,3400724.0,5,17,7,3,5,2,0,1,1,0,0,0,0,0,13.42859671,52.58308869,2,0.5,16 to 20
12,12400617.0,5,16,1,3,5,7,0,1,0,0,0,0,1,0,13.21047083,52.60622029,2,0.5,16 to 20
6,6100209.0,5,12,3,3,0,3,0,0,1,0,1,0,0,0,13.33134056,52.46369109,2,0.0,12 to 16
6,6200313.0,5,6,3,3,5,2,2,1,0,0,0,0,1,0,13.34574712,52.43634105,2,0.5,04 to 08
1,1100312.0,5,19,4,2,0,6,0,0,1,0,1,0,0,0,13.41629112,52.51077462,2,0.0,16 to 20
2,2100102.0,5,17,7,3,0,7,0,1,0,0,0,0,0,0,13.39145725,52.49790415,1,1.0,16 to 20
4,4400727.0,5,12,3,3,6,7,0,0,1,1,0,0,0,0,13.29513996,52.48489961,2,0.0,12 to 16
9,9200614.0,5,10,3,1,6,4,0,0,1,1,0,0,0,0,13.53952127,52.45082159,2,0.0,08 to 12
7,7400823.0,5,17,7,3,5,3,0,0,1,0,0,0,0,0,13.37580296,52.45562869,1,0.0,16 to 20
1,1400937.0,5,9,6,2,2,7,0,0,1,0,0,0,1,0,13.33704916,52.55884024,2,0.0,08 to 12
6,6200312.0,5,11,3,3,2,6,0,0,1,0,0,0,0,0,13.34025538,52.44383268,1,0.0,08 to 12
8,8100418.0,5,10,2,3,5,3,0,1,1,0,0,0,0,0,13.45029655,52.47687023,2,0.5,08 to 12
2,2400521.0,5,15,5,3,5,2,0,1,1,0,0,0,0,0,13.44068261,52.51726336,2,0.5,12 to 16
8,8200725.0,5,20,2,2,0,1,1,0,0,0,1,0,0,1,13.43267037,52.44384205,1,0.0,20 to 24
8,8100102.0,5,16,2,2,6,4,0,1,0,1,0,0,0,1,13.42640231,52.47698809,2,0.5,16 to 20
4,4300517.0,5,16,2,2,5,2,0,0,1,0,1,0,0,1,13.29631972,52.52932174,2,0.0,16 to 20
7,7300517.0,5,12,4,2,0,4,0,1,0,1,0,0,0,0,13.32963462,52.47730151,2,0.5,12 to 16
8,8100104.0,5,16,7,3,2,2,0,0,1,0,0,0,0,0,13.43034432,52.46915336,1,0.0,16 to 20
8,8401139.0,5,13,1,2,5,2,0,0,1,0,1,0,0,0,13.45877612,52.44027232,2,0.0,12 to 16
12,12500928.0,5,15,2,3,5,2,0,0,1,0,0,0,0,0,13.32219953,52.60881384,1,0.0,12 to 16
2,2200213.0,5,15,2,3,2,6,0,0,1,0,1,0,0,1,13.42233164,52.49278365,2,0.0,12 to 16
1,1400938.0,5,13,2,3,5,2,0,1,1,0,0,0,0,1,13.34943844,52.55199528,2,0.5,12 to 16
4,4400727.0,5,15,2,3,0,6,0,0,1,0,1,0,0,1,13.28943176,52.481794,2,0.0,12 to 16
3,3601450.0,5,15,7,3,6,4,0,0,0,1,0,0,1,0,13.4613799,52.53038618,2,0.0,12 to 16
12,12500825.0,5,14,6,3,1,5,0,0,1,0,1,0,0,0,13.30994278,52.57831412,2,0.0,12 to 16
1,1300836.0,5,15,2,3,0,2,0,0,0,0,1,0,1,1,13.37025945,52.54468032,2,0.0,12 to 16
8,8100102.0,5,14,2,3,6,4,0,0,0,1,1,0,0,1,13.42480448,52.48068372,2,0.0,12 to 16
3,3100101.0,5,11,5,3,4,6,0,0,1,0,0,0,0,0,13.43745151,52.63761545,1,0.0,08 to 12
10,10200417.0,5,13,2,2,6,4,0,0,0,1,0,0,1,0,13.58691216,52.5489505,2,0.0,12 to 16
4,4400835.0,5,13,7,3,1,1,0,1,1,0,0,0,0,0,13.31998872,52.46953197,2,0.5,12 to 16
1,1400937.0,5,18,6,3,0,2,0,1,1,0,0,0,0,0,13.33747719,52.55196909,2,0.5,16 to 20
1,1401045.0,5,13,2,3,6,4,0,0,0,1,1,0,0,1,13.37786126,52.55654505,2,0.0,12 to 16
1,1400939.0,5,12,2,3,2,6,0,0,1,0,0,0,0,1,13.35573635,52.55510286,1,0.0,12 to 16
1,1100206.0,5,13,5,3,1,5,0,1,1,0,0,0,0,0,13.38870604,52.51776156,2,0.5,12 to 16
2,2200211.0,5,11,2,3,5,2,0,1,1,0,0,0,0,1,13.38992881,52.48966336,2,0.5,08 to 12
9,9502043.0,5,10,4,3,1,5,0,1,1,0,0,0,0,0,13.56833002,52.46658284,2,0.5,08 to 12
11,11501340.0,5,15,7,3,0,7,0,1,1,0,0,0,0,0,13.53099252,52.49262787,2,0.5,12 to 16
5,5200420.0,5,23,7,2,1,1,2,0,1,0,0,0,0,0,13.16586544,52.53347069,1,0.0,20 to 24
12,12200309.0,5,11,2,3,0,1,0,0,0,0,1,0,0,1,13.329222,52.56345164,1,0.0,08 to 12
4,4200309.0,5,15,2,3,2,6,0,0,1,0,0,0,0,1,13.25620672,52.51951722,1,0.0,12 to 16
4,4200311.0,5,11,2,3,5,2,0,0,1,0,0,0,1,1,13.28041939,52.50650376,2,0.0,08 to 12
1,1300731.0,5,22,2,3,5,2,2,0,1,0,1,0,0,0,13.38436118,52.56754331,2,0.0,20 to 24
2,2400521.0,5,18,6,3,5,2,0,1,1,0,0,0,0,0,13.4328861,52.5178368,2,0.5,16 to 20
11,11200411.0,5,12,2,3,6,2,0,0,1,1,0,0,0,1,13.50965435,52.54626945,2,0.0,12 to 16
4,4300624.0,5,19,2,3,2,6,0,0,1,0,0,0,0,1,13.31625698,52.51081275,1,0.0,16 to 20
10,10200420.0,5,17,2,3,5,2,0,1,1,0,0,0,0,0,13.59857242,52.53502846,2,0.5,16 to 20
9,9100203.0,5,9,5,3,2,6,0,0,1,0,0,1,0,0,13.47877374,52.47164721,2,0.0,08 to 12
7,7100101.0,5,20,2,3,0,1,1,0,0,0,1,0,0,1,13.34028005,52.49425864,1,0.0,20 to 24
1,1100102.0,5,16,2,1,8,1,0,1,0,0,0,0,0,0,13.37529352,52.5216867,1,1.0,16 to 20
4,4300623.0,5,18,3,3,2,6,0,0,1,0,0,0,0,0,13.31334801,52.50638872,1,0.0,16 to 20
1,1300733.0,5,16,2,3,5,2,0,1,1,0,0,0,0,0,13.39134882,52.55508651,2,0.5,16 to 20
9,9301126.0,5,7,3,3,6,4,0,1,0,1,0,0,0,0,13.58229848,52.4173895,2,0.5,04 to 08
2,2200207.0,5,20,7,3,5,2,1,1,1,0,0,0,0,0,13.37320371,52.50349736,2,0.5,20 to 24
3,3200309.0,5,18,7,2,8,1,0,0,0,0,1,0,0,0,13.43363054,52.59541308,1,0.0,16 to 20
3,3400830.0,5,16,2,2,6,4,0,0,1,1,0,0,0,1,13.421577,52.56724253,2,0.0,16 to 20
9,9501939.0,5,15,2,3,5,3,0,0,1,0,0,0,0,1,13.57797295,52.45699405,1,0.0,12 to 16
7,7100205.0,5,8,2,3,0,1,0,0,0,0,1,0,0,1,13.36589974,52.49388852,1,0.0,08 to 12
11,11300618.0,5,10,2,3,5,2,0,1,1,0,0,0,0,1,13.45902798,52.52613444,2,0.5,08 to 12
12,12400721.0,5,12,6,3,6,4,0,0,1,1,0,0,0,0,13.30024371,52.642941,2,0.0,12 to 16
1,1100207.0,5,9,2,3,1,5,0,1,1,0,0,0,0,0,13.39712705,52.50853958,2,0.5,08 to 12
3,3601245.0,5,8,2,3,0,7,0,1,0,0,0,0,0,0,13.43699078,52.54186619,1,1.0,08 to 12
1,1400938.0,5,20,7,2,6,4,0,0,0,1,1,0,0,0,13.33598532,52.54224701,2,0.0,20 to 24
4,4501042.0,5,22,4,3,1,5,2,0,1,0,0,0,0,0,13.32579097,52.50001057,1,0.0,20 to 24
2,2300315.0,5,13,7,2,0,1,0,1,0,0,0,0,0,0,13.42264582,52.49918376,1,1.0,12 to 16
2,2500835.0,5,8,2,3,2,6,0,0,1,0,0,0,1,1,13.46339338,52.49939978,2,0.0,08 to 12
7,7601547.0,5,14,3,3,1,5,0,1,1,0,0,0,0,0,13.40901202,52.38310044,2,0.5,12 to 16
1,1200520.0,5,18,7,3,3,6,0,1,1,0,0,0,0,0,13.34333908,52.52850218,2,0.5,16 to 20
8,8200727.0,5,10,6,3,5,2,0,1,1,0,0,0,0,0,13.43396081,52.44353374,2,0.5,08 to 12
8,8401243.0,5,8,2,3,0,4,0,0,1,1,0,0,0,0,13.49557388,52.41779885,2,0.0,08 to 12
12,12200412.0,5,13,1,3,2,6,0,0,1,0,0,0,0,0,13.27084593,52.57586843,1,0.0,12 to 16
6,6400844.0,5,18,5,3,2,6,0,0,1,0,0,0,0,0,13.30748722,52.46652634,1,0.0,16 to 20
8,8100521.0,5,19,2,3,6,4,0,0,1,1,0,0,0,1,13.47381498,52.46481219,2,0.0,16 to 20
6,6200312.0,5,17,1,3,6,4,0,0,1,1,0,0,0,0,13.3304242,52.44516891,2,0.0,16 to 20
8,8100209.0,5,15,7,3,0,3,0,0,1,0,1,0,0,0,13.44050422,52.46744015,2,0.0,12 to 16
11,11400931.0,5,17,6,3,4,6,0,1,0,0,0,0,0,0,13.50727891,52.50850445,1,1.0,16 to 20
5,5100211.0,5,16,1,3,5,3,0,0,1,0,0,0,0,0,13.15781993,52.54303362,1,0.0,16 to 20
1,1400942.0,5,15,1,3,6,4,0,0,1,1,0,0,0,0,13.35347921,52.54653937,2,0.0,12 to 16
10,10100104.0,5,19,5,3,1,5,0,0,1,0,1,0,0,0,13.57342764,52.56528453,2,0.0,16 to 20
6,6100205.0,5,11,1,3,2,2,0,1,1,0,0,0,0,0,13.34910618,52.44662606,2,0.5,08 to 12
2,2300316.0,5,0,1,3,5,3,2,0,1,0,0,0,0,1,13.44181628,52.50125964,1,0.0,00 to 04
10,10300731.0,5,16,4,3,5,3,0,0,1,0,0,0,1,0,13.55802512,52.52959575,2,0.0,16 to 20
5,5200528.0,5,13,7,3,5,2,0,1,1,0,0,0,0,0,13.16273251,52.52006137,2,0.5,12 to 16
2,2300316.0,5,13,1,3,5,2,0,1,1,0,0,0,0,0,13.4422631,52.50090328,2,0.5,12 to 16
6,6200311.0,5,8,3,2,0,6,0,0,0,0,0,1,1,0,13.3630561,52.43475422,2,0.0,08 to 12
4,4300416.0,5,16,6,3,6,6,0,1,0,1,0,0,0,0,13.29331154,52.50574546,2,0.5,16 to 20
8,8100419.0,5,19,6,3,5,7,0,0,1,0,0,0,0,0,13.44685447,52.48612876,1,0.0,16 to 20
5,5200420.0,5,13,1,3,1,5,0,0,1,0,0,0,0,0,13.15667976,52.53432896,1,0.0,12 to 16
6,6400843.0,5,12,1,3,0,1,0,1,0,0,0,0,0,0,13.30168453,52.45826351,1,1.0,12 to 16
5,5300839.0,5,14,5,3,2,6,0,0,1,0,0,0,0,0,13.25008464,52.5474896,1,0.0,12 to 16
5,5200420.0,5,11,1,3,5,3,0,1,1,0,0,0,0,0,13.18155013,52.53407259,2,0.5,08 to 12
8,8401243.0,5,12,4,2,6,4,0,0,1,1,0,0,0,0,13.48808932,52.42625547,2,0.0,12 to 16
12,12601235.0,5,22,6,3,0,7,2,1,0,0,0,0,0,0,13.3571395,52.59251719,1,1.0,20 to 24
7,7300517.0,5,9,7,2,5,2,0,1,1,0,0,0,0,0,13.3285495,52.4733957,2,0.5,08 to 12
9,9501737.0,5,7,1,3,9,1,0,0,1,0,0,0,0,0,13.62492087,52.45692884,1,0.0,04 to 08
6,6100208.0,5,15,4,3,6,4,0,1,0,1,0,0,0,0,13.32629911,52.45611236,2,0.5,12 to 16
12,12200310.0,5,19,6,3,2,2,0,0,1,0,0,0,1,0,13.31316397,52.57125588,2,0.0,16 to 20
2,2100104.0,5,14,1,3,5,3,0,1,1,0,0,0,0,0,13.41116737,52.50350744,2,0.5,12 to 16
8,8100314.0,5,22,7,2,5,3,2,0,1,0,0,0,1,1,13.43455633,52.48292039,2,0.0,20 to 24
4,4300619.0,5,16,2,3,5,3,0,0,1,0,1,0,0,1,13.31657963,52.5162497,2,0.0,16 to 20
3,3601245.0,5,21,7,3,5,3,2,1,1,0,0,0,0,1,13.42853555,52.54784967,2,0.5,20 to 24
2,2100101.0,5,15,6,3,3,6,0,0,1,0,1,0,0,0,13.38890246,52.49876595,2,0.0,12 to 16
1,1100308.0,5,17,6,3,1,5,0,1,1,0,0,0,0,0,13.38489422,52.52691789,2,0.5,16 to 20
7,7300517.0,5,12,7,3,5,3,0,0,1,0,0,0,0,1,13.32895566,52.47134245,1,0.0,12 to 16
1,1300835.0,5,16,7,3,2,6,0,0,1,0,0,0,0,0,13.38845263,52.53963021,1,0.0,16 to 20
6,6300524.0,5,12,5,3,2,2,0,0,1,0,1,0,0,0,13.22982491,52.43104162,2,0.0,12 to 16
1,1400937.0,5,19,2,3,5,2,0,0,1,0,0,0,0,1,13.33744372,52.55878623,1,0.0,16 to 20
8,8100104.0,5,13,7,3,1,5,0,1,1,0,0,0,0,0,13.42843579,52.47286071,2,0.5,12 to 16
1,1100101.0,5,7,4,3,0,2,0,1,1,0,0,0,0,0,13.34111862,52.50499725,2,0.5,04 to 08
2,2200208.0,5,22,6,3,0,1,2,1,0,0,0,0,0,0,13.38737324,52.49286042,1,1.0,20 to 24
10,10300731.0,5,18,7,2,5,3,1,0,1,0,0,0,1,0,13.56562517,52.52915744,2,0.0,16 to 20
9,9501939.0,5,13,7,3,2,6,0,0,1,0,0,0,0,0,13.5694726,52.45296315,1,0.0,12 to 16
1,1100313.0,5,14,2,3,5,3,0,1,1,0,0,0,0,1,13.4219402,52.50512531,2,0.5,12 to 16
3,3300514.0,5,10,2,3,0,7,0,0,1,0,0,0,0,1,13.45359198,52.59184381,1,0.0,08 to 12
2,2100104.0,5,12,7,3,5,3,0,1,1,0,0,0,0,1,13.41096761,52.50390356,2,0.5,12 to 16
11,11200514.0,5,13,6,2,5,3,0,0,1,0,1,0,0,0,13.47503293,52.53656086,2,0.0,12 to 16
6,6200422.0,5,12,7,3,6,7,0,1,0,1,0,0,0,0,13.3282873,52.42870713,2,0.5,12 to 16
11,11401135.0,5,9,7,3,0,3,0,1,0,0,0,0,1,0,13.50179206,52.4982484,2,0.5,08 to 12
7,7601236.0,5,14,2,3,0,1,0,0,0,0,1,0,0,1,13.37057409,52.42246618,1,0.0,12 to 16
12,12200515.0,5,10,2,2,6,2,0,0,1,1,0,0,0,1,13.28697851,52.58629098,2,0.0,08 to 12
10,10100311.0,5,13,7,3,2,6,0,0,1,0,0,0,0,1,13.51895915,52.51558999,1,0.0,12 to 16
12,12200515.0,5,7,6,3,5,2,0,1,0,0,0,1,0,0,13.29009414,52.58248978,2,0.5,04 to 08
3,3601348.0,5,14,7,3,0,6,0,0,1,0,1,0,0,1,13.42267086,52.54455753,2,0.0,12 to 16
7,7200308.0,5,11,7,2,5,3,0,0,1,0,0,0,0,1,13.34218287,52.47894493,1,0.0,08 to 12
1,1100310.0,5,14,5,3,0,1,0,1,0,0,0,0,0,0,13.41717383,52.52413971,1,1.0,12 to 16
9,9200715.0,5,15,7,3,2,6,0,0,1,0,0,0,0,1,13.540885,52.4356073,1,0.0,12 to 16
6,6300525.0,5,13,3,3,5,3,0,1,1,0,0,0,0,0,13.25028301,52.4185508,2,0.5,12 to 16