bez,lor_ab_2021,umonat,ustunde,uwochentag,ukategorie,uart,utyp1,ulichtverh,istrad,istpkw,istfuss,istkrad,istgkfz,istsonstige,ustrzustand,xgcswgs84,ygcswgs84,all_acc,perc_bike_acc,rushhours
5,5100313.0,5,21,6,3,2,7,2,0,1,0,0,0,0,0,13.21819709,52.54856784,1,0.0,20 to 24
2,2200210.0,5,17,7,3,2,6,0,1,0,0,0,0,0,0,13.39473277,52.49615722,1,1.0,16 to 20
7,7400927.0,5,16,7,3,2,2,0,0,1,0,0,0,0,1,13.38660969,52.45634579,1,0.0,16 to 20
9,9501939.0,5,18,1,3,0,2,0,1,1,0,0,0,0,0,13.57448708,52.45297071,2,0.5,16 to 20
5,5200423.0,5,16,7,3,2,6,0,0,1,0,0,0,0,0,13.15049932,52.53289855,1,0.0,16 to 20
3,3400826.0,5,11,6,2,5,3,0,0,1,0,0,0,0,0,13.41096078,52.56117453,1,0.0,08 to 12
10,10100316.0,5,17,7,3,0,7,0,0,1,0,0,0,1,0,13.57758874,52.54760217,2,0.0,16 to 20
7,7300619.0,5,18,7,3,5,3,0,0,1,0,0,0,0,1,13.35883664,52.47459997,1,0.0,16 to 20
8,8100415.0,5,20,4,3,5,2,1,1,1,0,0,0,0,0,13.44276911,52.48042771,2,0.5,20 to 24
5,5400944.0,5,20,6,2,0,1,1,1,0,0,0,0,0,0,13.14181958,52.46182675,1,1.0,20 to 24
3,3400618.0,5,3,7,3,6,6,2,0,1,1,0,0,0,0,13.36752124,52.59583649,2,0.0,00 to 04
9,9501940.0,5,14,6,3,2,6,0,0,1,0,0,0,0,0,13.58067183,52.45548849,1,0.0,12 to 16
11,11200411.0,5,18,6,2,0,1,0,0,1,0,1,0,0,0,13.49960713,52.54537358,2,0.0,16 to 20
12,12500927.0,5,2,5,2,0,1,2,0,1,0,0,0,0,0,13.32793122,52.59966654,1,0.0,00 to 04
4,4300518.0,5,15,6,3,3,6,0,1,0,0,0,0,1,0,13.29606456,52.53043581,2,0.5,12 to 16
7,7100103.0,5,20,6,3,0,6,2,0,1,0,1,0,0,1,13.35555103,52.49461972,2,0.0,20 to 24
7,7100102.0,5,17,3,3,5,5,0,0,1,0,1,0,0,0,13.34974329,52.49476313,2,0.0,16 to 20
5,5200423.0,5,15,6,2,5,2,0,0,1,0,0,0,0,0,13.14159472,52.53244392,1,0.0,12 to 16
12,12200309.0,5,13,6,3,5,2,0,1,1,0,0,0,0,0,13.3253954,52.56466826,2,0.5,12 to 16
9,9501737.0,5,15,6,3,5,2,0,0,1,0,0,0,0,0,13.65343557,52.4633289,1,0.0,12 to 16
9,9501939.0,5,10,6,3,3,6,0,0,1,0,1,0,0,0,13.55857524,52.45602654,2,0.0,08 to 12
1,1400939.0,5,21,5,3,0,1,2,1,0,0,0,0,0,0,13.35612081,52.55535627,1,1.0,20 to 24
3,3400620.0,5,2,6,3,8,7,2,0,1,0,0,0,0,0,13.38083226,52.57445939,1,0.0,00 to 04
11,11400927.0,5,23,6,3,6,7,2,1,0,1,0,0,0,0,13.47545525,52.50215588,2,0.5,20 to 24
5,5200629.0,5,14,4,3,5,3,0,1,0,0,0,0,1,0,13.19805391,52.53292517,2,0.5,12 to 16
5,5200634.0,5,15,6,3,2,6,0,0,1,0,0,0,0,0,13.20123721,52.51206586,1,0.0,12 to 16
9,9401534.0,5,17,1,3,2,6,0,0,1,0,0,0,0,0,13.58199958,52.44221343,1,0.0,16 to 20
6,6100102.0,5,22,6,3,0,1,2,0,0,0,1,0,0,1,13.32314999,52.45689378,1,0.0,20 to 24
8,8401242.0,5,7,3,3,5,3,0,0,1,0,0,0,0,0,13.47987173,52.41264295,1,0.0,04 to 08
8,8100417.0,5,15,6,3,5,3,0,0,1,0,0,0,0,0,13.45398978,52.47201204,1,0.0,12 to 16
2,2200212.0,5,18,6,3,2,6,0,0,1,0,0,0,0,0,13.41912046,52.48748618,1,0.0,16 to 20
3,3500932.0,5,16,6,2,7,7,0,1,0,0,0,0,0,0,13.43879296,52.55774373,1,1.0,16 to 20
5,5100317.0,5,10,3,3,2,6,0,0,1,0,0,0,0,0,13.22386602,52.53059589,1,0.0,08 to 12
9,9501736.0,5,13,6,3,3,6,0,1,0,0,0,0,0,0,13.59702925,52.45278573,1,1.0,12 to 16
9,9100304.0,5,9,6,3,5,2,0,1,1,0,0,0,0,0,13.48402007,52.46775192,2,0.5,08 to 12
7,7400928.0,5,19,6,3,2,6,0,0,1,0,1,0,0,0,13.42039937,52.46164851,2,0.0,16 to 20
1,1400939.0,5,17,6,3,6,4,0,0,1,1,0,0,0,0,13.35599859,52.55527579,2,0.0,16 to 20
6,6200421.0,5,16,5,3,3,2,0,0,1,0,1,0,0,0,13.31077977,52.42116337,2,0.0,16 to 20
6,6400737.0,5,16,6,2,1,5,0,1,1,0,0,0,0,0,13.19901786,52.44015554,2,0.5,16 to 20
6,6300524.0,5,15,6,3,4,6,0,1,1,0,0,0,0,0,13.22950849,52.42083762,2,0.5,12 to 16
12,12200309.0,5,12,4,3,5,7,0,0,0,0,1,0,1,0,13.31701743,52.56847468,2,0.0,12 to 16
2,2500833.0,5,12,6,3,0,7,0,0,1,0,1,0,0,1,13.45800515,52.51061651,2,0.0,12 to 16
5,5300737.0,5,13,1,3,0,5,0,0,1,0,1,0,0,0,13.23677379,52.54723688,2,0.0,12 to 16
1,1401046.0,5,14,6,3,6,4,0,0,1,1,0,0,0,0,13.35127742,52.53942028,2,0.0,12 to 16
10,10200524.0,5,14,2,3,6,4,0,0,1,1,0,0,0,0,13.6056683,52.5358379,2,0.0,12 to 16
12,12200307.0,5,13,6,3,5,2,0,1,1,0,0,0,0,0,13.32842968,52.57561542,2,0.5,12 to 16
4,4200206.0,5,12,6,3,5,2,0,1,1,0,0,0,0,0,13.22868971,52.50512307,2,0.5,12 to 16
12,12500926.0,5,14,6,3,0,1,0,0,0,0,1,0,0,0,13.32419636,52.58783946,1,0.0,12 to 16
7,7400826.0,5,4,6,2,9,1,2,0,1,0,0,0,0,0,13.36225052,52.44719982,1,0.0,04 to 08
9,9501737.0,5,11,6,2,0,1,0,1,0,0,0,0,0,0,13.62521681,52.45496898,1,1.0,08 to 12
8,8200624.0,5,12,5,3,2,6,0,0,1,0,0,0,1,0,13.43590441,52.4491599,2,0.0,12 to 16
1,1401048.0,5,17,6,2,0,1,0,0,0,0,1,0,0,0,13.35755462,52.55354969,1,0.0,16 to 20
2,2400623.0,5,19,3,3,5,2,0,1,1,0,0,0,0,0,13.43002891,52.51020273,2,0.5,16 to 20
3,3200309.0,4,9,5,3,6,7,0,0,1,1,0,0,0,1,13.43379735,52.60874587,2,0.0,08 to 12
1,1300733.0,5,14,5,3,2,6,0,0,0,0,0,0,1,0,13.38495196,52.55597599,1,0.0,12 to 16
5,5100313.0,4,14,5,3,2,6,0,0,1,0,0,0,0,1,13.21897328,52.5488077,1,0.0,12 to 16
3,3601453.0,5,10,4,3,5,3,0,0,1,0,0,0,0,0,13.46608079,52.52328063,1,0.0,08 to 12
12,12200412.0,5,11,6,3,5,3,0,1,1,0,0,0,0,0,13.28242275,52.57566291,2,0.5,08 to 12
4,4300414.0,5,2,7,3,1,5,2,1,1,0,0,0,0,0,13.30000328,52.51827105,2,0.5,00 to 04
4,4500936.0,4,14,5,3,5,2,0,1,1,0,0,0,0,1,13.3018485,52.49904463,2,0.5,12 to 16
3,3200206.0,5,21,1,3,5,3,2,0,1,0,0,0,1,0,13.39750636,52.580019,2,0.0,20 to 24
5,5100105.0,5,11,2,2,7,7,0,0,1,0,0,0,0,1,13.19755179,52.55820124,1,0.0,08 to 12
10,10300734.0,4,15,5,2,5,3,0,1,1,0,0,0,0,0,13.5583155,52.49262943,2,0.5,12 to 16
4,4300416.0,5,14,6,2,5,2,0,1,1,0,0,0,0,0,13.30223199,52.50788825,2,0.5,12 to 16
11,11100204.0,5,17,2,2,6,4,0,0,0,1,0,0,1,1,13.51253241,52.56617287,2,0.0,16 to 20
4,4501152.0,4,15,5,3,2,6,0,0,1,0,1,0,0,1,13.33101118,52.49299306,2,0.0,12 to 16
1,1100308.0,4,15,5,3,5,3,0,1,1,0,0,0,0,1,13.37009881,52.53426667,2,0.5,12 to 16
7,7100102.0,5,10,5,3,6,7,0,0,0,1,0,1,0,0,13.34980831,52.50030609,2,0.0,08 to 12
12,12200309.0,5,17,2,3,5,2,0,1,0,0,0,0,1,0,13.32590323,52.56463431,2,0.5,16 to 20
4,4501041.0,4,15,5,3,5,3,0,1,1,0,0,0,0,1,13.31539651,52.50324802,2,0.5,12 to 16
1,1400942.0,5,19,3,3,2,2,0,0,1,0,0,0,0,0,13.34383358,52.54634625,1,0.0,16 to 20
5,5100211.0,5,11,6,2,0,6,0,0,1,0,1,0,0,0,13.17977924,52.53887116,2,0.0,08 to 12
1,1300836.0,5,12,7,3,2,6,0,0,1,0,0,0,1,0,13.37420731,52.54364502,2,0.0,12 to 16
7,7601442.0,4,15,5,2,5,2,0,0,1,0,0,0,0,1,13.39274485,52.41265223,1,0.0,12 to 16
12,12200307.0,4,14,5,3,2,2,0,0,1,0,0,0,0,1,13.32978942,52.56915994,1,0.0,12 to 16
8,8100521.0,5,15,3,3,3,6,0,0,1,1,0,1,0,0,13.45151477,52.46511228,3,0.0,12 to 16
8,8100104.0,5,16,5,3,6,4,0,0,1,1,0,0,0,0,13.42864121,52.4724533,2,0.0,16 to 20
5,5300736.0,5,20,3,3,6,4,1,0,1,1,0,0,0,0,13.23400122,52.54749527,2,0.0,20 to 24
6,6200422.0,5,10,4,2,5,3,0,1,1,0,0,0,0,0,13.3321258,52.42550352,2,0.5,08 to 12
8,8200727.0,5,12,2,3,5,3,0,0,1,0,0,0,0,1,13.43412771,52.44279657,1,0.0,12 to 16
7,7601341.0,5,16,4,3,0,1,0,1,0,0,0,0,0,0,13.37635441,52.40892766,1,1.0,16 to 20
9,9100203.0,5,16,4,3,5,3,0,0,0,0,1,0,0,0,13.47866782,52.47159355,1,0.0,16 to 20
7,7601544.0,5,18,7,2,0,7,0,1,0,0,0,0,0,0,13.40545648,52.38977355,1,1.0,16 to 20
8,8100105.0,5,15,3,3,1,7,0,0,1,1,0,0,0,0,13.43186202,52.46657083,2,0.0,12 to 16
5,5200632.0,5,13,7,2,3,6,0,0,1,0,0,0,0,0,13.21257067,52.52721948,1,0.0,12 to 16
4,4300517.0,5,19,3,2,5,2,0,1,1,0,0,0,0,0,13.29738217,52.52658775,2,0.5,16 to 20
8,8200725.0,5,15,3,3,2,6,0,1,1,0,0,0,0,0,13.41889486,52.4447004,2,0.5,12 to 16
10,10200421.0,5,16,6,2,6,4,0,0,1,1,0,0,0,0,13.60515317,52.53657577,2,0.0,16 to 20
6,6200313.0,5,18,5,3,3,6,0,1,1,0,0,0,0,0,13.35111445,52.44071776,2,0.5,16 to 20
2,2400624.0,5,14,3,3,2,2,0,0,1,0,1,0,0,0,13.44350996,52.5120615,2,0.0,12 to 16
4,4501041.0,5,16,2,3,0,4,0,1,0,1,0,0,0,0,13.31689296,52.50191292,2,0.5,16 to 20
12,12100205.0,5,13,5,3,5,3,0,1,1,0,0,0,0,0,13.35262281,52.57476696,2,0.5,12 to 16
4,4501043.0,5,16,4,3,5,2,0,1,1,0,0,0,0,0,13.31589388,52.49652401,2,0.5,16 to 20
5,5100105.0,5,22,1,3,5,3,2,0,1,0,0,0,0,1,13.19860966,52.55536651,1,0.0,20 to 24
7,7400721.0,5,7,4,3,0,7,0,0,1,0,0,0,1,0,13.37443695,52.47886056,2,0.0,04 to 08
9,9401534.0,5,12,7,3,2,6,0,0,1,0,0,0,0,0,13.58199995,52.44221483,1,0.0,12 to 16
3,3300516.0,5,0,6,3,0,1,2,1,0,0,0,0,0,0,13.43512443,52.56269948,1,1.0,00 to 04
9,9200510.0,5,15,3,3,8,7,0,1,1,0,0,0,0,0,13.50461559,52.47758248,2,0.5,12 to 16
11,11501340.0,5,10,2,3,0,6,0,1,1,0,0,0,0,0,13.52555868,52.481989,2,0.5,08 to 12
5,5100208.0,5,14,4,2,5,7,0,0,1,0,1,0,0,0,13.16197499,52.55172931,2,0.0,12 to 16
10,10400941.0,5,16,7,3,5,3,0,0,1,0,0,0,0,0,13.60584327,52.47871194,1,0.0,16 to 20
8,8200726.0,5,1,7,3,2,6,2,0,1,0,0,0,0,1,13.45235197,52.45232587,1,0.0,00 to 04
11,11300722.0,5,17,3,3,2,6,0,0,1,0,0,0,0,0,13.47935279,52.51607465,1,0.0,16 to 20
12,12200307.0,5,15,3,3,0,7,0,0,0,0,1,0,1,1,13.33046614,52.57106823,2,0.0,12 to 16
6,6300633.0,5,14,6,3,5,2,0,1,1,0,0,0,0,0,13.31551937,52.44312836,2,0.5,12 to 16
5,5200633.0,5,14,5,3,5,2,0,0,1,0,0,0,0,0,13.1828473,52.51848079,1,0.0,12 to 16
7,7200409.0,5,12,7,3,0,6,0,1,0,0,0,0,0,0,13.35352066,52.48889747,1,1.0,12 to 16
4,4100101.0,5,14,3,3,5,3,0,0,1,0,0,0,0,0,13.29681105,52.54812259,1,0.0,12 to 16
1,1200628.0,5,17,2,3,6,4,0,1,0,1,0,0,0,0,13.36933703,52.52657499,2,0.5,16 to 20
1,1400938.0,5,12,5,3,2,3,0,0,1,0,1,0,0,0,13.33906394,52.55032148,2,0.0,12 to 16
5,5200420.0,5,16,4,3,2,6,0,0,1,0,0,0,0,0,13.17924427,52.53374764,1,0.0,16 to 20
7,7601544.0,5,13,1,3,4,1,0,0,1,0,0,0,0,1,13.39109262,52.39885338,1,0.0,12 to 16
9,9301228.0,5,16,4,2,0,7,0,0,1,0,0,1,0,0,13.65198891,52.37535291,2,0.0,16 to 20
6,6100206.0,5,8,6,2,2,6,0,1,0,0,0,0,0,0,13.33088028,52.44579069,1,1.0,08 to 12
4,4100101.0,5,18,6,3,5,2,0,0,1,0,0,0,0,0,13.32610678,52.53836756,1,0.0,16 to 20
4,4501044.0,5,14,3,3,5,3,0,1,1,0,0,0,0,0,13.32221232,52.4955016,2,0.5,12 to 16
8,8200623.0,5,14,3,3,0,2,0,1,1,0,0,0,0,0,13.4573938,52.45343666,2,0.5,12 to 16
8,8100521.0,5,10,5,3,5,7,0,0,1,0,0,0,0,0,13.46538524,52.46059988,1,0.0,08 to 12
1,1100313.0,5,20,3,3,2,2,0,0,1,0,0,0,0,0,13.42120718,52.50975922,1,0.0,20 to 24
9,9502043.0,5,10,4,2,5,3,0,1,1,0,0,0,0,0,13.56973588,52.46577753,2,0.5,08 to 12
12,12200307.0,5,14,3,3,0,7,0,0,0,0,1,0,1,1,13.33007203,52.56995354,2,0.0,12 to 16
10,10100312.0,5,15,2,3,2,6,0,0,1,0,0,0,0,1,13.53967083,52.53447632,1,0.0,12 to 16
4,4501153.0,5,20,4,3,5,3,1,0,1,0,1,0,0,0,13.33522097,52.48580566,2,0.0,20 to 24
1,1401046.0,5,12,3,3,2,6,0,0,1,0,0,0,1,0,13.35084854,52.54255551,2,0.0,12 to 16
4,4300623.0,5,12,5,2,1,5,0,1,1,0,0,0,0,0,13.30383351,52.50988354,2,0.5,12 to 16
1,1100308.0,5,10,5,3,0,1,0,0,0,0,1,0,0,0,13.37954017,52.53338927,1,0.0,08 to 12
2,2500833.0,5,18,7,3,5,7,0,0,1,0,1,0,0,0,13.45875365,52.51134537,2,0.0,16 to 20
3,3400620.0,5,11,3,3,6,7,0,0,1,1,0,0,0,0,13.37829962,52.57655985,2,0.0,08 to 12
4,4500938.0,5,8,2,3,6,2,0,0,1,1,0,0,0,0,13.29624845,52.49761845,2,0.0,08 to 12
4,4100101.0,5,8,5,3,5,2,0,0,1,0,0,0,1,0,13.32625002,52.53801059,2,0.0,08 to 12
3,3400618.0,5,16,4,2,6,4,0,0,1,1,0,0,0,0,13.36929157,52.59726585,2,0.0,16 to 20
7,7200411.0,5,0,7,2,6,4,2,0,1,1,0,0,0,1,13.36008976,52.49046629,2,0.0,00 to 04
9,9401534.0,5,14,4,3,5,3,0,0,1,0,0,1,0,0,13.57691654,52.44435147,2,0.0,12 to 16
12,12200414.0,5,11,6,3,2,6,0,0,1,0,0,0,0,0,13.24940802,52.55279895,1,0.0,08 to 12
1,1401047.0,5,21,6,3,2,6,1,0,1,0,0,0,0,1,13.35955141,52.54627665,1,0.0,20 to 24
12,12601236.0,5,10,3,3,0,3,0,0,1,0,1,0,0,0,13.34425875,52.59605435,2,0.0,08 to 12
5,5400942.0,5,9,3,3,1,6,0,1,1,0,0,0,1,0,13.18322785,52.48512078,3,0.3333333333333333,08 to 12
7,7400826.0,5,5,5,2,0,6,0,0,1,0,1,0,0,0,13.37146791,52.45251414,2,0.0,04 to 08
10,10200628.0,5,20,3,3,5,3,0,1,1,0,0,0,0,0,13.59613931,52.52974728,2,0.5,20 to 24
8,8100102.0,5,17,4,3,5,3,0,1,1,0,0,0,0,0,13.41637462,52.48047619,2,0.5,16 to 20
1,1100311.0,5,13,2,3,2,6,0,0,1,0,0,0,1,1,13.42372234,52.51352479,2,0.0,12 to 16
11,11300724.0,5,17,4,3,2,6,0,0,1,0,1,0,0,0,13.49001012,52.51356961,2,0.0,16 to 20
3,3300516.0,5,14,4,3,5,3,0,1,1,0,0,0,0,0,13.43262504,52.57089672,2,0.5,12 to 16
4,4100101.0,5,9,3,3,5,2,0,0,1,0,0,0,0,0,13.32610797,52.53836219,1,0.0,08 to 12
10,10400938.0,5,13,7,3,2,6,0,0,1,0,0,0,0,0,13.61696263,52.51971695,1,0.0,12 to 16
2,2200210.0,5,20,3,3,5,3,0,0,1,0,0,0,0,0,13.39640466,52.49124602,1,0.0,20 to 24
6,6400838.0,5,15,4,3,5,2,0,1,1,0,0,0,0,0,13.24398501,52.44617976,2,0.5,12 to 16
1,1100313.0,5,19,7,3,3,6,0,1,1,0,0,0,0,0,13.41883605,52.50632657,2,0.5,16 to 20
7,7100102.0,5,11,4,3,5,7,0,0,1,0,0,0,0,0,13.35345267,52.50094986,1,0.0,08 to 12
6,6400737.0,5,7,6,2,5,2,0,1,1,0,0,0,0,0,13.23723089,52.46927821,2,0.5,04 to 08
10,10100206.0,5,16,6,3,5,2,0,1,0,0,0,0,1,0,13.56945007,52.56081233,2,0.5,16 to 20
10,10100210.0,5,13,3,3,5,3,0,1,1,0,0,0,0,0,13.55764008,52.547491,2,0.5,12 to 16
4,4300620.0,5,8,3,3,5,2,0,1,0,0,0,0,0,0,13.32223345,52.5211063,1,1.0,08 to 12
10,10100312.0,5,16,5,3,5,2,0,1,1,0,0,0,0,0,13.54012811,52.52566473,2,0.5,16 to 20
3,3200205.0,5,19,3,3,5,3,0,1,1,0,0,0,0,0,13.39097105,52.58383911,2,0.5,16 to 20
12,12500929.0,5,10,4,3,5,3,0,1,1,0,0,0,0,0,13.35466973,52.61799917,2,0.5,08 to 12
10,10100209.0,5,11,2,3,2,6,0,0,1,0,0,0,0,0,13.57278825,52.55018518,1,0.0,08 to 12
9,9200819.0,5,16,4,3,5,3,0,1,0,0,0,0,1,0,13.56763871,52.44486677,2,0.5,16 to 20
11,11300722.0,5,17,7,3,5,2,0,1,1,0,0,0,0,0,13.47779174,52.51459262,2,0.5,16 to 20
2,2200209.0,5,8,3,3,5,7,0,0,1,0,1,0,0,0,13.37825804,52.48501953,2,0.0,08 to 12
3,3400725.0,5,11,7,3,5,3,0,0,1,0,1,0,0,0,13.4278683,52.58777386,2,0.0,08 to 12
11,11300826.0,5,18,3,3,9,1,0,0,1,0,1,0,0,0,13.47602973,52.51251863,2,0.0,16 to 20
8,8401242.0,5,7,3,3,5,3,0,1,1,0,0,0,0,0,13.47976102,52.41440507,2,0.5,04 to 08
2,2200208.0,5,15,6,3,5,3,0,1,1,0,0,0,0,0,13.38399852,52.49517054,2,0.5,12 to 16
6,6400838.0,5,17,5,2,0,1,0,0,0,0,1,0,0,0,13.22413931,52.44064284,1,0.0,16 to 20
1,1100313.0,5,23,7,3,5,3,2,0,1,0,0,0,0,0,13.4196747,52.50608319,1,0.0,20 to 24
12,12500825.0,5,6,3,3,1,5,0,1,1,0,0,0,0,0,13.299487,52.58114831,2,0.5,04 to 08
4,4501040.0,5,20,2,3,1,5,1,1,1,0,0,0,0,0,13.30959656,52.50018439,2,0.5,20 to 24
5,5400944.0,5,12,5,3,2,6,0,0,1,0,0,0,0,0,13.14826759,52.45670275,1,0.0,12 to 16
8,8200833.0,5,6,3,2,3,5,0,0,1,0,1,0,0,0,13.44355432,52.42561636,2,0.0,04 to 08
9,9100407.0,5,20,6,3,5,3,0,0,1,0,0,0,0,0,13.5051288,52.44513275,1,0.0,20 to 24
9,9501838.0,5,22,5,3,0,1,2,1,0,0,0,0,0,0,13.68214394,52.44398879,1,1.0,20 to 24
10,10200418.0,5,6,3,3,0,3,1,0,1,0,1,0,0,0,13.59161814,52.54148096,2,0.0,04 to 08
6,6100103.0,5,7,3,3,5,3,0,1,1,0,0,0,0,0,13.32670481,52.46335321,2,0.5,04 to 08
6,6300629.0,5,14,5,2,3,6,0,1,0,0,0,0,0,0,13.2887023,52.444017,1,1.0,12 to 16
8,8200624.0,5,8,4,3,2,6,0,0,1,0,0,0,0,0,13.42189169,52.45233554,1,0.0,08 to 12
1,1300733.0,5,9,2,3,2,6,0,1,0,0,0,0,0,0,13.38529933,52.55594743,1,1.0,08 to 12
2,2300315.0,5,8,4,3,5,2,0,1,1,0,0,0,0,0,13.43204223,52.49933283,2,0.5,08 to 12
1,1100416.0,5,14,7,3,1,5,0,1,1,0,0,0,0,0,13.40342282,52.53222787,2,0.5,12 to 16
6,6200423.0,5,11,6,3,0,4,0,1,0,1,0,0,0,0,13.31442412,52.41769222,2,0.5,08 to 12
4,4500939.0,5,15,3,3,5,2,0,1,1,0,0,0,0,0,13.30189307,52.48858516,2,0.5,12 to 16
7,7601340.0,5,5,3,3,5,3,0,0,1,0,0,0,1,0,13.35532024,52.41318519,2,0.0,04 to 08
11,10100205.0,5,13,6,3,5,3,0,1,1,0,0,0,0,0,13.54022147,52.5652608,2,0.5,12 to 16
6,6400735.0,5,13,5,3,0,4,0,1,0,1,0,0,0,0,13.14746033,52.41385355,2,0.5,12 to 16
6,6300634.0,5,0,7,3,2,6,2,0,1,0,0,0,0,0,13.29986362,52.43242234,1,0.0,00 to 04
8,8100102.0,5,4,3,3,0,7,1,1,0,0,0,0,0,0,13.41023147,52.4818046,1,1.0,04 to 08
4,4300412.0,5,17,2,3,5,2,0,1,1,0,0,0,0,1,13.29564807,52.51932758,2,0.5,16 to 20
7,7400720.0,5,10,5,3,5,3,0,0,1,0,0,0,0,0,13.37491286,52.48130484,1,0.0,08 to 12
6,6100209.0,5,15,4,3,1,5,0,0,1,0,0,0,0,0,13.32718149,52.46015115,1,0.0,12 to 16
1,1100416.0,5,19,1,3,0,1,1,0,0,0,1,0,0,1,13.4063529,52.53532098,1,0.0,16 to 20
11,11501238.0,5,13,4,3,0,2,0,1,0,0,0,1,0,0,13.4995317,52.48453405,2,0.5,12 to 16
9,9100304.0,5,12,6,3,6,4,0,0,1,1,0,0,0,0,13.48939504,52.46750861,2,0.0,12 to 16
3,3300517.0,5,19,4,3,5,3,0,1,1,0,0,0,0,0,13.47703837,52.566872,2,0.5,16 to 20
9,9502043.0,5,16,1,3,2,6,0,0,1,0,0,0,0,1,13.58337018,52.46328533,1,0.0,16 to 20
9,9100407.0,5,6,4,3,1,5,0,1,1,0,0,0,0,0,13.48697292,52.45946277,2,0.5,04 to 08
1,1100207.0,5,9,7,3,5,3,0,0,1,0,0,0,0,0,13.39227148,52.50771833,1,0.0,08 to 12
12,12200310.0,5,12,6,3,5,2,0,0,1,0,1,0,0,0,13.31455294,52.57506134,2,0.0,12 to 16
9,9100304.0,5,15,3,3,1,1,0,0,1,0,0,0,0,0,13.48364345,52.4604272,1,0.0,12 to 16
1,1100416.0,5,9,3,3,0,1,0,1,0,0,0,0,0,0,13.40311961,52.53191657,1,1.0,08 to 12
3,3701554.0,5,8,5,3,0,1,0,1,0,0,0,0,0,0,13.41237557,52.53244548,1,1.0,08 to 12
4,4200308.0,5,9,5,3,1,5,0,0,1,0,0,0,0,0,13.27483265,52.51893147,1,0.0,08 to 12
1,1100309.0,5,20,7,3,5,2,0,1,1,0,0,0,0,0,13.40654206,52.52859626,2,0.5,20 to 24
7,7400927.0,5,14,3,3,0,1,0,0,0,0,1,0,0,0,13.40255755,52.45588638,1,0.0,12 to 16
1,1300835.0,5,6,2,3,5,3,0,0,1,0,0,0,1,1,13.38609059,52.53882158,2,0.0,04 to 08
3,3601245.0,5,10,4,3,5,2,0,1,1,0,0,0,0,0,13.43000056,52.55141721,2,0.5,08 to 12
9,9100304.0,5,16,4,3,2,6,0,0,1,0,0,0,0,0,13.48873188,52.46694825,1,0.0,16 to 20
4,4501045.0,5,20,7,2,5,7,1,1,1,0,0,0,0,0,13.33436689,52.49838641,2,0.5,20 to 24
1,1300836.0,5,12,4,3,5,3,0,0,1,0,0,0,0,0,13.37844524,52.55041214,1,0.0,12 to 16
10,10300731.0,5,11,6,3,5,3,0,1,1,0,0,0,0,0,13.55617293,52.52007293,2,0.5,08 to 12
9,9200715.0,5,15,6,3,5,2,0,1,1,0,0,0,0,0,13.55077014,52.42891823,2,0.5,12 to 16
1,1401043.0,5,13,3,3,3,6,0,0,1,0,1,0,0,0,13.36105838,52.54751077,2,0.0,12 to 16
10,10100311.0,5,13,2,1,5,2,0,1,0,0,0,1,0,0,13.51704636,52.53554744,2,0.5,12 to 16
9,9300920.0,5,17,5,3,0,6,0,1,0,0,0,0,0,0,13.52833779,52.41187295,1,1.0,16 to 20
7,7501135.0,5,18,3,3,5,7,0,0,1,0,0,0,0,0,13.38723674,52.42269838,1,0.0,16 to 20
6,6300527.0,5,11,4,3,3,6,0,1,0,0,0,1,0,0,13.27563878,52.43393852,2,0.5,08 to 12
2,2500834.0,5,18,6,3,1,5,0,1,1,0,0,0,0,0,13.46712413,52.50502768,2,0.5,16 to 20
3,3501038.0,5,14,3,3,5,2,0,1,1,0,0,0,0,0,13.47482593,52.55333311,2,0.5,12 to 16
4,4300620.0,5,17,2,3,0,7,0,1,0,0,0,0,1,0,13.33189201,52.51362092,2,0.5,16 to 20
8,8100314.0,5,8,5,3,5,3,0,1,1,0,0,0,0,0,13.43478301,52.48103958,2,0.5,08 to 12
8,8100415.0,5,18,3,3,3,6,0,1,1,0,0,0,1,0,13.44679148,52.47831608,3,0.3333333333333333,16 to 20
2,2400623.0,5,20,4,3,5,3,1,1,1,0,0,0,0,0,13.42393798,52.51343924,2,0.5,20 to 24
10,10100208.0,5,15,2,3,5,2,0,0,1,0,0,0,0,0,13.55230357,52.55400764,1,0.0,12 to 16
8,8100417.0,5,18,4,3,2,6,0,0,1,0,0,0,0,0,13.45278292,52.47534848,1,0.0,16 to 20
12,12200309.0,5,14,4,3,6,4,0,0,1,1,0,0,0,0,13.32419805,52.56505178,2,0.0,12 to 16
5,5200528.0,5,14,7,3,2,6,0,0,1,0,0,0,1,0,13.16420248,52.51975581,2,0.0,12 to 16
9,9501737.0,5,11,4,3,5,2,0,1,1,0,0,0,0,0,13.61872083,52.45550019,2,0.5,08 to 12
7,7400927.0,5,10,4,3,3,6,0,1,0,0,0,0,1,0,13.38834051,52.4685628,2,0.5,08 to 12