bez,lor_ab_2021,umonat,ustunde,uwochentag,ukategorie,uart,utyp1,ulichtverh,istrad,istpkw,istfuss,istkrad,istgkfz,istsonstige,ustrzustand,xgcswgs84,ygcswgs84,all_acc,perc_bike_acc,rushhours
3,3601141.0,5,0,6,3,0,1,2,1,0,0,0,0,0,0,13.41256155,52.55399227,1,1.0,00 to 04
11,11300721.0,5,15,6,3,2,7,0,1,1,0,0,0,0,0,13.49914099,52.52637856,2,0.5,12 to 16
8,8100105.0,5,19,2,2,6,4,0,0,1,1,0,0,0,0,13.43278275,52.46488549,2,0.0,16 to 20
11,11300826.0,5,15,5,3,5,3,0,1,0,0,0,0,0,0,13.47997628,52.50860134,1,1.0,12 to 16
1,1300732.0,5,17,3,3,2,6,0,0,1,0,0,0,0,0,13.38481971,52.55678294,1,0.0,16 to 20
1,1401047.0,5,9,4,3,5,2,0,0,1,0,0,0,1,0,13.35958094,52.54412,2,0.0,08 to 12
5,5100209.0,5,10,2,3,5,2,0,0,1,0,0,0,0,1,13.18454816,52.54749154,1,0.0,08 to 12
9,9200614.0,5,15,4,2,6,4,0,0,1,1,0,0,0,0,13.53953897,52.45081783,2,0.0,12 to 16
6,6400736.0,5,13,4,3,2,6,0,1,0,0,0,0,0,0,13.20948479,52.41956881,1,1.0,12 to 16
5,5200631.0,5,16,7,3,0,3,0,0,1,0,0,0,1,0,13.19763796,52.51816938,2,0.0,16 to 20
7,7200411.0,5,13,2,3,5,2,0,1,1,0,0,0,0,1,13.35720258,52.48683092,2,0.5,12 to 16
12,12601236.0,5,17,4,3,0,6,0,0,1,1,0,0,0,0,13.34747309,52.59653684,2,0.0,16 to 20
7,7300516.0,5,13,4,3,6,2,0,0,1,1,0,0,0,0,13.32826649,52.46482846,2,0.0,12 to 16
3,3601142.0,5,14,4,3,6,4,0,0,1,1,0,0,0,0,13.4117939,52.54270057,2,0.0,12 to 16
7,7601442.0,5,18,7,3,0,5,0,0,1,0,0,0,1,0,13.39463146,52.41309067,2,0.0,16 to 20
5,5100316.0,5,19,2,3,2,2,0,1,1,0,0,0,0,0,13.20080583,52.53857217,2,0.5,16 to 20
12,12500930.0,5,13,7,3,5,2,0,0,1,0,0,0,0,0,13.33994399,52.58805088,1,0.0,12 to 16
1,1100310.0,5,20,3,2,1,5,1,1,0,0,0,0,1,0,13.41123449,52.52583093,2,0.5,20 to 24
4,4500937.0,5,19,2,3,2,7,0,0,1,0,1,0,0,0,13.29530501,52.49791599,2,0.0,16 to 20
4,4100101.0,5,17,6,3,5,2,0,0,1,0,0,0,0,0,13.30231272,52.54789063,1,0.0,16 to 20
3,3500935.0,5,21,5,3,0,1,0,1,0,0,0,0,0,0,13.45018966,52.54873201,1,1.0,20 to 24
12,12500825.0,5,15,2,3,1,5,0,0,1,0,0,0,0,0,13.30169363,52.58167095,1,0.0,12 to 16
9,9501737.0,5,7,3,2,5,3,0,1,1,0,0,0,0,0,13.63866165,52.44770875,2,0.5,04 to 08
8,8100310.0,5,13,5,3,5,3,0,1,1,0,0,0,0,0,13.43180674,52.4922657,2,0.5,12 to 16
1,1400938.0,5,7,4,3,0,1,0,0,0,0,1,0,0,0,13.34287963,52.53939994,1,0.0,04 to 08
4,4100101.0,5,16,1,3,0,1,0,1,0,0,0,0,0,0,13.32694246,52.53989075,1,1.0,16 to 20
12,12200310.0,5,8,4,2,5,3,0,1,1,0,0,0,0,0,13.31329124,52.57481954,2,0.5,08 to 12
6,6400736.0,5,13,4,3,3,7,0,1,0,0,0,0,0,0,13.20896063,52.41941719,1,1.0,12 to 16
12,12400720.0,5,14,7,3,6,4,0,1,0,1,0,0,0,0,13.29059937,52.62656553,2,0.5,12 to 16
1,1400942.0,5,3,6,2,6,4,2,0,0,1,0,0,1,0,13.34910984,52.54914867,2,0.0,00 to 04
9,9200717.0,5,13,3,3,5,3,0,1,1,0,0,0,0,0,13.5576304,52.44679396,2,0.5,12 to 16
12,12400619.0,5,18,2,3,2,6,0,0,1,0,0,0,0,0,13.25228092,52.59988832,1,0.0,16 to 20
5,5100206.0,5,14,5,2,5,2,0,0,1,0,1,1,0,0,13.1558011,52.5579469,3,0.0,12 to 16
9,9401329.0,5,12,5,2,7,7,0,1,0,0,0,0,0,0,13.63017425,52.42621185,1,1.0,12 to 16
3,3500933.0,5,1,7,2,8,1,2,0,0,0,0,0,1,0,13.46640079,52.55713442,1,0.0,00 to 04
2,2200210.0,5,2,7,3,0,1,2,1,0,0,0,0,0,1,13.40087896,52.49041567,1,1.0,00 to 04
11,11300617.0,5,13,3,3,5,2,0,1,1,0,0,0,0,0,13.46923684,52.53142727,2,0.5,12 to 16
2,2400625.0,5,9,2,3,2,6,0,0,1,0,0,0,0,0,13.44045189,52.50483403,1,0.0,08 to 12
5,5200632.0,5,14,6,3,0,3,0,1,1,0,0,0,0,0,13.20490361,52.53019132,2,0.5,12 to 16
6,6400838.0,5,15,5,2,0,7,0,1,1,0,0,0,0,0,13.23703513,52.4443013,2,0.5,12 to 16
3,3400618.0,5,14,7,3,0,4,0,0,0,1,0,1,0,0,13.37388924,52.5976893,2,0.0,12 to 16
12,12100206.0,5,8,2,3,5,2,0,0,1,0,0,0,0,0,13.3458709,52.57456235,1,0.0,08 to 12
4,4300415.0,5,17,2,3,5,5,0,1,1,0,0,0,0,1,13.28594657,52.50782473,2,0.5,16 to 20
4,4400727.0,5,12,5,3,5,3,0,0,1,0,0,0,0,0,13.29690139,52.48585601,1,0.0,12 to 16
10,10200422.0,5,18,4,3,5,2,0,0,1,0,0,0,0,0,13.60916165,52.53960321,1,0.0,16 to 20
1,1100206.0,5,14,1,3,2,2,0,0,1,0,1,0,0,1,13.38043033,52.51813497,2,0.0,12 to 16
7,7501031.0,5,15,4,1,6,4,0,0,0,1,0,1,0,0,13.39161737,52.45319389,2,0.0,12 to 16
8,8300935.0,5,13,4,3,2,6,0,0,1,0,0,0,0,0,13.45599688,52.42315922,1,0.0,12 to 16
2,2400623.0,5,7,6,3,5,2,0,1,1,0,0,0,0,0,13.42676036,52.51579224,2,0.5,04 to 08
12,12500825.0,5,9,6,3,5,2,0,0,1,0,0,0,0,0,13.30954727,52.58391931,1,0.0,08 to 12
4,4501042.0,5,15,3,3,5,7,0,0,1,0,1,0,0,0,13.33098939,52.50146238,2,0.0,12 to 16
4,4300619.0,5,7,2,3,6,4,0,0,0,1,1,0,0,0,13.31362661,52.52002264,2,0.0,04 to 08
10,10200420.0,5,10,5,3,5,2,0,0,1,0,0,0,0,0,13.60133123,52.53575798,1,0.0,08 to 12
7,7601339.0,5,17,3,3,5,2,0,1,1,0,0,0,0,0,13.35036801,52.41434522,2,0.5,16 to 20
6,6200421.0,5,0,5,3,9,1,2,0,1,0,0,0,0,0,13.31751115,52.43088362,1,0.0,00 to 04
3,3601142.0,5,17,2,3,0,3,0,1,1,0,0,0,0,0,13.40754837,52.54717498,2,0.5,16 to 20
1,1200522.0,5,15,2,2,5,7,0,0,1,0,1,0,0,1,13.33228375,52.52419404,2,0.0,12 to 16
12,12200412.0,5,21,4,2,0,1,2,1,0,0,0,0,0,0,13.30003406,52.57934225,1,1.0,20 to 24
3,3400618.0,5,16,4,3,0,1,0,0,0,0,1,0,0,0,13.36930697,52.59727578,1,0.0,16 to 20
12,12500824.0,5,18,7,3,1,5,0,0,1,0,0,0,0,0,13.30245328,52.60019543,1,0.0,16 to 20
6,6100206.0,5,12,4,3,5,3,0,1,1,0,0,0,0,0,13.33715415,52.44565098,2,0.5,12 to 16
10,10100313.0,5,17,2,3,9,1,0,0,0,0,1,0,0,0,13.56399687,52.54472002,1,0.0,16 to 20
9,9200510.0,5,8,2,3,5,2,0,0,1,0,1,0,0,1,13.51071237,52.46413518,2,0.0,08 to 12
3,3601450.0,5,8,5,3,5,2,0,1,1,0,0,0,0,0,13.45785113,52.52904745,2,0.5,08 to 12
1,1100310.0,5,17,4,3,5,3,0,1,1,0,0,0,0,0,13.40266875,52.5213164,2,0.5,16 to 20
2,2400623.0,5,16,1,3,5,2,0,1,1,0,0,0,0,1,13.43976148,52.51392265,2,0.5,16 to 20
4,4501040.0,5,14,4,2,5,2,0,1,1,0,0,0,0,0,13.311888,52.5005778,2,0.5,12 to 16
11,11200512.0,5,11,6,3,0,7,0,0,1,0,0,0,1,0,13.46787157,52.54616805,2,0.0,08 to 12
3,3500936.0,5,21,6,3,0,1,2,0,0,0,1,0,0,0,13.46361731,52.54992557,1,0.0,20 to 24
11,11400929.0,5,10,3,3,5,3,0,1,1,0,0,0,0,0,13.50033515,52.50497692,2,0.5,08 to 12
7,7501029.0,5,20,2,3,2,6,1,0,1,0,1,0,0,0,13.37566013,52.44355378,2,0.0,20 to 24
7,7400826.0,5,7,5,3,2,6,0,0,1,0,0,0,0,0,13.36484783,52.44867303,1,0.0,04 to 08
12,12500825.0,5,17,3,3,5,3,0,0,0,0,1,1,0,0,13.30394424,52.58124955,2,0.0,16 to 20
1,1100102.0,5,20,4,2,0,1,0,0,0,0,1,0,0,0,13.35096982,52.51148544,1,0.0,20 to 24
9,9200818.0,5,13,2,3,8,1,0,0,0,0,1,0,0,1,13.55876733,52.45008294,1,0.0,12 to 16
9,9501939.0,5,18,4,3,5,2,0,1,0,0,0,0,0,0,13.57427129,52.45277369,1,1.0,16 to 20
5,5200634.0,5,12,4,2,6,4,0,0,1,1,0,0,0,0,13.20877333,52.51068271,2,0.0,12 to 16
3,3701556.0,5,14,4,3,1,5,0,1,1,0,0,0,0,0,13.42017121,52.53392138,2,0.5,12 to 16
5,5100208.0,5,14,7,3,5,2,0,1,1,0,0,0,0,0,13.14870768,52.55430554,2,0.5,12 to 16
5,5200631.0,5,11,4,3,5,2,0,0,1,0,0,0,0,0,13.19781502,52.52104795,1,0.0,08 to 12
1,1200628.0,5,8,4,3,0,6,0,1,0,0,0,1,0,0,13.3672741,52.52568737,2,0.5,08 to 12
8,8100311.0,5,20,6,3,1,5,0,1,1,0,0,0,0,0,13.42964567,52.48639364,2,0.5,20 to 24
1,1300733.0,5,12,6,3,5,2,0,1,0,0,0,1,0,0,13.39150667,52.55549869,2,0.5,12 to 16
8,8200725.0,5,9,6,3,2,2,0,0,1,0,1,1,0,0,13.42895598,52.44262166,3,0.0,08 to 12
6,6400735.0,5,17,6,3,2,5,0,1,1,0,0,0,1,0,13.17814088,52.42147996,3,0.3333333333333333,16 to 20
9,9300920.0,5,13,3,2,5,3,0,0,1,0,1,0,0,0,13.52657385,52.42459335,2,0.0,12 to 16
8,8200623.0,5,17,2,3,1,5,0,1,1,0,0,0,0,0,13.44222147,52.45629452,2,0.5,16 to 20
10,10400835.0,5,16,5,3,0,5,0,0,1,0,0,0,1,0,13.60832296,52.51721375,2,0.0,16 to 20
8,8401139.0,5,16,3,3,2,6,0,0,1,0,1,0,0,0,13.46533504,52.43341855,2,0.0,16 to 20
2,2100102.0,5,10,4,3,5,3,0,1,1,0,0,0,0,0,13.39055058,52.49930278,2,0.5,08 to 12
3,3200309.0,5,12,2,2,5,2,0,1,1,0,0,0,0,1,13.43372632,52.61234134,2,0.5,12 to 16
1,1300835.0,5,16,4,3,5,2,0,1,0,0,0,0,1,0,13.39114127,52.53621262,2,0.5,16 to 20
8,8100520.0,5,14,4,3,2,6,0,0,1,0,0,1,0,0,13.46416558,52.4701046,2,0.0,12 to 16
12,12200309.0,5,17,7,3,8,1,0,0,1,0,0,0,0,0,13.31489246,52.56729798,1,0.0,16 to 20
2,2100102.0,5,17,2,2,5,3,0,1,1,0,0,0,0,0,13.39461164,52.50455959,2,0.5,16 to 20
1,1100309.0,5,13,7,3,1,5,0,0,1,0,1,0,0,0,13.40287673,52.52425143,2,0.0,12 to 16
6,6400842.0,5,19,3,3,5,3,0,0,1,0,0,0,0,0,13.26771606,52.44589857,1,0.0,16 to 20
12,12200515.0,5,16,2,3,6,7,0,1,0,1,0,0,0,0,13.27812299,52.58838468,2,0.5,16 to 20
1,1401046.0,5,15,6,2,5,2,0,0,1,0,0,0,0,0,13.34954529,52.54211124,1,0.0,12 to 16
3,3701554.0,5,18,5,3,1,5,0,1,1,0,0,0,0,0,13.41084214,52.539644,2,0.5,16 to 20
1,1100313.0,5,15,2,3,2,6,0,0,0,0,1,0,1,0,13.42386443,52.50904288,2,0.0,12 to 16
3,3400826.0,5,16,2,3,4,6,0,1,0,0,0,0,1,0,13.40319346,52.55971336,2,0.5,16 to 20
10,10100311.0,5,13,5,3,5,2,0,0,1,0,1,0,0,0,13.53401058,52.53823726,2,0.0,12 to 16
1,1200628.0,5,19,4,3,6,4,0,0,1,1,0,0,0,0,13.36671629,52.52573993,2,0.0,16 to 20
6,6200316.0,5,0,1,3,0,1,2,1,0,0,0,0,0,0,13.35481223,52.42897349,1,1.0,00 to 04
10,10100312.0,5,6,4,3,5,2,0,1,1,0,0,0,0,0,13.54012811,52.52566473,2,0.5,04 to 08
7,7100102.0,5,18,3,3,2,2,0,1,1,0,0,0,0,0,13.34637122,52.49596975,2,0.5,16 to 20
6,6200421.0,5,15,2,3,5,2,0,1,1,0,0,0,0,0,13.31228892,52.4303465,2,0.5,12 to 16
6,6300634.0,5,7,3,3,5,2,0,0,1,0,0,0,1,0,13.29814751,52.44164925,2,0.0,04 to 08
11,11300724.0,5,14,5,3,5,2,0,1,1,0,0,0,0,0,13.49177613,52.51172666,2,0.5,12 to 16
3,3300514.0,5,9,4,2,5,3,0,1,1,0,0,0,0,0,13.46215852,52.59407468,2,0.5,08 to 12
1,1100104.0,5,8,2,3,0,2,0,0,1,0,0,0,1,1,13.36729918,52.50456576,2,0.0,08 to 12
1,1401048.0,5,10,4,3,2,3,0,0,0,0,1,0,1,0,13.3603865,52.55349389,2,0.0,08 to 12
2,2300316.0,5,16,7,3,5,2,0,1,1,0,0,0,0,0,13.43220585,52.5056545,2,0.5,16 to 20
5,5100314.0,5,14,7,3,3,6,0,0,1,0,1,0,0,0,13.2057272,52.54168178,2,0.0,12 to 16
2,2200210.0,5,16,3,2,0,7,0,1,0,0,0,0,0,0,13.39239893,52.49710355,1,1.0,16 to 20
2,2500833.0,5,15,2,3,2,6,0,1,0,0,1,0,0,0,13.45227722,52.51064275,2,0.5,12 to 16
5,5100317.0,5,14,6,2,5,3,0,1,1,0,0,0,0,0,13.23208835,52.52960874,2,0.5,12 to 16
9,9501736.0,5,14,5,3,0,3,0,1,0,0,0,0,1,0,13.61373659,52.45443365,2,0.5,12 to 16
3,3200206.0,5,11,7,2,0,7,0,0,0,0,1,0,0,0,13.39614301,52.58059441,1,0.0,08 to 12
7,7501030.0,5,13,2,2,2,6,0,0,1,0,0,0,0,0,13.38104727,52.44374492,1,0.0,12 to 16
7,7601442.0,5,17,2,3,2,6,1,0,1,0,0,0,0,0,13.40074475,52.41500621,1,0.0,16 to 20
9,9100101.0,5,12,5,3,5,2,0,1,0,0,0,1,0,0,13.45420072,52.49387308,2,0.5,12 to 16
3,3601142.0,5,15,4,3,5,2,0,1,1,0,0,0,0,0,13.4046113,52.54058996,2,0.5,12 to 16
12,12100102.0,5,7,1,3,1,5,0,1,1,0,0,0,0,0,13.37911135,52.56873097,2,0.5,04 to 08
6,6100208.0,5,16,4,3,0,3,0,1,1,0,0,0,0,0,13.33623134,52.4530596,2,0.5,16 to 20
12,12601032.0,5,15,6,3,5,3,0,0,1,0,1,0,0,0,13.32205773,52.60747927,2,0.0,12 to 16
12,12601236.0,5,18,6,3,5,3,0,0,1,0,0,0,0,0,13.33922869,52.59583216,1,0.0,16 to 20
1,1100310.0,5,10,3,3,2,6,0,0,1,0,1,0,0,0,13.40908987,52.52284514,2,0.0,08 to 12
10,10400836.0,5,13,2,2,0,1,0,1,0,0,0,0,0,0,13.58715721,52.51167576,1,1.0,12 to 16
1,1100313.0,5,21,5,3,5,2,1,1,0,0,1,0,0,0,13.41735389,52.5107735,2,0.5,20 to 24
3,3500933.0,5,10,7,3,5,2,0,0,1,0,0,0,0,0,13.46678176,52.55704436,1,0.0,08 to 12
12,12100204.0,5,12,6,3,5,2,0,0,1,0,0,0,1,0,13.35256548,52.56439179,2,0.0,12 to 16
11,11400929.0,5,13,3,3,2,6,0,0,1,0,1,0,0,0,13.49538359,52.50513596,2,0.0,12 to 16
6,6200423.0,5,13,2,3,5,3,0,0,1,0,0,0,0,0,13.31782981,52.41448585,1,0.0,12 to 16
4,4300622.0,5,10,5,3,3,6,0,0,1,0,1,0,0,0,13.32076149,52.51344169,2,0.0,08 to 12
1,1100309.0,5,10,5,3,4,7,0,0,1,0,0,0,0,0,13.39208231,52.52817719,1,0.0,08 to 12
2,2300419.0,5,20,7,3,0,4,0,1,0,1,0,0,0,0,13.44838028,52.49754068,2,0.5,20 to 24
3,3601245.0,5,13,2,3,5,2,0,1,1,0,0,0,0,0,13.43042543,52.55124809,2,0.5,12 to 16
8,8200624.0,5,7,2,3,5,3,0,1,1,0,0,0,0,1,13.42506544,52.45797429,2,0.5,04 to 08
5,5100104.0,5,14,5,3,5,3,0,0,1,0,0,0,0,0,13.2177409,52.56038548,1,0.0,12 to 16
12,12200309.0,5,16,4,3,2,6,0,0,1,0,0,0,0,0,13.32960284,52.56323421,1,0.0,16 to 20
12,12500929.0,5,8,7,3,0,1,0,0,0,0,1,0,0,1,13.33987616,52.61701377,1,0.0,08 to 12
1,1200517.0,5,13,4,3,0,6,0,0,1,0,1,0,0,0,13.33005602,52.53926473,2,0.0,12 to 16
3,3400721.0,5,18,3,3,6,7,0,0,1,1,0,0,0,0,13.3983669,52.5647025,2,0.0,16 to 20
12,12100102.0,5,11,6,3,1,5,0,0,1,0,0,0,0,0,13.36318468,52.56740892,1,0.0,08 to 12
4,4501042.0,5,20,6,3,5,2,0,1,1,0,0,0,0,0,13.32525181,52.50252788,2,0.5,20 to 24
6,6400844.0,5,9,3,2,5,2,0,1,1,0,0,0,0,0,13.27229089,52.45342229,2,0.5,08 to 12
11,11200410.0,5,13,2,2,6,7,0,0,1,1,0,0,0,0,13.51208474,52.55479845,2,0.0,12 to 16
8,8401243.0,5,18,5,3,5,3,0,1,1,0,0,0,0,0,13.49571177,52.43190521,2,0.5,16 to 20
1,1100309.0,5,16,3,3,0,1,0,1,0,0,0,0,0,0,13.39965133,52.52366618,1,1.0,16 to 20
1,1200522.0,5,11,4,3,1,7,0,0,1,0,0,0,0,0,13.33052546,52.51922477,1,0.0,08 to 12
8,8200624.0,5,13,2,2,5,3,0,0,1,0,1,0,0,1,13.43456256,52.45089794,2,0.0,12 to 16
12,12100101.0,5,17,4,3,6,4,0,0,1,1,0,0,0,0,13.37343317,52.56242163,2,0.0,16 to 20
6,6400842.0,5,14,4,3,5,2,0,1,1,0,0,0,0,0,13.26969084,52.44936758,2,0.5,12 to 16
10,10400836.0,5,15,3,3,5,3,0,0,1,0,0,0,0,0,13.58809129,52.50757196,1,0.0,12 to 16
7,7100102.0,5,7,4,3,5,2,0,1,0,0,0,0,1,0,13.34628182,52.50124026,2,0.5,04 to 08
2,2400522.0,5,14,2,3,6,4,0,1,0,1,0,0,0,0,13.44531363,52.5177426,2,0.5,12 to 16
3,3200309.0,5,18,4,2,3,2,0,1,1,0,0,0,0,0,13.43346035,52.6076512,2,0.5,16 to 20
3,3601243.0,5,16,4,3,1,5,0,1,1,0,0,0,0,0,13.42106276,52.55318303,2,0.5,16 to 20
8,8401245.0,5,18,7,3,5,3,0,1,1,0,0,0,0,0,13.50602822,52.4032399,2,0.5,16 to 20
10,10400940.0,5,11,4,3,2,6,0,0,1,0,0,0,0,0,13.61305794,52.50038832,1,0.0,08 to 12
10,10300731.0,5,4,6,3,5,3,1,1,1,0,0,0,0,0,13.55805091,52.52968794,2,0.5,04 to 08
3,3601243.0,5,14,6,3,2,6,0,0,1,0,0,0,0,0,13.41500129,52.55384058,1,0.0,12 to 16
9,9200818.0,5,8,3,3,2,6,0,0,1,0,0,0,0,0,13.55908534,52.44850996,1,0.0,08 to 12
4,4300414.0,5,13,2,3,5,3,0,1,1,0,0,0,0,0,13.29363248,52.5118566,2,0.5,12 to 16
1,1100312.0,5,15,5,3,1,5,0,0,1,0,0,0,0,0,13.41733401,52.51277021,1,0.0,12 to 16
1,1200522.0,5,15,3,3,5,2,0,1,1,0,0,0,0,0,13.32960721,52.5237934,2,0.5,12 to 16
5,5400943.0,5,10,4,3,1,5,0,0,1,0,1,0,0,0,13.13739084,52.45228715,2,0.0,08 to 12
10,10200421.0,5,11,2,3,0,2,0,0,0,1,0,0,1,1,13.60415803,52.53865274,2,0.0,08 to 12
5,5100208.0,5,18,4,3,5,2,0,0,1,0,0,0,0,0,13.16537051,52.55114579,1,0.0,16 to 20
8,8100417.0,5,17,7,3,5,2,0,1,1,0,0,0,0,0,13.45493352,52.47260981,2,0.5,16 to 20
7,7601443.0,5,10,7,3,1,5,0,1,1,0,0,0,0,0,13.4085559,52.40152183,2,0.5,08 to 12
8,8100416.0,5,17,3,3,6,4,0,0,1,1,0,0,0,0,13.44520155,52.47408054,2,0.0,16 to 20
8,8401246.0,5,12,2,2,9,1,0,0,1,0,0,0,0,0,13.49971658,52.41738403,1,0.0,12 to 16
5,5100101.0,5,14,6,3,1,5,0,1,1,0,0,0,0,0,13.20327509,52.56544556,2,0.5,12 to 16
1,1100205.0,5,19,7,3,2,2,0,0,1,0,0,0,1,0,13.38414554,52.51008824,2,0.0,16 to 20
1,1300732.0,5,10,2,3,6,7,0,0,0,1,0,0,1,0,13.39265607,52.56414633,2,0.0,08 to 12
5,5100211.0,5,13,7,3,2,6,0,0,1,0,0,0,0,0,13.17776036,52.54878122,1,0.0,12 to 16
1,1400938.0,5,20,3,3,5,2,1,1,1,0,0,0,0,0,13.33652202,52.54212795,2,0.5,20 to 24
9,9501941.0,5,16,1,3,0,6,0,1,0,0,0,0,0,0,13.59339779,52.4523632,1,1.0,16 to 20
4,4500936.0,5,18,6,2,0,1,0,0,0,0,1,0,0,0,13.30667933,52.50101924,1,0.0,16 to 20
6,6100207.0,5,23,5,3,1,5,2,1,1,0,0,0,0,0,13.32599954,52.45527382,2,0.5,20 to 24
6,6100209.0,5,16,1,3,2,6,0,1,1,0,0,0,0,0,13.33900412,52.45862309,2,0.5,16 to 20
2,2500728.0,5,7,3,3,5,2,0,1,1,0,0,0,0,0,13.46286048,52.51503385,2,0.5,04 to 08
4,4501148.0,5,13,5,3,5,2,0,1,1,0,0,0,0,0,13.31400596,52.48090873,2,0.5,12 to 16
9,9200512.0,5,8,4,3,1,5,0,1,1,0,0,0,0,0,13.54878513,52.45712537,2,0.5,08 to 12
12,12200307.0,5,8,2,3,1,7,0,1,1,0,0,0,0,1,13.33270733,52.57706204,2,0.5,08 to 12
3,3100102.0,5,8,4,2,6,4,0,0,0,1,1,0,0,0,13.51410924,52.6412272,2,0.0,08 to 12
3,3400723.0,5,14,7,2,5,2,0,1,1,0,0,0,0,0,13.42631513,52.57594695,2,0.5,12 to 16
8,8100417.0,5,9,6,3,2,2,0,0,1,0,0,0,0,0,13.45581399,52.47388721,1,0.0,08 to 12
2,2100102.0,5,15,3,3,5,2,0,0,1,0,1,0,0,0,13.39822379,52.50709456,2,0.0,12 to 16
10,10200630.0,5,14,1,3,0,7,0,1,1,0,0,0,0,0,13.59257001,52.52280723,2,0.5,12 to 16
3,3500935.0,5,12,6,2,0,5,0,0,0,0,0,0,1,0,13.44287372,52.55104447,1,0.0,12 to 16
9,9100409.0,5,12,5,2,5,7,0,0,1,0,1,0,0,0,13.5293363,52.44359777,2,0.0,12 to 16
6,6300526.0,5,6,7,2,8,1,0,0,1,0,0,0,0,0,13.25918817,52.43255766,1,0.0,04 to 08
1,1100309.0,5,21,1,3,0,1,2,1,0,0,0,0,0,0,13.40312437,52.52463826,1,1.0,20 to 24
4,4501041.0,5,16,2,3,2,2,0,0,1,0,0,0,0,1,13.32000703,52.50160937,1,0.0,16 to 20
3,3701555.0,5,9,5,3,0,3,0,0,1,0,1,0,0,0,13.42285835,52.53722854,2,0.0,08 to 12
12,12400723.0,5,15,4,3,6,4,0,0,1,1,0,0,0,0,13.30823435,52.61827705,2,0.0,12 to 16
1,1100415.0,5,16,5,3,5,3,0,0,1,0,0,0,1,0,13.39887891,52.53265984,2,0.0,16 to 20
11,11200515.0,5,19,7,3,1,5,0,1,0,0,0,0,1,0,13.50705945,52.53583892,2,0.5,16 to 20
2,2400624.0,5,20,1,3,5,3,1,1,1,0,0,0,0,0,13.44663681,52.51128694,2,0.5,20 to 24
8,8100104.0,5,17,2,3,2,6,0,0,1,0,1,0,0,1,13.42893026,52.4718919,2,0.0,16 to 20
6,6100207.0,5,12,5,3,6,4,0,0,1,1,0,0,0,0,13.32378935,52.44535812,2,0.0,12 to 16
1,1200626.0,5,19,4,3,5,3,0,1,0,0,1,0,0,0,13.34665523,52.52491136,2,0.5,16 to 20
8,8401243.0,5,14,1,3,5,3,0,0,1,0,0,0,0,1,13.49070873,52.42294019,1,0.0,12 to 16
11,11501238.0,5,4,4,3,5,3,1,0,1,0,0,0,0,0,13.4700199,52.502316,1,0.0,04 to 08
3,3300516.0,5,12,6,3,2,6,0,0,1,0,0,0,0,0,13.44340876,52.57159527,1,0.0,12 to 16
12,12400722.0,5,11,6,3,2,6,0,0,1,0,0,0,0,0,13.29509278,52.61013151,1,0.0,08 to 12
4,4200308.0,5,13,3,3,2,6,0,0,1,0,0,1,0,0,13.28059017,52.51850474,2,0.0,12 to 16
7,7300517.0,5,20,1,3,5,2,1,1,1,0,0,0,0,0,13.3324631,52.46893722,2,0.5,20 to 24
11,11100309.0,5,16,5,3,3,2,0,0,1,0,0,0,0,0,13.50897002,52.56457943,1,0.0,16 to 20
4,4400728.0,5,8,5,3,1,5,0,1,1,0,0,0,0,0,13.26386286,52.48580131,2,0.5,08 to 12
7,7400928.0,5,20,1,2,2,6,0,0,1,0,0,0,0,0,13.41766136,52.46038435,1,0.0,20 to 24
5,5300840.0,5,6,2,3,0,6,0,0,1,0,1,0,0,1,13.24813412,52.53801404,2,0.0,04 to 08
8,8100314.0,5,16,4,3,6,7,0,0,0,1,0,0,1,0,13.42458417,52.48652387,2,0.0,16 to 20
5,5300736.0,5,16,4,3,2,6,0,0,1,0,0,0,1,0,13.22809173,52.53794089,2,0.0,16 to 20
5,5200420.0,5,20,7,3,9,2,1,0,1,0,0,0,0,0,13.1571731,52.53524304,1,0.0,20 to 24
7,7501029.0,5,12,4,3,5,3,0,0,1,0,1,0,0,0,13.37127685,52.43648274,2,0.0,12 to 16
6,6400838.0,5,10,6,2,2,7,0,0,1,0,1,0,0,0,13.25018548,52.45517918,2,0.0,08 to 12
1,1400942.0,5,17,6,3,5,3,0,1,1,0,0,0,0,0,13.34536566,52.54677317,2,0.5,16 to 20
8,8300934.0,5,13,3,3,5,3,0,1,1,0,0,0,0,0,13.4615865,52.43098123,2,0.5,12 to 16
9,9200511.0,5,16,1,2,6,4,0,0,1,1,0,0,0,0,13.51675482,52.4643291,2,0.0,16 to 20
5,5100316.0,5,15,4,3,5,3,0,1,1,0,0,0,0,0,13.20380232,52.54089474,2,0.5,12 to 16
1,1100416.0,5,11,6,3,3,6,0,1,0,0,0,0,1,0,13.40674495,52.53570234,2,0.5,08 to 12
6,6400844.0,5,17,6,3,5,3,0,1,1,0,1,0,0,0,13.2966499,52.4644027,3,0.3333333333333333,16 to 20