bez,lor_ab_2021,umonat,ustunde,uwochentag,ukategorie,uart,utyp1,ulichtverh,istrad,istpkw,istfuss,istkrad,istgkfz,istsonstige,ustrzustand,xgcswgs84,ygcswgs84,all_acc,perc_bike_acc,rushhours
9,9100203.0,5,10,3,3,5,3,0,1,1,0,0,0,0,0,13.48336543,52.48002614,2,0.5,08 to 12
2,2400521.0,5,17,1,3,5,2,0,1,1,0,0,0,0,0,13.44061195,52.51702494,2,0.5,16 to 20
12,12500825.0,5,7,5,3,5,3,0,0,1,0,0,0,0,0,13.30564405,52.58338154,1,0.0,04 to 08
11,11501339.0,5,15,3,3,5,3,0,0,1,0,1,0,0,0,13.52512752,52.48669273,2,0.0,12 to 16
7,7501029.0,5,22,4,3,5,7,2,0,1,0,1,0,0,0,13.38160615,52.4400688,2,0.0,20 to 24
11,11100102.0,5,13,2,3,5,2,0,1,1,0,0,0,0,1,13.56440211,52.57231036,2,0.5,12 to 16
1,1200628.0,5,18,4,3,2,6,0,0,1,0,0,0,0,0,13.3661013,52.52555211,1,0.0,16 to 20
5,5200423.0,5,16,3,2,5,2,0,0,1,0,1,0,0,0,13.14157453,52.53249757,2,0.0,16 to 20
2,2300418.0,5,14,4,3,0,1,0,1,0,0,0,0,0,0,13.43324536,52.4969479,1,1.0,12 to 16
8,8100102.0,5,14,7,3,2,7,0,1,1,0,0,0,0,0,13.42534855,52.47989394,2,0.5,12 to 16
4,4200308.0,5,11,4,3,2,6,0,0,1,0,0,0,0,0,13.24971918,52.52389633,1,0.0,08 to 12
2,2500726.0,5,13,3,3,2,3,0,0,1,0,0,0,1,0,13.44931503,52.52439491,2,0.0,12 to 16
6,6300630.0,5,22,6,3,8,1,2,0,0,0,1,0,0,0,13.31609982,52.4345758,1,0.0,20 to 24
7,7200414.0,5,12,6,3,1,5,0,1,1,0,0,0,0,0,13.36429924,52.48509844,2,0.5,12 to 16
4,4300416.0,5,17,1,3,1,5,0,1,1,0,0,0,0,0,13.30089675,52.50508415,2,0.5,16 to 20
3,3400620.0,5,15,5,2,5,2,0,1,1,0,0,0,0,0,13.39744114,52.57128353,2,0.5,12 to 16
10,10300731.0,5,9,4,3,3,6,0,0,0,0,0,0,1,0,13.5598008,52.53408399,1,0.0,08 to 12
1,1400938.0,6,19,2,3,5,3,0,1,1,0,0,0,0,0,13.33922994,52.55043029,2,0.5,16 to 20
7,7400823.0,6,22,2,3,0,2,1,0,1,0,1,0,0,0,13.378187,52.46629538,2,0.0,20 to 24
5,5300737.0,6,10,7,3,6,7,0,1,0,1,0,0,0,0,13.24038189,52.54676663,2,0.5,08 to 12
7,7601341.0,6,14,6,2,5,2,0,1,1,0,0,0,0,0,13.37610845,52.40912719,2,0.5,12 to 16
12,12400618.0,6,13,4,3,2,6,0,1,1,0,0,0,0,0,13.24315448,52.62041445,2,0.5,12 to 16
7,7501032.0,6,20,7,3,8,1,0,0,1,0,0,0,0,0,13.41472874,52.4516632,1,0.0,20 to 24
8,8200726.0,6,14,6,3,2,2,0,0,1,0,1,0,0,0,13.43357537,52.44417328,2,0.0,12 to 16
2,2400521.0,6,11,6,3,5,2,0,1,1,0,0,0,0,0,13.42935225,52.5212463,2,0.5,08 to 12
11,11501238.0,6,16,3,3,3,6,0,1,1,0,0,0,0,0,13.47473099,52.50159407,2,0.5,16 to 20
6,6400844.0,6,15,2,2,5,2,0,0,1,0,0,0,0,0,13.27495542,52.46039576,1,0.0,12 to 16
11,11300721.0,6,11,6,3,5,2,0,1,0,0,0,1,0,0,13.5146778,52.53517475,2,0.5,08 to 12
10,10100312.0,6,11,2,2,3,6,0,0,1,0,0,1,0,0,13.53792391,52.52565113,2,0.0,08 to 12
1,1100416.0,6,15,2,3,1,5,0,1,1,0,0,0,0,0,13.40222663,52.53091288,2,0.5,12 to 16
4,4501152.0,6,23,6,3,0,1,2,0,0,0,0,0,1,1,13.33362312,52.49332421,1,0.0,20 to 24
12,12601236.0,6,17,5,3,0,7,0,0,1,0,0,0,0,1,13.33935148,52.59573952,1,0.0,16 to 20
10,10200422.0,6,16,1,3,0,7,0,0,0,0,0,0,1,0,13.60839991,52.53954252,1,0.0,16 to 20
12,12400618.0,6,14,2,3,0,7,0,1,0,0,0,0,0,0,13.24395014,52.62081426,1,1.0,12 to 16
9,9301126.0,6,14,6,3,2,7,0,1,1,0,0,0,0,1,13.58330938,52.41375322,2,0.5,12 to 16
7,7400823.0,6,22,6,3,5,2,2,0,1,0,0,0,0,1,13.37205349,52.4698264,1,0.0,20 to 24
3,3601141.0,6,6,4,3,5,3,0,1,0,0,0,0,1,0,13.41034552,52.55072518,2,0.5,04 to 08
1,1200628.0,6,21,6,3,5,3,2,1,1,0,0,0,0,0,13.36834634,52.52581202,2,0.5,20 to 24
3,3300413.0,6,10,3,3,5,3,0,0,1,0,0,0,0,0,13.4710825,52.60141762,1,0.0,08 to 12
9,9200715.0,6,21,6,3,5,3,1,0,1,0,0,0,1,0,13.52237128,52.42829536,2,0.0,20 to 24
5,5100209.0,6,13,6,2,5,2,0,0,1,0,0,0,0,0,13.18459601,52.54751928,1,0.0,12 to 16
2,2200212.0,6,8,3,3,5,3,0,1,0,0,0,0,0,0,13.41540549,52.48998454,1,1.0,08 to 12
7,7400824.0,6,11,6,3,2,6,0,0,1,0,0,0,0,0,13.38294162,52.46596656,1,0.0,08 to 12
8,8300934.0,6,15,2,3,0,7,0,1,1,0,0,0,1,0,13.46542317,52.42946228,3,0.3333333333333333,12 to 16
12,12400619.0,6,12,2,3,3,6,0,1,0,0,0,0,0,0,13.27490603,52.58163219,1,1.0,12 to 16
5,5100209.0,6,10,6,3,1,7,0,0,1,0,0,0,0,0,13.18187283,52.54838529,1,0.0,08 to 12
6,6300634.0,6,17,4,3,5,3,0,1,1,0,0,0,0,0,13.29553542,52.44095543,2,0.5,16 to 20
3,3500936.0,6,16,5,3,1,5,0,1,1,0,0,0,0,0,13.46058377,52.54611793,2,0.5,16 to 20
11,11501341.0,6,17,1,3,5,3,0,0,1,0,0,0,0,0,13.52528625,52.48020885,1,0.0,16 to 20
3,3501037.0,6,13,2,3,5,3,0,1,1,0,0,0,0,0,13.46096452,52.56432119,2,0.5,12 to 16
3,3701660.0,6,20,6,3,1,5,1,0,1,0,1,0,0,0,13.43476798,52.53416612,2,0.0,20 to 24
8,8100312.0,6,13,6,3,1,5,0,1,1,0,0,0,0,0,13.43264639,52.48516508,2,0.5,12 to 16
5,5300737.0,6,10,4,3,2,6,0,0,1,0,0,0,0,0,13.23589205,52.53887826,1,0.0,08 to 12
8,8100418.0,6,9,6,3,1,5,0,1,1,0,0,0,0,1,13.44189942,52.48142848,2,0.5,08 to 12
10,10400938.0,6,8,3,3,5,3,0,1,0,0,0,0,1,0,13.61884448,52.51844436,2,0.5,08 to 12
4,4300623.0,6,20,6,3,0,2,0,1,1,0,0,0,0,0,13.31425913,52.50886416,2,0.5,20 to 24
8,8401242.0,6,9,2,3,5,3,0,0,1,0,0,0,0,0,13.48708961,52.42289707,1,0.0,08 to 12
11,11200411.0,6,13,2,3,5,3,0,0,0,0,1,0,1,0,13.50006332,52.54805076,2,0.0,12 to 16
7,7501031.0,6,10,7,3,6,2,0,0,1,1,0,0,0,0,13.40344845,52.44807942,2,0.0,08 to 12
5,4200308.0,6,12,6,3,2,6,0,0,1,0,0,0,0,0,13.24773678,52.52448076,1,0.0,12 to 16
8,8200624.0,6,15,4,3,0,3,0,1,1,0,0,0,0,0,13.42589847,52.45836773,2,0.5,12 to 16
2,2100106.0,6,22,7,3,6,4,2,0,0,1,0,0,1,0,13.41705994,52.49881802,2,0.0,20 to 24
5,5100101.0,6,12,2,3,2,6,0,1,1,0,0,0,0,0,13.20844854,52.58223939,2,0.5,12 to 16
1,1400942.0,6,18,6,3,2,6,0,0,1,0,0,0,0,0,13.34935828,52.54927769,1,0.0,16 to 20
8,8100209.0,6,10,2,3,5,2,0,0,1,0,0,0,0,0,13.44737557,52.46430202,1,0.0,08 to 12
10,10400835.0,6,12,2,3,5,3,0,1,1,0,0,0,0,0,13.59774783,52.52454655,2,0.5,12 to 16
5,5200629.0,6,19,6,3,5,3,0,1,1,0,0,0,0,0,13.19625383,52.53151182,2,0.5,16 to 20
8,8401241.0,6,16,4,3,6,4,0,0,1,1,0,0,0,0,13.48460595,52.4321246,2,0.0,16 to 20
11,11100204.0,6,12,5,3,6,4,0,0,1,1,0,0,0,0,13.51883553,52.56295795,2,0.0,12 to 16
3,3601449.0,6,17,1,3,3,6,0,0,1,0,1,0,0,0,13.44905484,52.53681688,2,0.0,16 to 20
1,1300733.0,6,11,2,3,2,6,0,0,1,0,0,0,0,0,13.38472238,52.55599487,1,0.0,08 to 12
2,2100102.0,6,12,6,3,5,3,0,1,1,0,0,0,0,0,13.3910123,52.5041871,2,0.5,12 to 16
3,3701555.0,6,8,6,3,0,1,0,0,0,0,1,0,0,1,13.41922892,52.53823881,1,0.0,08 to 12
4,4501148.0,6,8,4,3,5,2,0,0,1,0,0,0,1,0,13.31281342,52.48040105,2,0.0,08 to 12
9,9401329.0,6,8,6,2,5,3,0,0,1,0,0,0,0,0,13.5819927,52.4388816,1,0.0,08 to 12
7,7100205.0,6,15,3,2,4,6,0,0,0,0,0,0,1,0,13.36784237,52.49332043,1,0.0,12 to 16
6,6100205.0,6,7,6,2,1,5,0,1,1,0,0,0,0,1,13.34401319,52.44805853,2,0.5,04 to 08
9,9200613.0,6,20,2,3,5,2,0,1,0,0,0,0,1,0,13.51416826,52.45519098,2,0.5,20 to 24
9,9401330.0,6,10,2,3,0,1,0,1,0,0,0,0,0,0,13.58866946,52.41946195,1,1.0,08 to 12
12,12500929.0,6,9,7,2,5,3,0,1,1,0,0,0,0,0,13.33775488,52.61146385,2,0.5,08 to 12
9,9501737.0,6,7,6,3,0,1,0,1,0,0,0,0,0,1,13.61836761,52.45546809,1,1.0,04 to 08
6,6400737.0,6,14,4,3,5,3,0,0,1,0,0,0,0,0,13.21208951,52.43405484,1,0.0,12 to 16
4,4501041.0,6,23,7,3,5,7,2,0,1,0,0,0,0,0,13.31504163,52.50096874,1,0.0,20 to 24
1,1100205.0,6,7,6,3,5,3,0,1,1,0,0,0,0,1,13.3767167,52.51079155,2,0.5,04 to 08
2,2300419.0,6,18,6,3,2,6,0,1,1,0,0,0,0,1,13.44284071,52.50060483,2,0.5,16 to 20
4,4501042.0,6,18,3,3,5,2,0,1,1,0,0,0,0,0,13.32524127,52.50245072,2,0.5,16 to 20
9,9401329.0,6,10,2,3,0,2,0,1,1,0,0,0,0,0,13.59688811,52.43696393,2,0.5,08 to 12
3,3300516.0,6,16,6,3,2,2,0,0,1,0,0,0,1,0,13.43963691,52.56797371,2,0.0,16 to 20
7,7200414.0,6,23,2,3,0,1,2,1,0,0,0,0,0,0,13.37349772,52.48651115,1,1.0,20 to 24
3,3500935.0,6,7,6,3,0,1,0,0,0,0,1,0,0,1,13.44945313,52.55115559,1,0.0,04 to 08
9,9501737.0,6,19,3,2,3,6,0,1,0,0,0,0,0,0,13.63507633,52.45570429,1,1.0,16 to 20
6,6300527.0,6,7,5,3,0,3,0,1,0,0,0,0,0,0,13.27379365,52.43580421,1,1.0,04 to 08
3,3601243.0,6,13,3,3,5,3,0,0,1,0,0,0,1,0,13.42080768,52.54878771,2,0.0,12 to 16
10,10200526.0,6,17,5,3,0,1,0,0,1,0,0,0,0,0,13.6060541,52.52955676,1,0.0,16 to 20
12,12100205.0,6,17,2,3,5,3,0,0,1,0,0,0,0,0,13.34798628,52.57848329,1,0.0,16 to 20
4,4300622.0,6,10,2,3,5,7,0,0,1,0,1,0,0,0,13.33072973,52.5097221,2,0.0,08 to 12
3,3500934.0,6,15,7,3,5,2,0,0,0,0,1,0,1,0,13.44272143,52.55111525,2,0.0,12 to 16
4,4501042.0,6,14,5,3,1,5,0,0,1,0,0,0,1,0,13.3333443,52.5058227,2,0.0,12 to 16
12,12100101.0,6,13,4,3,2,6,0,0,1,0,0,0,1,0,13.37138829,52.56074032,2,0.0,12 to 16
7,7100205.0,6,18,7,3,5,2,0,1,1,0,0,0,0,1,13.36121034,52.49422976,2,0.5,16 to 20
4,4500937.0,6,16,5,3,0,5,0,0,1,0,0,0,0,0,13.29002807,52.49438524,1,0.0,16 to 20
7,7501029.0,6,15,3,3,2,6,0,0,1,0,1,0,0,0,13.37268138,52.44611832,2,0.0,12 to 16
1,1401043.0,6,21,2,3,5,3,1,1,1,0,0,0,0,0,13.36165675,52.54789,2,0.5,20 to 24
4,4300621.0,6,8,5,3,2,6,0,0,1,0,0,0,1,0,13.30741357,52.51349401,2,0.0,08 to 12
3,3300515.0,6,15,2,3,5,2,0,0,1,0,1,0,0,0,13.44866339,52.5848131,2,0.0,12 to 16
1,1401045.0,6,5,2,2,0,1,0,0,0,0,1,0,0,0,13.37843943,52.55315229,1,0.0,04 to 08
2,2400624.0,6,16,5,3,5,3,0,1,1,0,0,0,0,1,13.44990328,52.51299985,2,0.5,16 to 20
1,1100416.0,6,17,5,3,5,3,0,1,1,0,0,0,0,1,13.40424984,52.53316231,2,0.5,16 to 20
1,1100103.0,6,13,1,3,5,3,0,1,1,0,0,0,0,0,13.36059687,52.50035594,2,0.5,12 to 16
4,4100101.0,6,20,2,3,3,6,0,1,1,0,0,0,0,0,13.3189687,52.54625409,2,0.5,20 to 24
2,2300314.0,6,23,5,3,1,5,2,0,0,0,1,0,0,1,13.41875642,52.5037757,1,0.0,20 to 24
1,1100102.0,6,19,2,2,5,3,0,0,1,0,0,0,1,0,13.37179806,52.50932752,2,0.0,16 to 20
9,9501939.0,6,16,5,2,5,2,0,1,1,0,0,0,0,1,13.56260511,52.45636862,2,0.5,16 to 20
9,9100101.0,6,3,5,3,0,7,2,1,0,0,0,0,0,0,13.45159104,52.48864504,1,1.0,00 to 04
3,3500932.0,6,16,2,3,2,7,0,0,1,0,1,0,0,0,13.44269073,52.55943317,2,0.0,16 to 20
2,2500833.0,6,20,2,3,6,4,0,0,1,1,0,0,0,0,13.45989271,52.5090142,2,0.0,20 to 24
1,1100311.0,6,7,5,3,5,2,0,1,1,0,0,0,0,0,13.41634784,52.51997456,2,0.5,04 to 08
2,2400623.0,6,14,5,3,2,6,0,0,1,0,0,0,0,0,13.43694921,52.51027572,1,0.0,12 to 16
5,5200528.0,6,18,4,3,2,6,0,0,1,0,0,0,1,0,13.17711826,52.51704937,2,0.0,16 to 20
5,5200629.0,6,16,7,3,3,6,0,0,1,0,0,0,1,0,13.19608571,52.53332405,2,0.0,16 to 20
8,8100415.0,6,13,5,3,0,7,0,1,0,0,0,0,0,0,13.44741278,52.47614991,1,1.0,12 to 16
7,7601544.0,6,13,3,3,2,7,0,0,1,0,1,0,0,0,13.40546046,52.39377195,2,0.0,12 to 16
5,5100209.0,6,22,5,3,1,5,2,0,1,0,0,0,0,1,13.17872339,52.55207108,1,0.0,20 to 24
8,8100209.0,6,14,2,3,5,2,0,1,1,0,0,0,0,0,13.44248683,52.46549789,2,0.5,12 to 16
2,2100101.0,6,19,2,3,5,2,0,1,1,0,0,0,0,0,13.38890781,52.49939958,2,0.5,16 to 20
12,12400619.0,6,11,5,3,0,1,0,1,0,0,0,0,0,0,13.27389669,52.59967323,1,1.0,08 to 12
7,7100102.0,6,17,4,3,2,6,0,0,1,0,0,0,1,0,13.35060256,52.49470486,2,0.0,16 to 20
4,4501146.0,6,14,5,3,5,3,0,1,1,0,0,0,0,0,13.32004226,52.48650479,2,0.5,12 to 16
9,9200510.0,6,20,1,3,0,7,1,1,0,0,0,0,0,0,13.50956399,52.46564369,1,1.0,20 to 24
12,12601134.0,6,19,2,3,2,6,0,0,1,0,0,0,0,0,13.34948773,52.60486037,1,0.0,16 to 20
9,9300920.0,6,11,5,3,5,3,0,0,1,0,1,0,0,0,13.52617678,52.42387718,2,0.0,08 to 12
1,1100311.0,6,11,5,2,5,2,0,1,1,0,0,0,0,0,13.418221,52.5173831,2,0.5,08 to 12
9,9502043.0,6,10,4,3,5,3,0,1,1,0,0,0,0,0,13.57826976,52.45920864,2,0.5,08 to 12
8,8100521.0,6,19,5,2,5,3,0,0,1,0,0,0,0,1,13.47212663,52.46513444,1,0.0,16 to 20
9,9501939.0,6,8,3,3,3,6,0,1,0,0,0,0,0,0,13.57176131,52.44444167,1,1.0,08 to 12
2,2200210.0,6,18,5,3,5,3,0,1,1,0,0,0,0,1,13.39282112,52.49204258,2,0.5,16 to 20
8,8300935.0,6,12,4,2,5,3,0,0,1,0,0,0,0,0,13.45570528,52.42322759,1,0.0,12 to 16
7,7100101.0,6,19,5,3,6,4,0,1,0,1,0,0,0,1,13.34053411,52.49976998,2,0.5,16 to 20
11,11200512.0,6,9,3,3,2,6,0,0,1,0,0,0,0,0,13.47228887,52.53748776,1,0.0,08 to 12
7,7400822.0,6,17,5,2,1,1,0,0,1,0,0,0,0,1,13.36656677,52.4603974,1,0.0,16 to 20
6,6300524.0,6,12,2,3,5,2,0,1,0,0,0,1,0,0,13.24403427,52.42572095,2,0.5,12 to 16
3,3601142.0,6,17,2,3,5,3,0,1,0,0,0,0,0,0,13.40475209,52.54067741,1,1.0,16 to 20
4,4501042.0,6,10,5,3,5,2,0,0,1,0,0,0,1,0,13.33576747,52.5043218,2,0.0,08 to 12
2,2500728.0,6,16,4,3,1,5,0,1,1,0,0,0,0,0,13.46704218,52.51603378,2,0.5,16 to 20
9,9200510.0,6,6,4,3,5,2,0,1,0,0,0,0,1,0,13.504138,52.47440706,2,0.5,04 to 08
2,2400623.0,6,15,1,3,4,6,0,1,1,0,0,0,0,0,13.43508971,52.5091871,2,0.5,12 to 16
5,5200528.0,6,18,2,2,5,3,0,0,1,0,1,0,0,0,13.18316699,52.5134845,2,0.0,16 to 20
10,10200629.0,6,17,5,3,5,3,0,1,1,0,0,0,0,0,13.58565474,52.52364301,2,0.5,16 to 20
1,1100308.0,6,10,5,2,8,1,0,1,0,0,0,0,0,0,13.37995973,52.5206695,1,1.0,08 to 12
3,3400829.0,6,17,4,3,5,2,0,1,1,0,0,0,0,0,13.42699014,52.56433838,2,0.5,16 to 20
9,9200510.0,6,7,5,3,5,2,0,0,1,0,0,0,0,0,13.51226411,52.47073916,1,0.0,04 to 08
8,8100102.0,6,15,3,3,5,3,0,1,1,0,0,0,0,0,13.42032039,52.47689045,2,0.5,12 to 16
1,1100207.0,6,5,5,3,5,2,0,0,1,0,1,0,0,0,13.40113435,52.51046722,2,0.0,04 to 08
5,5300736.0,6,19,2,3,0,5,0,0,1,0,1,0,0,0,13.22724324,52.53766698,2,0.0,16 to 20
8,8100208.0,6,18,2,3,5,3,0,1,1,0,0,0,0,0,13.44165454,52.47041665,2,0.5,16 to 20
5,5200632.0,6,13,7,3,2,6,0,0,1,0,0,0,0,0,13.21190999,52.52718659,1,0.0,12 to 16
4,4500937.0,6,0,5,3,1,7,2,0,0,0,1,0,0,0,13.29259374,52.49925669,1,0.0,00 to 04
11,11200411.0,6,14,4,3,5,3,0,0,1,0,0,0,0,0,13.51626733,52.54634718,1,0.0,12 to 16
7,7300516.0,6,9,5,3,5,2,0,0,1,0,0,0,0,0,13.32843226,52.46890487,1,0.0,08 to 12
12,12200412.0,6,11,2,3,2,6,0,0,1,0,0,0,0,0,13.28631861,52.57560532,1,0.0,08 to 12
1,1200625.0,6,17,2,3,2,2,0,0,1,0,0,0,0,0,13.35159011,52.5263659,1,0.0,16 to 20
2,2300314.0,6,17,6,3,0,5,0,1,1,0,0,0,0,0,13.41819955,52.49976787,2,0.5,16 to 20
3,3500936.0,6,17,5,3,2,2,0,0,1,0,0,0,0,1,13.46552533,52.55179462,1,0.0,16 to 20
3,3400725.0,6,14,4,3,5,3,0,1,1,0,0,0,0,0,13.42873957,52.58823756,2,0.5,12 to 16
3,3300411.0,6,21,7,3,1,5,0,0,1,0,0,0,0,0,13.49666615,52.62106413,1,0.0,20 to 24
8,8100418.0,6,9,5,3,0,3,0,1,1,0,0,0,0,0,13.4479898,52.47988519,2,0.5,08 to 12
9,9300920.0,6,9,5,3,1,5,0,1,1,0,0,0,0,0,13.53004691,52.42397829,2,0.5,08 to 12
11,11401137.0,6,17,3,3,4,6,0,1,0,0,0,0,0,0,13.52526157,52.49501882,1,1.0,16 to 20
1,1100104.0,6,8,5,3,5,2,0,1,1,0,0,0,0,0,13.36372226,52.50078419,2,0.5,08 to 12
1,1401046.0,6,14,7,3,3,6,0,1,1,0,0,0,0,0,13.34575045,52.53902416,2,0.5,12 to 16
5,5200631.0,6,11,3,3,2,6,0,0,1,0,0,0,0,0,13.19769655,52.52296939,1,0.0,08 to 12
1,1100309.0,6,7,5,3,5,3,0,0,1,0,0,0,1,0,13.39377071,52.52858102,2,0.0,04 to 08
6,6100102.0,6,17,2,2,5,2,0,0,1,0,1,0,0,0,13.32487859,52.45827924,2,0.0,16 to 20
1,1400938.0,6,17,2,3,1,5,0,1,1,0,0,0,0,0,13.33466778,52.54265956,2,0.5,16 to 20
2,2200210.0,6,23,6,3,5,3,2,0,0,0,1,0,1,0,13.39498986,52.49619143,2,0.0,20 to 24
7,7200307.0,6,16,5,3,2,6,0,0,1,0,0,0,0,0,13.34499701,52.49188167,1,0.0,16 to 20
8,8100416.0,6,19,4,3,6,7,0,0,1,1,0,0,0,0,13.44132273,52.47382093,2,0.0,16 to 20
3,3601450.0,6,16,7,3,2,6,0,0,1,0,0,0,0,0,13.45816401,52.52911212,1,0.0,16 to 20
1,1300836.0,6,16,5,2,5,3,0,1,1,0,0,0,0,1,13.37422137,52.54364133,2,0.5,16 to 20
7,7300517.0,6,14,7,2,5,3,0,1,1,0,0,0,0,0,13.3285883,52.47243066,2,0.5,12 to 16
2,2200211.0,6,10,3,3,1,5,0,1,0,0,0,0,1,0,13.3996307,52.48942728,2,0.5,08 to 12
4,4501042.0,6,20,7,3,5,7,1,0,1,0,0,0,0,0,13.33106397,52.50192794,1,0.0,20 to 24
2,2200210.0,6,7,5,3,5,2,0,1,1,0,0,0,0,0,13.39069602,52.49600518,2,0.5,04 to 08
2,2500726.0,6,14,7,3,2,3,0,1,0,0,1,0,0,0,13.45066972,52.52731381,2,0.5,12 to 16
8,8401244.0,6,16,5,2,2,2,0,0,1,0,0,0,1,1,13.50361653,52.41162746,2,0.0,16 to 20
8,8100208.0,6,18,3,3,1,5,0,1,1,0,0,0,0,0,13.43288039,52.47238039,2,0.5,16 to 20
3,3601245.0,6,5,2,3,6,4,0,0,1,1,0,0,0,0,13.42732148,52.54485002,2,0.0,04 to 08
7,7400927.0,6,15,5,3,5,2,0,0,1,0,0,0,1,0,13.4040029,52.4634678,2,0.0,12 to 16
12,12500825.0,6,17,2,3,0,1,0,0,0,0,0,0,1,0,13.31512395,52.57798019,1,0.0,16 to 20
5,5100317.0,6,17,2,3,0,2,0,1,1,0,0,0,0,0,13.23333859,52.52744416,2,0.5,16 to 20
2,2100106.0,6,15,5,2,5,2,0,1,1,0,0,0,0,0,13.40649751,52.49832618,2,0.5,12 to 16
2,2200209.0,6,17,5,3,6,4,0,0,1,1,0,0,0,1,13.38444082,52.48498732,2,0.0,16 to 20
2,2500831.0,6,16,2,3,5,2,0,0,1,0,1,0,0,0,13.46731996,52.50969707,2,0.0,16 to 20
8,8200623.0,6,17,2,3,1,7,0,0,1,0,0,0,0,0,13.43709295,52.45628042,1,0.0,16 to 20
3,3601243.0,6,15,5,2,0,1,0,0,0,0,1,0,0,1,13.41727032,52.54999118,1,0.0,12 to 16
6,6300525.0,6,15,5,3,3,7,0,1,0,0,0,0,0,1,13.26749008,52.4081671,1,1.0,12 to 16
11,11401135.0,6,7,4,2,0,7,0,0,1,0,1,0,0,0,13.50756747,52.4921505,2,0.0,04 to 08
1,1200624.0,6,9,5,3,5,2,0,1,0,0,0,0,1,0,13.36017634,52.53724925,2,0.5,08 to 12
3,3601141.0,6,13,7,3,5,3,0,1,1,0,0,0,0,0,13.41380435,52.55212591,2,0.5,12 to 16
3,3601453.0,6,10,3,3,5,2,0,1,1,0,0,0,0,0,13.45833497,52.52549036,2,0.5,08 to 12
3,3701657.0,6,17,4,3,3,6,0,1,0,0,0,0,0,0,13.42429727,52.53957904,1,1.0,16 to 20
10,10400940.0,6,10,2,3,5,3,0,0,1,0,1,0,0,0,13.60389822,52.48578695,2,0.0,08 to 12
9,9301227.0,6,16,2,3,1,1,0,1,1,0,0,0,0,0,13.63130704,52.39509596,2,0.5,16 to 20
9,9200613.0,6,22,4,3,1,1,2,1,1,0,0,0,0,0,13.5118199,52.45836876,2,0.5,20 to 24
6,6200317.0,6,16,4,3,5,2,0,1,1,0,0,0,0,0,13.3590412,52.42011243,2,0.5,16 to 20
11,11400927.0,6,13,5,3,5,3,0,1,1,0,0,0,0,1,13.47530374,52.50278991,2,0.5,12 to 16
2,2200208.0,6,19,4,3,0,2,0,1,1,0,0,0,0,0,13.38974208,52.49591087,2,0.5,16 to 20
6,6200312.0,6,15,2,2,0,2,0,0,1,0,0,0,1,0,13.33898333,52.44433257,2,0.0,12 to 16
1,1300834.0,6,16,2,3,1,5,0,0,1,0,0,0,0,0,13.39216645,52.54310262,1,0.0,16 to 20
7,7300619.0,6,19,4,3,5,2,0,1,0,0,1,0,0,0,13.35597093,52.47237747,2,0.5,16 to 20
4,4500938.0,6,17,4,3,5,2,0,1,1,0,0,0,0,0,13.30076687,52.49481048,2,0.5,16 to 20
7,7300619.0,6,16,5,3,5,2,0,1,1,0,0,0,0,1,13.34751624,52.47057941,2,0.5,16 to 20
4,4400725.0,6,18,1,3,5,7,0,1,1,0,0,0,0,0,13.28132764,52.49940129,2,0.5,16 to 20
5,5100316.0,5,16,1,3,3,2,0,0,1,0,0,0,0,0,13.20297079,52.54084963,1,0.0,16 to 20
2,2200211.0,6,19,4,3,5,2,0,1,1,0,0,0,0,0,13.39367728,52.48912721,2,0.5,16 to 20
1,1100414.0,6,8,4,3,5,2,0,1,1,0,0,0,0,0,13.38578208,52.53267661,2,0.5,08 to 12
6,6200422.0,6,10,4,3,1,5,0,1,1,0,0,0,0,0,13.32405469,52.42416767,2,0.5,08 to 12
8,8301037.0,6,6,4,2,2,6,0,0,1,0,0,0,0,0,13.47421569,52.42580927,1,0.0,04 to 08
6,6200421.0,6,18,7,3,0,1,0,0,0,0,1,0,0,1,13.32752548,52.43906542,1,0.0,16 to 20
4,4300622.0,6,9,3,3,1,5,0,1,1,0,0,0,0,0,13.32790395,52.50601122,2,0.5,08 to 12
4,4500937.0,6,6,4,3,5,7,0,0,1,0,1,0,0,0,13.2966032,52.50097389,2,0.0,04 to 08
6,6300630.0,6,12,2,3,5,2,0,0,1,0,1,0,0,0,13.32163642,52.4435232,2,0.0,12 to 16
8,8100521.0,5,23,1,3,5,3,2,0,1,0,0,0,0,0,13.46791008,52.46411075,1,0.0,20 to 24
11,11501238.0,6,17,6,3,5,3,0,1,0,0,0,0,0,0,13.47571766,52.50123731,1,1.0,16 to 20
1,1100310.0,6,22,4,3,5,2,2,0,1,0,0,0,0,0,13.41177322,52.52396607,1,0.0,20 to 24
9,9200819.0,6,15,4,2,6,4,0,0,1,1,0,0,0,0,13.56849386,52.44113324,2,0.0,12 to 16
8,8100417.0,6,14,7,3,0,7,0,1,0,0,0,0,0,0,13.4503888,52.47653002,1,1.0,12 to 16
8,8100415.0,5,19,1,3,5,7,0,0,1,0,0,0,0,0,13.4415172,52.4789553,1,0.0,16 to 20