bez,lor_ab_2021,umonat,ustunde,uwochentag,ukategorie,uart,utyp1,ulichtverh,istrad,istpkw,istfuss,istkrad,istgkfz,istsonstige,ustrzustand,xgcswgs84,ygcswgs84,all_acc,perc_bike_acc,rushhours
6,6300629.0,6,22,4,2,0,1,2,1,0,0,0,0,0,0,13.29526271,52.44428585,1,1.0,20 to 24
12,12100204.0,6,19,4,3,2,6,0,0,1,0,0,0,0,0,13.3357521,52.56502659,1,0.0,16 to 20
2,2400623.0,6,14,3,2,0,6,0,1,0,0,0,0,0,0,13.43088989,52.51215506,1,1.0,12 to 16
11,11400928.0,6,19,4,3,5,7,0,1,1,0,0,0,0,0,13.4804048,52.50193767,2,0.5,16 to 20
3,3400620.0,6,19,1,3,4,6,0,1,1,0,0,0,0,0,13.38581696,52.57091036,2,0.5,16 to 20
7,7100205.0,5,19,1,3,5,3,0,1,1,0,0,0,0,0,13.3663095,52.49528614,2,0.5,16 to 20
9,9401432.0,6,19,4,2,3,6,0,1,1,0,0,0,0,0,13.59492795,52.44139655,2,0.5,16 to 20
2,2100101.0,6,18,4,2,5,3,0,0,1,0,0,0,0,0,13.38222916,52.50450343,1,0.0,16 to 20
1,1300834.0,6,9,4,3,0,3,0,1,0,0,1,0,0,0,13.39520592,52.54602789,2,0.5,08 to 12
11,11300725.0,6,18,4,2,5,3,0,0,1,0,1,0,0,0,13.4952593,52.51602294,2,0.0,16 to 20
2,2300316.0,6,16,3,3,5,2,0,1,0,0,0,0,0,0,13.43905541,52.50258126,1,1.0,16 to 20
7,7501134.0,6,12,4,2,4,6,0,0,1,0,0,0,0,0,13.40938321,52.43909486,1,0.0,12 to 16
3,3400829.0,6,12,2,3,2,7,0,0,1,0,0,0,0,0,13.42184756,52.5622668,1,0.0,12 to 16
7,7501134.0,5,17,1,3,0,1,0,0,0,0,1,0,0,0,13.39965504,52.43992029,1,0.0,16 to 20
8,8100520.0,6,13,6,3,0,2,0,1,1,0,0,0,0,0,13.46185303,52.47117634,2,0.5,12 to 16
9,9200717.0,6,11,4,3,5,3,0,1,1,0,0,0,0,0,13.55228564,52.4393388,2,0.5,08 to 12
1,1100310.0,6,15,4,3,2,6,0,0,0,0,1,0,1,0,13.41129903,52.52395081,2,0.0,12 to 16
3,3400619.0,6,23,7,3,5,3,2,1,1,0,0,0,0,0,13.37440244,52.58538128,2,0.5,20 to 24
8,8401243.0,6,10,4,3,5,7,0,1,1,0,0,0,0,0,13.49305023,52.41964903,2,0.5,08 to 12
10,10200629.0,6,12,7,3,5,2,0,0,1,0,0,0,0,0,13.57490155,52.5131263,1,0.0,12 to 16
10,10400941.0,6,10,4,3,5,3,0,1,1,0,0,0,0,0,13.61065688,52.48220064,2,0.5,08 to 12
3,3400619.0,6,19,3,2,5,7,0,0,1,0,0,0,0,0,13.36733775,52.58617969,1,0.0,16 to 20
6,6400838.0,6,8,4,3,5,3,0,0,1,0,0,0,0,0,13.24026887,52.44266685,1,0.0,08 to 12
12,12200515.0,6,19,7,3,1,5,0,1,1,0,0,0,0,0,13.28782227,52.59011507,2,0.5,16 to 20
7,7200307.0,6,18,2,3,0,5,0,1,1,0,0,0,0,0,13.34493526,52.48764477,2,0.5,16 to 20
12,12100204.0,6,17,4,3,2,6,0,0,1,0,0,0,0,0,13.34449786,52.56306401,1,0.0,16 to 20
2,2200210.0,6,16,2,3,5,3,0,1,1,0,0,0,0,0,13.39799384,52.49109577,2,0.5,16 to 20
9,9300920.0,6,13,3,3,8,1,0,0,1,0,0,0,0,0,13.53006145,52.4162603,1,0.0,12 to 16
5,5400943.0,6,18,4,3,5,2,0,1,1,0,0,0,0,0,13.12997758,52.46417976,2,0.5,16 to 20
9,9100203.0,6,18,2,3,5,3,0,0,1,0,1,0,0,0,13.47648395,52.47639792,2,0.0,16 to 20
6,6400838.0,5,19,1,2,7,7,1,0,0,0,1,0,0,0,13.24741221,52.46468867,1,0.0,16 to 20
1,1100310.0,6,10,6,2,9,1,0,0,1,0,0,0,0,0,13.41494506,52.52721061,1,0.0,08 to 12
3,3500934.0,6,16,4,3,1,5,0,1,1,0,0,0,0,0,13.43617214,52.55423395,2,0.5,16 to 20
5,5100210.0,6,13,4,2,0,2,0,0,1,0,1,0,0,0,13.18553481,52.55151129,2,0.0,12 to 16
7,7100204.0,6,18,7,3,1,5,0,1,1,0,0,0,0,1,13.34769347,52.49306212,2,0.5,16 to 20
11,11100309.0,6,16,4,3,2,6,0,0,1,0,0,0,0,0,13.50530037,52.56319231,1,0.0,16 to 20
12,12100103.0,6,15,4,3,2,6,0,0,1,0,0,0,0,0,13.3649851,52.57206172,1,0.0,12 to 16
7,7100102.0,6,15,3,3,1,5,0,1,1,0,0,0,0,0,13.34888807,52.50047857,2,0.5,12 to 16
1,1100101.0,5,18,1,3,4,6,1,1,0,0,1,0,0,0,13.34131204,52.50568458,2,0.5,16 to 20
3,3601450.0,6,15,4,3,2,6,0,0,1,0,0,0,1,0,13.45790756,52.52881699,2,0.0,12 to 16
2,2200211.0,6,16,2,3,5,2,0,1,1,0,0,0,0,0,13.39809438,52.4888926,2,0.5,16 to 20
6,6200423.0,5,17,1,3,2,7,0,0,1,0,0,0,0,0,13.31435256,52.41776471,1,0.0,16 to 20
6,6300528.0,6,15,4,3,5,7,0,0,1,0,1,0,0,0,13.26604402,52.41540761,2,0.0,12 to 16
9,9501939.0,6,17,5,2,5,3,0,1,1,0,0,0,0,1,13.57823141,52.45712117,2,0.5,16 to 20
9,9100306.0,6,17,1,3,0,1,0,1,0,0,0,0,0,0,13.48207953,52.44594671,1,1.0,16 to 20
3,3501038.0,5,17,1,3,1,5,0,1,1,0,0,0,0,0,13.47425513,52.54933066,2,0.5,16 to 20
9,9100203.0,6,14,4,3,5,7,0,0,1,0,0,0,0,0,13.47519557,52.47395175,1,0.0,12 to 16
12,12500930.0,6,15,4,3,5,2,0,1,1,0,0,0,0,0,13.32358387,52.58713224,2,0.5,12 to 16
2,2100102.0,6,17,4,3,1,5,0,1,1,0,0,0,0,0,13.39356466,52.50444399,2,0.5,16 to 20
1,1100101.0,6,14,4,3,3,6,0,1,1,0,0,0,0,0,13.34662948,52.50379681,2,0.5,12 to 16
6,6100102.0,6,12,7,3,5,2,0,1,1,0,0,0,0,0,13.32421537,52.4604371,2,0.5,12 to 16
5,5200528.0,5,13,1,3,2,6,0,0,1,0,0,0,0,0,13.18462152,52.51536346,1,0.0,12 to 16
8,8200727.0,6,14,4,3,6,4,0,0,1,1,0,0,0,0,13.44737836,52.43796971,2,0.0,12 to 16
11,11200512.0,6,14,4,3,5,7,0,0,1,0,0,0,1,0,13.47124035,52.5388482,2,0.0,12 to 16
2,2400623.0,6,18,4,2,5,3,0,1,1,0,0,0,0,0,13.43030441,52.51055143,2,0.5,16 to 20
12,12500928.0,6,16,7,3,1,5,0,1,1,0,0,0,0,0,13.31702576,52.60818711,2,0.5,16 to 20
10,10100313.0,6,14,4,3,5,3,0,0,1,0,0,0,1,0,13.56118018,52.54470672,2,0.0,12 to 16
3,3500934.0,6,6,3,3,5,3,0,0,1,0,0,0,1,0,13.4325138,52.55764696,2,0.0,04 to 08
2,2500834.0,6,14,4,3,5,3,0,1,1,0,0,0,0,0,13.45874823,52.5063935,2,0.5,12 to 16
12,12100101.0,6,15,2,2,5,2,0,0,1,0,1,0,0,0,13.37343371,52.56429697,2,0.0,12 to 16
5,5100315.0,5,13,1,2,5,2,0,0,1,0,1,0,0,0,13.19853527,52.5428808,2,0.0,12 to 16
2,2500726.0,6,11,4,1,5,2,0,1,0,0,0,1,0,0,13.45195128,52.52050778,2,0.5,08 to 12
2,2100102.0,6,17,4,3,5,3,0,1,1,0,0,0,0,0,13.39091939,52.50327677,2,0.5,16 to 20
2,2100102.0,6,16,5,3,5,3,0,0,1,0,1,0,0,1,13.39261899,52.50566822,2,0.0,16 to 20
1,1200517.0,6,17,1,3,1,5,0,0,1,0,0,0,1,0,13.32405573,52.52789141,2,0.0,16 to 20
9,9501838.0,5,12,1,3,5,7,0,1,1,0,0,0,0,0,13.70038514,52.43555071,2,0.5,12 to 16
7,7601340.0,6,14,4,3,2,2,0,0,1,0,0,0,1,0,13.36129168,52.41259512,2,0.0,12 to 16
8,8401243.0,6,13,4,3,5,2,0,0,1,0,0,0,0,0,13.48804974,52.42615274,1,0.0,12 to 16
8,8401243.0,6,10,4,3,5,2,0,0,1,0,0,0,0,0,13.49524362,52.43167994,1,0.0,08 to 12
7,7601339.0,6,13,4,3,5,2,0,1,1,0,0,0,0,0,13.34614414,52.41504707,2,0.5,12 to 16
1,1100206.0,6,8,3,3,5,3,0,0,1,0,1,0,0,0,13.39304363,52.51505999,2,0.0,08 to 12
5,5100313.0,6,11,4,3,0,6,0,0,1,0,0,0,1,0,13.20988961,52.54810281,2,0.0,08 to 12
6,6400842.0,6,8,2,3,5,2,0,1,1,0,0,0,0,0,13.26854219,52.4511227,2,0.5,08 to 12
5,5200420.0,5,12,1,3,5,2,0,1,1,0,0,0,0,0,13.157073,52.53520472,2,0.5,12 to 16
3,3601245.0,6,10,3,3,5,3,0,0,1,0,0,0,1,0,13.42782127,52.54556015,2,0.0,08 to 12
2,2200210.0,6,12,3,3,2,6,0,0,1,0,1,0,0,0,13.39671477,52.49126395,2,0.0,12 to 16
2,2200210.0,6,9,2,3,0,4,0,1,0,1,0,0,0,0,13.39451255,52.49180665,2,0.5,08 to 12
8,8100104.0,5,10,1,3,2,6,0,0,1,0,1,0,0,0,13.42895083,52.4718525,2,0.0,08 to 12
2,2200208.0,6,9,3,2,3,6,0,1,0,0,0,0,0,0,13.38057118,52.49289853,1,1.0,08 to 12
10,10100209.0,6,16,4,3,5,3,0,1,1,0,0,0,0,0,13.5626617,52.54951979,2,0.5,16 to 20
1,1100207.0,6,18,4,3,5,2,0,1,1,0,0,0,0,0,13.3903479,52.50775286,2,0.5,16 to 20
6,6400843.0,6,18,1,3,5,3,0,0,1,0,0,0,0,0,13.29064989,52.44831167,1,0.0,16 to 20
1,1100205.0,5,17,1,3,5,3,0,1,1,0,0,0,0,0,13.37931052,52.50703431,2,0.5,16 to 20
4,4501042.0,6,21,3,3,6,4,1,1,0,1,0,0,0,0,13.33727918,52.50405459,2,0.5,20 to 24
3,3100103.0,6,19,3,3,5,2,0,1,1,0,0,0,0,0,13.49674947,52.63468662,2,0.5,16 to 20
2,2400521.0,6,8,4,3,5,2,0,1,1,0,0,0,0,0,13.42859526,52.51953437,2,0.5,08 to 12
6,6400735.0,6,19,3,2,5,2,0,1,0,0,0,0,0,0,13.18475762,52.42902187,1,1.0,16 to 20
1,1300834.0,6,12,7,2,6,7,0,1,0,1,0,0,0,0,13.39366573,52.54138874,2,0.5,12 to 16
6,6400842.0,6,15,3,3,5,3,0,1,1,0,0,0,0,0,13.27815414,52.46848741,2,0.5,12 to 16
1,1100207.0,6,19,3,3,6,7,0,0,1,1,0,0,0,0,13.38974575,52.51129449,2,0.0,16 to 20
2,2200211.0,6,20,2,3,5,7,0,1,1,0,0,0,0,0,13.38717005,52.49003833,2,0.5,20 to 24
2,2200213.0,5,5,1,2,4,7,0,0,1,0,0,0,0,0,13.4109999,52.49235589,1,0.0,04 to 08
9,9200819.0,6,18,6,3,5,3,0,1,1,0,0,0,0,0,13.55956115,52.44204904,2,0.5,16 to 20
2,2200210.0,6,16,3,3,5,2,0,1,1,0,0,0,0,0,13.39888986,52.49461618,2,0.5,16 to 20
5,5200423.0,6,14,4,3,5,2,0,0,1,0,0,0,0,0,13.14159314,52.53244112,1,0.0,12 to 16
2,2200211.0,6,11,7,3,6,7,0,1,0,1,0,0,0,0,13.39439996,52.48530707,2,0.5,08 to 12
9,9501737.0,6,12,3,2,3,6,0,1,1,0,0,0,0,0,13.63346861,52.45069882,2,0.5,12 to 16
9,9200512.0,6,18,3,3,1,5,0,1,1,0,0,0,0,0,13.53321625,52.46152178,2,0.5,16 to 20
1,1401047.0,6,18,3,3,1,5,0,1,1,0,0,0,0,0,13.35794886,52.54557937,2,0.5,16 to 20
1,1401043.0,6,17,6,3,2,6,0,0,1,0,0,0,1,1,13.36620312,52.55071316,2,0.0,16 to 20
7,7100205.0,6,18,3,3,5,2,0,1,1,0,0,0,0,0,13.36122302,52.49442106,2,0.5,16 to 20
5,5300736.0,6,15,4,2,5,2,0,0,1,0,1,0,0,0,13.21910233,52.53704912,2,0.0,12 to 16
8,8100415.0,6,22,7,3,5,7,2,1,1,0,0,0,0,0,13.43899471,52.48053213,2,0.5,20 to 24
1,1100310.0,6,16,3,3,2,6,0,0,1,0,0,0,0,0,13.412248,52.52430405,1,0.0,16 to 20
6,6300632.0,6,16,3,3,0,4,0,0,0,1,0,0,1,0,13.30517869,52.42746987,2,0.0,16 to 20
5,5200631.0,6,19,3,3,6,7,0,0,1,1,0,0,0,0,13.2006745,52.52380264,2,0.0,16 to 20
1,1100205.0,6,16,3,2,5,2,0,0,1,0,1,0,0,0,13.38552559,52.5074173,2,0.0,16 to 20
2,2500832.0,6,12,3,2,0,1,0,1,0,0,0,0,0,0,13.47082038,52.50568865,1,1.0,12 to 16
7,7200308.0,6,15,3,3,3,6,0,1,1,0,0,0,0,0,13.34243851,52.48151986,2,0.5,12 to 16
3,3601245.0,6,17,2,2,5,3,0,0,1,0,1,0,0,0,13.43482508,52.5428755,2,0.0,16 to 20
10,10100312.0,5,17,1,3,5,3,0,1,1,0,0,0,0,0,13.53866741,52.52475809,2,0.5,16 to 20
9,9100101.0,6,16,6,3,1,5,0,1,1,0,0,0,0,0,13.44558467,52.48978342,2,0.5,16 to 20
3,3200309.0,6,16,3,3,0,7,0,1,0,0,0,0,0,0,13.44143614,52.59865708,1,1.0,16 to 20
5,5100316.0,6,20,4,3,5,2,1,1,1,0,0,0,0,0,13.199535,52.53488578,2,0.5,20 to 24
2,2200213.0,6,17,7,3,5,3,0,1,1,0,0,0,0,0,13.41064922,52.49437369,2,0.5,16 to 20
2,2300418.0,6,15,3,3,6,7,0,1,0,1,0,0,0,0,13.43796738,52.49402599,2,0.5,12 to 16
2,2200209.0,6,14,3,3,0,7,0,0,1,0,0,0,1,0,13.38241381,52.48508899,2,0.0,12 to 16
1,1401045.0,6,15,3,3,3,6,0,0,0,0,1,0,1,0,13.37447366,52.55623747,2,0.0,12 to 16
8,8100104.0,6,15,2,3,6,4,0,0,1,1,0,0,0,0,13.43114477,52.46779456,2,0.0,12 to 16
5,5100312.0,5,16,1,2,1,5,0,0,1,0,0,0,0,0,13.20026021,52.55046663,1,0.0,16 to 20
7,7601340.0,5,1,1,2,9,1,2,0,1,0,0,0,0,0,13.36133181,52.41246466,1,0.0,00 to 04
8,8100314.0,6,15,3,3,2,7,0,1,1,0,0,0,0,0,13.4334679,52.48207102,2,0.5,12 to 16
4,4100102.0,6,21,2,3,3,6,1,0,1,0,0,0,0,0,13.29330052,52.53414459,1,0.0,20 to 24
4,4200308.0,5,17,1,3,2,6,0,0,1,0,0,0,0,0,13.26604243,52.52069182,1,0.0,16 to 20
1,1100308.0,6,15,3,3,1,5,0,0,1,0,0,0,1,0,13.38679557,52.52749429,2,0.0,12 to 16
11,11400931.0,6,17,5,3,5,3,0,1,1,0,0,0,0,0,13.51196861,52.50977995,2,0.5,16 to 20
1,1100102.0,6,16,2,3,5,2,0,1,1,0,0,0,0,0,13.37181979,52.50927008,2,0.5,16 to 20
11,11300620.0,5,17,1,3,0,2,0,0,1,0,1,0,0,0,13.4852727,52.52668116,2,0.0,16 to 20
5,5200634.0,6,14,3,2,1,5,0,0,1,0,0,0,0,0,13.20451508,52.52426682,1,0.0,12 to 16
10,10400939.0,6,14,3,3,0,2,0,1,1,0,0,0,0,0,13.61331247,52.50877872,2,0.5,12 to 16
1,1100104.0,6,8,4,3,5,2,0,1,1,0,0,0,0,0,13.36558964,52.5031127,2,0.5,08 to 12
7,7300516.0,6,16,7,3,5,2,0,1,1,0,0,0,0,0,13.32842341,52.46478207,2,0.5,16 to 20
4,4400726.0,6,15,3,3,2,6,0,0,1,0,0,0,0,0,13.28490977,52.49172317,1,0.0,12 to 16
11,11300721.0,6,10,3,3,5,3,0,0,1,0,0,0,1,0,13.49650607,52.5339782,2,0.0,08 to 12
2,2500728.0,6,14,3,3,5,6,0,0,1,0,0,0,0,0,13.46385301,52.51992529,1,0.0,12 to 16
7,7100103.0,6,12,2,3,5,2,0,1,1,0,0,0,0,0,13.3594763,52.49848094,2,0.5,12 to 16
2,2500830.0,5,16,1,3,1,5,0,1,1,0,0,0,0,0,13.45542764,52.51358475,2,0.5,16 to 20
2,2100106.0,6,13,3,2,5,2,0,0,1,0,1,0,0,0,13.40658985,52.49835081,2,0.0,12 to 16
3,3400722.0,6,16,4,3,5,3,0,1,0,0,0,0,0,0,13.40416838,52.57575773,1,1.0,16 to 20
2,2100101.0,6,12,5,3,5,2,0,1,1,0,0,0,0,0,13.38885494,52.49932482,2,0.5,12 to 16
11,11300722.0,6,20,1,3,5,3,0,0,1,0,0,0,1,0,13.4855491,52.52318545,2,0.0,20 to 24
8,8200624.0,5,16,1,3,5,7,0,0,1,0,0,0,0,0,13.43097953,52.45237413,1,0.0,16 to 20
10,10400837.0,6,13,3,3,5,3,0,1,1,0,0,0,0,0,13.57564236,52.49004004,2,0.5,12 to 16
12,12500928.0,6,13,3,3,5,3,0,0,1,0,1,0,0,0,13.32214427,52.60878278,2,0.0,12 to 16
12,12400722.0,6,9,4,3,5,2,0,0,1,0,1,0,0,0,13.30086648,52.61571036,2,0.0,08 to 12
7,7300515.0,6,10,3,3,5,7,0,0,1,0,0,0,0,0,13.32633765,52.47651464,1,0.0,08 to 12
12,12200309.0,6,17,4,3,3,6,0,0,1,0,1,0,0,0,13.33124066,52.5621302,2,0.0,16 to 20
7,7501029.0,6,17,5,3,5,3,0,1,1,0,0,0,0,1,13.37233844,52.44454166,2,0.5,16 to 20
9,9401534.0,6,11,1,2,0,1,0,1,0,0,0,0,0,1,13.57542208,52.44725284,1,1.0,08 to 12
1,1100313.0,5,15,1,2,1,5,0,1,1,0,0,0,0,0,13.42194639,52.51087598,2,0.5,12 to 16
3,3500936.0,6,9,3,2,0,3,0,0,1,0,1,0,0,0,13.45551923,52.54526156,2,0.0,08 to 12
6,6300526.0,6,12,3,3,5,2,0,1,1,0,0,0,0,0,13.24260596,52.43381783,2,0.5,12 to 16
3,3200309.0,6,11,4,2,0,1,0,1,0,0,0,0,0,0,13.43146961,52.60298234,1,1.0,08 to 12
1,1400938.0,6,8,3,3,5,2,0,1,1,0,0,0,0,0,13.34371767,52.55337585,2,0.5,08 to 12
3,3601142.0,6,9,3,2,5,2,0,1,0,0,0,1,0,0,13.40804582,52.54198408,2,0.5,08 to 12
8,8100419.0,6,8,3,3,1,5,0,1,1,0,0,0,0,0,13.45467783,52.4830596,2,0.5,08 to 12
11,11300620.0,6,9,2,3,5,2,0,1,0,0,0,0,0,0,13.479266,52.52739008,1,1.0,08 to 12
1,1300732.0,5,14,1,2,6,4,0,0,1,1,0,0,0,0,13.38787267,52.560643,2,0.0,12 to 16
3,3300514.0,6,8,3,3,5,2,0,1,1,0,0,0,0,0,13.45076438,52.59126692,2,0.5,08 to 12
6,6100207.0,6,15,4,3,1,5,0,1,1,0,0,0,0,0,13.33040161,52.45211421,2,0.5,12 to 16
2,2100106.0,6,13,1,2,5,2,0,1,1,0,0,0,0,0,13.41829332,52.49873584,2,0.5,12 to 16
3,3601142.0,5,13,1,3,0,7,0,1,0,0,0,0,0,0,13.40716714,52.54714085,1,1.0,12 to 16
6,6300528.0,6,8,3,3,2,7,0,1,0,0,0,0,1,0,13.27602782,52.42430778,2,0.5,08 to 12
7,7601340.0,6,7,3,2,5,2,0,1,1,0,0,0,0,0,13.36157889,52.41253297,2,0.5,04 to 08
3,3601450.0,6,10,3,3,5,2,0,1,1,0,0,0,0,0,13.45651664,52.53010138,2,0.5,08 to 12
1,1100416.0,6,7,3,3,2,7,0,1,1,0,0,0,0,0,13.40147352,52.52999462,2,0.5,04 to 08
8,8100314.0,6,14,3,3,5,7,0,1,1,0,0,0,0,0,13.43375932,52.48329059,2,0.5,12 to 16
12,12400618.0,6,7,3,3,5,2,0,1,1,0,0,0,0,0,13.24418431,52.61498164,2,0.5,04 to 08
10,10200629.0,6,7,3,3,1,5,0,1,0,0,0,0,1,0,13.58599786,52.51611184,2,0.5,04 to 08
4,4300412.0,6,8,3,2,6,4,0,0,1,1,0,0,0,0,13.28624613,52.52019669,2,0.0,08 to 12
7,7501029.0,6,12,3,3,5,2,0,1,0,0,0,0,1,0,13.37311291,52.4368431,2,0.5,12 to 16
7,7400823.0,6,11,2,3,2,2,0,0,1,0,0,0,0,0,13.37213254,52.46978089,1,0.0,08 to 12
1,1300836.0,5,17,1,3,0,6,0,0,1,0,0,0,1,0,13.37889435,52.55078386,2,0.0,16 to 20
8,8100521.0,6,16,6,3,5,3,0,0,1,0,0,0,0,0,13.46790459,52.46410713,1,0.0,16 to 20
10,10400938.0,6,5,3,3,2,6,0,0,1,0,0,0,0,0,13.62381986,52.51397196,1,0.0,04 to 08
2,2200210.0,6,15,4,3,5,7,0,1,1,0,0,0,0,0,13.39799223,52.49109016,2,0.5,12 to 16
1,1200517.0,6,20,7,3,5,3,0,1,1,0,0,0,0,0,13.32695775,52.53701124,2,0.5,20 to 24
2,2300316.0,6,19,3,3,5,3,0,1,1,0,0,0,0,0,13.43143124,52.50289819,2,0.5,16 to 20
3,3400830.0,6,12,7,3,5,2,0,0,1,0,0,0,0,0,13.42769019,52.56793762,1,0.0,12 to 16
7,7200412.0,6,12,3,3,5,2,0,0,1,0,1,0,0,0,13.36357414,52.47671969,2,0.0,12 to 16
3,3400721.0,6,19,3,3,6,6,0,1,0,1,0,0,0,0,13.3960088,52.56608107,2,0.5,16 to 20
3,3400619.0,6,16,3,2,1,7,0,0,1,0,1,0,1,0,13.36646324,52.58509387,3,0.0,16 to 20
10,10100316.0,6,11,7,3,2,6,0,0,1,0,0,0,0,0,13.5835162,52.5491344,1,0.0,08 to 12
9,9200819.0,6,11,2,3,0,6,0,0,1,0,0,0,1,0,13.55881608,52.44661776,2,0.0,08 to 12
4,4100101.0,6,18,2,3,0,6,0,0,1,0,0,0,1,0,13.32280388,52.54330466,2,0.0,16 to 20
2,2500726.0,6,17,2,3,5,3,0,1,1,0,1,0,0,0,13.4523331,52.52737245,3,0.3333333333333333,16 to 20
8,8100310.0,5,22,7,3,1,5,2,1,1,0,0,0,0,0,13.43411769,52.49009149,2,0.5,20 to 24
8,8100310.0,6,19,4,3,3,6,0,1,1,0,0,0,0,0,13.42797362,52.49229096,2,0.5,16 to 20
6,6200311.0,6,15,7,2,2,7,0,0,1,0,0,0,0,0,13.35331891,52.44152304,1,0.0,12 to 16
5,5300737.0,6,16,7,2,5,2,0,0,1,0,0,0,0,0,13.24758931,52.54082122,1,0.0,16 to 20
5,5100316.0,6,22,2,2,5,3,2,0,1,0,0,0,0,0,13.19537026,52.53546789,1,0.0,20 to 24
9,9401635.0,6,12,4,3,1,5,0,0,1,0,1,0,0,0,13.66195471,52.41236173,2,0.0,12 to 16
3,3601449.0,6,15,4,3,5,3,0,1,1,0,0,0,0,0,13.44584326,52.54460705,2,0.5,12 to 16
2,2300314.0,6,19,2,3,5,2,0,1,1,0,0,0,0,0,13.41490576,52.50245942,2,0.5,16 to 20
4,4200203.0,6,19,2,3,1,5,0,1,1,0,0,0,0,0,13.24791297,52.51580569,2,0.5,16 to 20
6,6200316.0,6,18,2,3,4,6,0,1,0,0,0,0,0,0,13.35309835,52.43289901,1,1.0,16 to 20
5,5200629.0,6,11,4,3,5,7,0,0,1,0,0,0,0,0,13.19069943,52.534377,1,0.0,08 to 12
2,2200212.0,6,18,2,3,0,7,0,1,1,0,0,0,0,0,13.40857336,52.48982113,2,0.5,16 to 20
2,2200211.0,6,10,4,3,6,4,0,1,0,1,0,0,0,0,13.39957351,52.48935347,2,0.5,08 to 12
4,4501042.0,6,17,2,3,5,7,0,0,1,0,0,0,0,0,13.33044283,52.50530461,1,0.0,16 to 20
4,4300620.0,6,13,5,2,3,6,0,1,1,0,0,0,0,0,13.32264202,52.5211806,2,0.5,12 to 16
2,2300419.0,6,10,4,2,5,2,0,1,1,0,0,0,0,0,13.44646254,52.49866543,2,0.5,08 to 12
1,1100415.0,6,17,2,3,5,5,0,1,1,0,0,0,0,0,13.39706892,52.53474407,2,0.5,16 to 20
7,7200409.0,6,16,2,3,5,2,0,1,1,0,0,0,0,0,13.34905333,52.48940176,2,0.5,16 to 20
2,2400521.0,6,16,2,2,0,1,0,1,0,0,0,0,0,0,13.43341966,52.52332844,1,1.0,16 to 20
1,1100309.0,6,16,2,3,2,6,0,1,1,0,0,0,0,0,13.38752941,52.5272375,2,0.5,16 to 20
4,4501043.0,6,10,4,3,5,3,0,1,1,0,0,0,0,0,13.31641111,52.49747733,2,0.5,08 to 12
4,4501146.0,6,15,2,3,2,6,0,0,1,0,1,0,0,0,13.3082273,52.48834951,2,0.0,12 to 16
9,9100203.0,6,12,2,3,2,6,0,0,1,0,0,0,1,0,13.47672031,52.47652376,2,0.0,12 to 16
7,7601341.0,6,11,5,3,2,6,0,0,1,0,1,0,0,0,13.3758103,52.40920949,2,0.0,08 to 12
3,3601142.0,6,9,4,3,5,3,0,0,1,0,0,0,0,0,13.41276882,52.54439804,1,0.0,08 to 12
2,2200209.0,6,23,2,3,1,5,2,1,1,0,0,0,0,0,13.38413142,52.4849886,2,0.5,20 to 24
5,5100208.0,6,13,2,3,5,2,0,1,1,0,0,0,0,0,13.16551511,52.55122498,2,0.5,12 to 16
11,11400931.0,6,22,2,2,5,3,2,1,0,0,1,0,0,0,13.51914252,52.50993848,2,0.5,20 to 24
7,7300516.0,6,9,4,3,5,3,0,1,1,0,0,0,0,0,13.32283311,52.47018609,2,0.5,08 to 12
6,6200423.0,6,15,4,3,5,2,0,0,1,0,0,0,0,0,13.31772292,52.41440767,1,0.0,12 to 16
2,2400625.0,6,21,2,3,1,5,1,1,1,0,0,0,0,0,13.44101499,52.50461371,2,0.5,20 to 24
11,11100206.0,6,20,2,2,5,3,1,1,1,0,0,0,0,0,13.50816819,52.57444294,2,0.5,20 to 24
3,3501037.0,6,8,4,3,5,3,0,1,1,0,0,0,0,0,13.46095555,52.56389739,2,0.5,08 to 12
2,2400521.0,6,9,4,3,5,2,0,0,1,0,1,0,0,0,13.42859159,52.51953516,2,0.0,08 to 12
6,6300633.0,6,20,2,2,2,4,0,0,1,1,0,0,0,0,13.31544421,52.44880391,2,0.0,20 to 24
9,9501838.0,6,9,4,3,2,6,0,0,1,0,0,0,0,0,13.66831097,52.44807506,1,0.0,08 to 12
11,11200410.0,6,20,2,3,5,2,1,1,1,0,0,0,0,0,13.50030725,52.56141138,2,0.5,20 to 24
8,8100520.0,6,20,2,3,0,2,1,1,1,0,0,0,0,0,13.46183534,52.47118169,2,0.5,20 to 24
1,1100309.0,6,9,5,3,0,6,0,1,1,0,0,0,0,0,13.40664791,52.52527021,2,0.5,08 to 12
9,9200819.0,6,8,4,3,5,2,0,1,1,0,0,0,0,0,13.56911591,52.44415257,2,0.5,08 to 12
7,7601442.0,6,20,2,3,5,2,0,1,1,0,0,0,0,0,13.40126305,52.41462567,2,0.5,20 to 24
1,1401047.0,6,20,2,3,5,7,0,1,1,0,0,0,0,0,13.35918034,52.5462998,2,0.5,20 to 24