bez,lor_ab_2021,umonat,ustunde,uwochentag,ukategorie,uart,utyp1,ulichtverh,istrad,istpkw,istfuss,istkrad,istgkfz,istsonstige,ustrzustand,xgcswgs84,ygcswgs84,all_acc,perc_bike_acc,rushhours
6,6200423.0,6,11,2,3,0,7,0,1,0,0,0,0,0,0,13.31945993,52.41288948,1,1.0,08 to 12
8,8200727.0,6,8,4,3,6,7,0,0,1,1,0,0,0,0,13.4505049,52.43860227,2,0.0,08 to 12
5,5200632.0,6,15,4,2,2,6,0,0,1,0,1,0,0,0,13.22108911,52.52842601,2,0.0,12 to 16
1,1400940.0,6,8,2,3,4,6,0,0,1,0,0,0,0,0,13.35177179,52.55798855,1,0.0,08 to 12
6,6200420.0,6,8,2,3,6,2,0,0,0,1,0,0,1,0,13.30505119,52.41791055,2,0.0,08 to 12
10,10300732.0,6,7,2,3,6,4,0,0,1,1,0,0,0,0,13.57468272,52.52691077,2,0.0,04 to 08
3,3500933.0,6,8,4,2,5,3,0,1,1,0,0,0,0,0,13.44954947,52.55270372,2,0.5,08 to 12
10,10200420.0,6,7,2,3,0,1,0,1,0,0,0,0,0,0,13.6013106,52.53584926,1,1.0,04 to 08
11,11300724.0,6,6,2,3,5,3,0,1,1,0,0,0,0,0,13.48740207,52.51563707,2,0.5,04 to 08
10,10400837.0,6,6,2,3,5,3,0,1,1,0,0,0,0,0,13.5747797,52.48733394,2,0.5,04 to 08
3,3300516.0,6,5,2,3,0,1,0,0,0,0,1,0,0,1,13.44120447,52.56852671,1,0.0,04 to 08
6,6100102.0,6,1,4,3,0,1,2,0,0,0,0,0,1,0,13.3227072,52.45647787,1,0.0,00 to 04
6,6200421.0,6,15,4,3,2,6,0,0,1,0,0,0,1,0,13.31912819,52.43315669,2,0.0,12 to 16
5,5200528.0,6,16,2,3,2,6,0,0,1,0,1,0,0,0,13.18240487,52.51223912,2,0.0,16 to 20
1,1200628.0,6,16,2,2,5,2,0,0,1,0,0,0,0,0,13.36452223,52.522700209999996,1,0.0,16 to 20
4,4100101.0,6,16,2,3,1,5,0,0,1,0,0,0,0,0,13.31166454,52.54648524,1,0.0,16 to 20
6,6200313.0,6,8,3,3,0,5,0,0,1,0,0,0,0,0,13.34365002,52.43358382,1,0.0,08 to 12
10,10400940.0,6,15,2,3,4,6,0,1,0,0,0,0,0,0,13.61339483,52.49883194,1,1.0,12 to 16
4,4500936.0,6,15,3,3,2,6,0,0,1,0,0,0,0,0,13.30469112,52.49948332,1,0.0,12 to 16
5,5200420.0,6,15,2,2,5,3,0,1,0,0,0,1,0,0,13.18172511,52.53407995,2,0.5,12 to 16
11,11401136.0,6,11,5,3,8,7,0,0,0,0,0,0,1,0,13.50663326,52.49695234,1,0.0,08 to 12
11,11300722.0,6,21,3,3,1,5,1,1,1,0,0,0,0,0,13.47865923,52.51705333,2,0.5,20 to 24
5,5200421.0,6,9,3,3,6,7,0,1,0,1,0,0,0,0,13.14204188,52.53486218,2,0.5,08 to 12
12,12500825.0,6,15,2,3,2,6,0,0,1,0,0,0,0,0,13.31690158,52.58706944,1,0.0,12 to 16
8,8200831.0,6,15,5,3,5,3,0,0,1,0,0,0,0,0,13.40583919,52.41631122,1,0.0,12 to 16
2,2300417.0,6,19,3,3,0,2,0,1,0,0,1,0,0,0,13.42680374,52.4945157,2,0.5,16 to 20
8,8200622.0,6,14,2,3,5,2,0,0,1,0,0,0,0,0,13.43527599,52.46030274,1,0.0,12 to 16
7,7601544.0,6,14,2,3,3,6,0,0,1,0,1,0,0,0,13.39006525,52.39867715,2,0.0,12 to 16
1,1100308.0,6,14,2,3,3,6,0,1,1,0,0,0,0,0,13.38672692,52.52738089,2,0.5,12 to 16
7,7200413.0,6,13,2,3,1,5,0,1,1,0,0,0,0,0,13.36140134,52.48109452,2,0.5,12 to 16
1,1200628.0,6,19,3,3,5,2,0,0,1,0,1,0,0,0,13.36066604,52.52335476,2,0.0,16 to 20
12,12200310.0,6,13,2,2,5,3,0,0,1,0,1,0,0,0,13.31199676,52.56797205,2,0.0,12 to 16
2,2400521.0,6,13,2,2,0,5,0,1,1,0,0,0,0,0,13.44088983,52.51793385,2,0.5,12 to 16
3,3300516.0,6,10,5,3,5,3,0,0,1,0,0,0,0,0,13.44133317,52.5685578,1,0.0,08 to 12
1,1401047.0,6,18,3,3,6,4,0,1,0,1,0,0,0,0,13.36423344,52.5436283,2,0.5,16 to 20
6,6200422.0,6,13,2,3,0,7,0,1,0,0,0,0,0,0,13.33385449,52.41742247,1,1.0,12 to 16
2,2100102.0,6,12,2,2,5,3,0,1,1,0,0,0,0,0,13.39499437,52.50313726,2,0.5,12 to 16
1,1100103.0,6,12,2,3,2,7,0,0,0,0,1,0,1,0,13.36232922,52.49985994,2,0.0,12 to 16
2,2300314.0,6,20,2,3,5,2,0,1,1,0,0,0,0,0,13.41894073,52.49888261,2,0.5,20 to 24
6,6300524.0,6,11,2,2,5,2,0,1,1,0,0,0,0,0,13.25680615,52.42976025,2,0.5,08 to 12
1,1200517.0,6,18,3,3,5,2,0,0,1,0,1,0,0,0,13.3250435,52.53232837,2,0.0,16 to 20
2,2100101.0,6,17,2,3,5,2,0,1,0,0,0,0,0,0,13.38869863,52.50069742,1,1.0,16 to 20
1,1100309.0,6,10,2,3,6,4,0,1,0,1,0,0,0,0,13.40322866,52.52743967,2,0.5,08 to 12
10,10200423.0,6,8,5,3,5,2,0,0,1,0,1,0,0,0,13.61977352,52.53951857,2,0.0,08 to 12
7,7100101.0,6,18,3,3,3,6,0,1,0,0,0,0,0,0,13.34367336,52.50032812,1,1.0,16 to 20
5,5200524.0,6,11,2,3,5,2,0,0,1,0,0,0,1,0,13.1332247,52.52633144,2,0.0,08 to 12
3,3200310.0,6,10,2,3,0,2,0,0,1,0,0,0,1,0,13.42657438,52.60778512,2,0.0,08 to 12
5,5200528.0,6,10,2,2,4,6,0,0,1,0,0,0,0,0,13.17993401,52.50565358,1,0.0,08 to 12
1,1100101.0,6,18,3,3,5,2,0,0,1,0,0,0,0,0,13.35138298,52.50960943,1,0.0,16 to 20
1,1300836.0,6,21,4,3,5,3,2,0,1,0,0,0,0,0,13.37949336,52.5498181,1,0.0,20 to 24
2,2200210.0,6,8,2,3,0,7,0,1,0,0,0,0,0,0,13.40368386,52.49413795,1,1.0,08 to 12
3,3300413.0,6,16,2,1,5,2,0,0,1,0,1,0,0,0,13.4708851,52.60145327,2,0.0,16 to 20
2,2200210.0,6,18,3,3,1,5,0,1,1,0,0,0,0,0,13.39295425,52.49171815,2,0.5,16 to 20
1,1100415.0,6,19,4,3,0,1,0,1,0,0,0,0,0,0,13.39135545,52.53192073,1,1.0,16 to 20
3,3300517.0,6,17,1,3,0,3,0,1,0,0,0,0,1,0,13.46386123,52.57180752,2,0.5,16 to 20
6,6400844.0,6,18,1,3,5,2,0,1,0,0,1,0,0,0,13.28943163,52.45675045,2,0.5,16 to 20
6,6200311.0,6,8,4,3,5,3,0,1,1,0,0,0,0,0,13.35851493,52.43412746,2,0.5,08 to 12
4,4501149.0,6,22,1,3,2,7,2,1,1,0,0,0,0,0,13.32867352,52.49145934,2,0.5,20 to 24
3,3100103.0,6,8,4,3,6,4,0,0,1,1,0,0,0,0,13.50416345,52.63039085,2,0.0,08 to 12
1,1300834.0,6,22,1,3,5,2,2,1,1,0,0,0,0,0,13.39605572,52.53832718,2,0.5,20 to 24
1,1100206.0,6,20,1,3,1,7,0,1,1,0,0,0,0,0,13.38676805,52.52101673,2,0.5,20 to 24
8,8300935.0,6,18,3,2,4,6,0,0,1,0,1,0,0,0,13.45026186,52.42811902,2,0.0,16 to 20
8,8100417.0,6,14,4,3,5,3,0,1,1,0,0,0,0,0,13.44794054,52.47107269,2,0.5,12 to 16
4,4400728.0,6,20,1,3,1,5,0,1,1,0,0,0,0,0,13.26956499,52.48089008,2,0.5,20 to 24
6,6400844.0,6,19,1,3,5,2,0,1,1,0,0,0,0,0,13.28848695,52.46552188,2,0.5,16 to 20
8,8100209.0,6,8,4,3,5,2,0,0,1,0,0,0,0,0,13.44733343,52.46427314,1,0.0,08 to 12
8,8300935.0,6,18,1,3,0,1,0,1,0,0,0,0,0,0,13.45731713,52.42284938,1,1.0,16 to 20
3,3601243.0,6,17,1,3,1,5,0,1,1,0,0,0,0,0,13.41516841,52.55047167,2,0.5,16 to 20
1,1200517.0,6,7,4,3,4,6,0,0,1,0,0,0,1,0,13.35038867,52.53605351,2,0.0,04 to 08
3,3300516.0,6,18,1,2,9,1,0,0,1,0,0,0,0,0,13.44458483,52.5773176,1,0.0,16 to 20
10,10100311.0,6,17,3,3,5,2,0,1,1,0,0,0,0,0,13.51973187,52.52611185,2,0.5,16 to 20
9,9100306.0,6,16,1,2,5,7,0,0,1,0,1,0,0,0,13.47156358,52.45342916,2,0.0,16 to 20
9,9401534.0,6,17,3,3,6,4,2,1,0,1,0,0,0,0,13.58100046,52.44298675,2,0.5,16 to 20
1,1100206.0,6,15,1,3,0,1,0,0,0,0,0,0,1,0,13.39845684,52.51973669,1,0.0,12 to 16
4,4300622.0,6,14,5,3,2,6,0,0,1,0,1,0,0,0,13.32706643,52.50874175,2,0.0,12 to 16
7,7200409.0,6,17,3,3,0,5,0,0,1,0,0,0,0,0,13.35500636,52.48710838,1,0.0,16 to 20
7,7200414.0,6,12,1,3,2,6,0,1,1,0,0,0,0,0,13.36425547,52.48509902,2,0.5,12 to 16
8,8200832.0,6,7,4,3,2,1,0,0,1,0,1,0,0,0,13.43823322,52.41972192,2,0.0,04 to 08
1,1100206.0,6,11,1,3,5,5,0,1,1,0,0,0,0,0,13.39513858,52.5141696,2,0.5,08 to 12
1,1400942.0,6,11,1,3,2,6,0,0,1,0,0,0,0,0,13.35402518,52.54924902,1,0.0,08 to 12
5,5100317.0,6,17,3,3,2,6,0,0,1,0,0,0,0,0,13.23259292,52.5276353,1,0.0,16 to 20
4,4300620.0,6,16,1,3,5,2,0,1,0,0,0,0,0,0,13.33575913,52.51365988,1,1.0,16 to 20
2,2200210.0,6,22,7,3,5,3,2,0,1,0,0,0,0,1,13.39446394,52.49162666,1,0.0,20 to 24
4,4300622.0,6,17,3,3,2,6,0,0,1,0,1,0,0,0,13.33095708,52.50679234,2,0.0,16 to 20
8,8100310.0,6,21,7,3,5,3,2,1,1,0,0,0,0,1,13.42828439,52.49339651,2,0.5,20 to 24
2,2300419.0,6,21,7,2,6,4,2,0,1,1,0,0,0,1,13.44406727,52.49996993,2,0.0,20 to 24
5,5200527.0,6,11,5,3,5,3,0,0,1,0,0,0,0,0,13.17119063,52.52021346,1,0.0,08 to 12
10,10100315.0,6,16,3,3,2,6,0,0,1,0,0,0,0,0,13.56999393,52.54116709,1,0.0,16 to 20
8,8100311.0,6,20,7,3,5,3,2,1,1,0,0,0,0,1,13.42687569,52.48818971,2,0.5,20 to 24
1,1100310.0,6,5,4,3,5,2,0,1,1,0,0,0,0,0,13.40414749,52.52180243,2,0.5,04 to 08
12,12200515.0,6,20,7,3,6,7,1,1,0,1,0,0,0,1,13.28302238,52.5871901,2,0.5,20 to 24
1,1100311.0,6,19,7,3,0,1,1,1,0,0,0,0,0,1,13.42080518,52.51455349,1,1.0,16 to 20
12,12100101.0,6,16,3,3,6,4,0,0,1,1,0,0,0,0,13.37065051,52.56407114,2,0.0,16 to 20
1,1400940.0,6,14,4,2,2,6,0,0,1,0,1,0,0,0,13.3517368,52.55867697,2,0.0,12 to 16
10,10400938.0,6,19,7,3,0,1,1,1,0,0,0,0,0,1,13.6350887,52.52992664,1,1.0,16 to 20
3,3200206.0,6,18,7,3,0,6,0,0,1,0,1,0,0,1,13.40024593,52.58038167,2,0.0,16 to 20
3,3601245.0,6,7,5,3,0,7,0,1,0,1,0,0,0,0,13.44325785,52.54583063,2,0.5,04 to 08
8,8300935.0,6,9,3,3,1,5,0,0,1,0,0,0,0,0,13.4478824,52.42725397,1,0.0,08 to 12
9,9200715.0,6,16,7,2,0,7,0,1,0,0,0,0,0,0,13.54269057,52.43441083,1,1.0,16 to 20
1,1300834.0,6,16,7,2,0,1,0,0,0,0,1,0,0,1,13.39523801,52.5391433,1,0.0,16 to 20
1,1100309.0,6,9,5,3,5,3,0,1,0,0,0,0,1,0,13.4018057,52.52905915,2,0.5,08 to 12
5,5100316.0,6,9,3,3,2,6,0,0,1,0,0,0,1,0,13.20720872,52.53888153,2,0.0,08 to 12
4,4300517.0,6,16,7,1,5,3,0,1,1,0,0,0,0,0,13.3045261,52.52733488,2,0.5,16 to 20
10,10100206.0,6,14,7,2,2,6,0,0,1,0,0,0,0,1,13.5633827,52.56132149,1,0.0,12 to 16
1,1200623.0,6,14,7,3,1,5,0,1,1,0,0,0,0,0,13.35091739,52.53050127,2,0.5,12 to 16
1,1100205.0,6,16,3,3,0,1,0,1,0,0,0,0,0,0,13.38130628,52.51546467,1,1.0,16 to 20
1,1300730.0,6,18,4,3,5,3,0,1,0,0,0,0,0,0,13.37699895,52.55673431,1,1.0,16 to 20
8,8100417.0,6,14,7,3,5,7,0,1,1,0,0,0,0,0,13.44550804,52.47086004,2,0.5,12 to 16
1,1300836.0,6,14,7,3,0,2,0,1,1,0,0,0,0,0,13.3759949,52.54879553,2,0.5,12 to 16
12,12200310.0,6,18,4,3,5,2,0,1,1,0,0,0,0,0,13.30965913,52.5692134,2,0.5,16 to 20
1,1300732.0,6,14,7,3,6,4,0,1,0,1,0,0,0,0,13.38662007,52.55917295,2,0.5,12 to 16
12,12200411.0,6,17,4,3,2,6,0,0,1,0,1,0,0,0,13.32146139,52.56039597,2,0.0,16 to 20
9,9200819.0,6,14,7,3,6,4,0,0,1,1,0,0,0,0,13.56765108,52.4405817,2,0.0,12 to 16
1,1100101.0,6,13,7,3,5,3,0,1,1,0,0,0,0,0,13.34316968,52.50468274,2,0.5,12 to 16
1,1300836.0,6,12,7,3,0,7,0,1,0,0,0,0,0,0,13.37548809,52.53782826,1,1.0,12 to 16
8,8100102.0,6,11,7,3,5,7,0,0,1,0,1,0,0,0,13.42642258,52.4769441,2,0.0,08 to 12
3,3500934.0,6,8,3,3,5,3,0,0,1,0,0,0,0,0,13.43260661,52.55752677,1,0.0,08 to 12
6,6200314.0,6,13,4,2,2,6,0,1,1,0,0,0,0,0,13.34048381,52.42999932,2,0.5,12 to 16
12,12500824.0,6,10,7,3,2,6,0,0,1,0,0,0,0,0,13.29981839,52.59901441,1,0.0,08 to 12
5,5200525.0,6,11,7,2,5,3,0,0,1,0,1,0,0,0,13.14331661,52.52424583,2,0.0,08 to 12
6,6200422.0,6,6,7,3,5,3,0,0,1,0,0,0,0,0,13.33228334,52.417721,1,0.0,04 to 08
12,12500825.0,6,15,3,2,5,2,0,0,1,0,1,0,0,0,13.31565565,52.58657583,2,0.0,12 to 16
1,1100206.0,6,1,7,3,1,5,2,1,1,0,0,0,0,0,13.38861551,52.51827224,2,0.5,00 to 04
3,3500936.0,6,14,3,2,1,5,0,1,0,0,0,0,1,0,13.45573211,52.54625655,2,0.5,12 to 16
1,1401047.0,6,0,7,3,6,2,2,0,0,1,0,0,1,0,13.35921825,52.54627833,2,0.0,00 to 04
1,1400938.0,6,12,5,3,0,2,0,1,1,0,0,0,0,0,13.33541026,52.54205999,2,0.5,12 to 16
7,7400823.0,6,8,3,3,5,2,0,1,1,0,0,0,0,0,13.37614729,52.4588878,2,0.5,08 to 12
11,11200411.0,6,17,7,3,3,2,1,1,1,0,0,0,0,1,13.50992306,52.55046695,2,0.5,16 to 20
1,1100312.0,6,16,4,3,5,2,0,1,1,0,0,0,0,0,13.41718128,52.51243894,2,0.5,16 to 20
6,6200421.0,6,15,5,3,6,6,0,1,0,1,0,0,0,0,13.31088415,52.42133742,2,0.5,12 to 16
2,2200211.0,6,14,3,3,3,6,0,1,1,0,0,0,0,0,13.39147827,52.48943886,2,0.5,12 to 16
4,4100101.0,6,13,6,2,5,2,0,1,0,0,0,0,1,0,13.28225813,52.53377459,2,0.5,12 to 16
1,1100309.0,6,20,6,2,3,6,0,1,1,0,0,0,0,0,13.39535386,52.5289096,2,0.5,20 to 24
4,4501041.0,6,19,6,3,0,7,0,1,0,0,0,0,0,1,13.32182349,52.50196094,1,1.0,16 to 20
8,8100314.0,6,18,6,3,0,1,0,1,0,0,0,0,0,0,13.43674063,52.48109122,1,1.0,16 to 20
1,1100309.0,6,8,3,3,0,1,0,1,0,0,0,0,0,0,13.40907827,52.52832261,1,1.0,08 to 12
12,12200308.0,6,18,6,3,0,1,0,0,1,0,1,0,0,0,13.32144836,52.57027931,2,0.0,16 to 20
12,12200308.0,6,18,6,3,5,3,0,0,1,0,0,0,1,0,13.31802458,52.57074246,2,0.0,16 to 20
8,8401241.0,6,11,5,3,5,3,0,0,1,0,0,0,0,0,13.48598393,52.43326103,1,0.0,08 to 12
1,1401049.0,6,15,3,3,5,3,0,1,1,0,0,0,0,0,13.37220665,52.55668877,2,0.5,12 to 16
6,6300631.0,6,17,6,3,5,3,0,0,1,0,0,0,0,0,13.28316724,52.41679221,1,0.0,16 to 20
9,9502043.0,6,17,6,3,5,3,0,0,1,0,0,0,0,0,13.57044839,52.47352754,1,0.0,16 to 20
5,5100209.0,6,17,6,3,6,7,0,1,0,1,0,0,0,0,13.1786618,52.54927096,2,0.5,16 to 20
6,6200420.0,6,14,3,3,2,6,0,1,1,0,0,0,0,0,13.31092185,52.41812721,2,0.5,12 to 16
12,12601133.0,6,16,6,3,6,7,0,1,0,1,0,0,0,0,13.36019572,52.60220476,2,0.5,16 to 20
7,7601546.0,6,15,6,3,1,5,0,1,1,0,0,0,0,0,13.39071088,52.39533836,2,0.5,12 to 16
1,1300836.0,6,13,3,3,5,3,0,1,1,0,0,0,0,0,13.37219527,52.5466369,2,0.5,12 to 16
5,5400943.0,6,8,6,3,2,6,0,1,1,0,0,0,0,0,13.14431999,52.454191,2,0.5,08 to 12
8,8100311.0,6,15,6,3,5,7,0,1,1,0,0,0,1,0,13.4318503,52.48773654,3,0.3333333333333333,12 to 16
10,10400940.0,6,9,5,1,6,4,0,1,0,1,0,0,0,0,13.60215242,52.48341302,2,0.5,08 to 12
9,9501939.0,6,6,3,3,5,2,0,1,1,0,0,0,0,0,13.57428257,52.45278406,2,0.5,04 to 08
12,12200308.0,6,14,6,3,2,6,0,0,1,0,0,0,0,0,13.31464908,52.57464104,1,0.0,12 to 16
1,1401044.0,6,16,4,3,4,6,0,1,0,0,0,0,1,0,13.37641966,52.55365273,2,0.5,16 to 20
2,2500830.0,6,14,6,3,3,6,0,1,1,0,0,0,0,0,13.45457935,52.51386254,2,0.5,12 to 16
1,1100308.0,6,13,6,3,0,1,0,0,0,0,1,0,0,0,13.38714726,52.52235199,1,0.0,12 to 16
3,3300516.0,6,6,3,3,5,3,0,0,1,0,0,0,1,0,13.42999566,52.57172242,2,0.0,04 to 08
7,7501134.0,6,13,4,3,5,3,0,1,1,0,0,0,0,0,13.4041011,52.43954712,2,0.5,12 to 16
2,2200209.0,6,13,6,2,5,2,0,1,0,0,0,0,1,0,13.37668836,52.48503379,2,0.5,12 to 16
1,1100207.0,6,13,6,3,5,2,0,1,1,0,0,0,0,0,13.40118763,52.51041848,2,0.5,12 to 16
2,2300316.0,6,12,6,3,5,7,0,0,1,0,1,0,0,0,13.44103366,52.50155524,2,0.0,12 to 16
1,1300836.0,6,13,4,3,0,7,0,0,0,0,1,0,0,1,13.3721562,52.53878517,1,0.0,12 to 16
1,1100102.0,6,23,6,3,5,2,2,0,1,0,1,0,0,0,13.3379494,52.51367389,2,0.0,20 to 24
3,3400723.0,6,22,6,3,1,5,2,1,1,0,0,0,0,0,13.41123687,52.56721969,2,0.5,20 to 24
8,8100311.0,6,23,4,3,1,1,2,0,1,0,1,0,0,0,13.42647464,52.49016777,2,0.0,20 to 24
4,4100101.0,6,22,6,2,1,5,2,1,0,0,0,0,1,0,13.31316401,52.54314141,2,0.5,20 to 24
4,4200308.0,6,12,6,3,5,2,0,1,0,0,0,0,1,0,13.2484348,52.52434202,2,0.5,12 to 16
1,1200628.0,6,12,6,2,5,2,0,0,1,0,0,0,1,0,13.35946883,52.52329222,2,0.0,12 to 16
7,7400928.0,6,5,3,3,5,3,0,1,1,0,0,0,0,0,13.42066388,52.4613405,2,0.5,04 to 08
2,2500834.0,6,17,4,3,5,2,0,1,1,0,0,0,0,0,13.45875426,52.50640587,2,0.5,16 to 20
5,5400943.0,6,20,6,3,5,2,0,0,1,0,1,0,0,0,13.12197213,52.47312882,2,0.0,20 to 24
10,10400940.0,6,12,6,3,5,2,0,1,1,0,0,0,0,0,13.60073584,52.47789179,2,0.5,12 to 16
9,9501940.0,6,12,6,3,1,5,0,1,1,0,0,0,0,0,13.59668854,52.45662044,2,0.5,12 to 16
2,2400522.0,6,11,6,3,2,6,0,0,1,0,1,0,0,0,13.44353115,52.52522746,2,0.0,08 to 12
5,5100315.0,6,0,3,2,5,3,2,1,1,0,0,0,0,0,13.19386306,52.54567774,2,0.5,00 to 04
1,1100206.0,6,13,3,3,5,2,0,0,1,0,1,0,0,0,13.38845421,52.51871476,2,0.0,12 to 16
7,7601238.0,6,11,6,3,1,5,0,0,1,0,0,0,0,0,13.383434,52.42276674,1,0.0,08 to 12
11,11400931.0,6,12,3,3,5,2,0,1,1,0,0,0,0,0,13.51965702,52.50583247,2,0.5,12 to 16
9,9200614.0,6,10,6,2,6,4,0,0,1,1,0,0,0,0,13.53953897,52.45081783,2,0.0,08 to 12
1,1200629.0,6,14,5,3,0,7,0,1,0,1,0,0,0,0,13.34253908,52.51825444,2,0.5,12 to 16
9,9100408.0,6,12,3,3,2,6,0,0,1,0,0,0,0,0,13.51013226,52.44410572,1,0.0,12 to 16
10,10400938.0,6,9,6,3,2,6,0,0,1,0,0,0,0,0,13.62482199,52.52799402,1,0.0,08 to 12
5,5100211.0,6,8,6,3,1,5,0,0,1,0,0,0,0,0,13.15898491,52.54423704,1,0.0,08 to 12
10,10300731.0,6,8,6,3,5,2,0,1,1,0,0,0,0,0,13.56298707,52.5142073,2,0.5,08 to 12
3,3601141.0,6,7,6,2,5,2,0,1,1,0,0,0,0,0,13.41040069,52.55096529,2,0.5,04 to 08
2,2300316.0,6,11,3,3,5,3,0,1,1,0,0,0,0,0,13.43802685,52.50036358,2,0.5,08 to 12
6,6400838.0,6,6,6,3,5,2,0,1,1,0,0,0,0,0,13.24395585,52.4461603,2,0.5,04 to 08
3,3500934.0,6,9,5,3,6,7,0,1,0,1,0,0,0,0,13.43094933,52.55458535,2,0.5,08 to 12
8,8200832.0,6,10,5,3,6,2,0,0,1,1,0,0,0,0,13.42759824,52.4209,2,0.0,08 to 12
8,8401246.0,6,11,3,3,5,3,0,0,1,0,0,1,0,0,13.50709022,52.41033658,2,0.0,08 to 12
6,6300524.0,6,7,5,2,0,1,0,1,0,0,0,0,0,1,13.24425486,52.4273447,1,1.0,04 to 08
7,7601442.0,6,12,5,3,5,2,0,0,1,0,0,0,0,1,13.40125843,52.41449657,1,0.0,12 to 16
4,4501147.0,6,11,5,3,5,2,0,1,1,0,0,0,0,1,13.32090319,52.48865015,2,0.5,08 to 12
2,2500832.0,6,12,5,3,5,7,0,1,1,0,0,0,0,0,13.46800178,52.50941119,2,0.5,12 to 16
1,1100207.0,6,11,3,3,0,7,0,1,1,0,0,0,0,0,13.39401114,52.50790835,2,0.5,08 to 12
4,4501045.0,6,11,5,3,6,4,0,1,0,1,0,0,0,1,13.32767894,52.49508968,2,0.5,08 to 12
12,12400723.0,6,9,5,3,5,3,0,1,1,0,0,0,0,1,13.30584552,52.62039766,2,0.5,08 to 12
4,4501149.0,6,9,5,3,6,2,0,0,1,1,0,0,0,1,13.32338362,52.49151813,2,0.0,08 to 12
1,1400938.0,6,10,3,3,5,2,0,1,1,0,0,0,0,0,13.33652202,52.54212795,2,0.5,08 to 12
4,4400726.0,6,9,5,3,3,6,0,0,1,0,0,1,0,0,13.28491089,52.49528082,2,0.0,08 to 12
5,5100313.0,6,9,5,3,6,4,0,0,1,1,0,0,0,1,13.20982933,52.54798944,2,0.0,08 to 12
4,4400833.0,6,7,5,3,5,3,0,0,1,0,0,0,0,0,13.30692507,52.47256278,1,0.0,04 to 08
1,1100206.0,6,10,3,2,0,7,0,1,0,0,0,0,0,0,13.38888771,52.51667686,1,1.0,08 to 12
4,4400833.0,6,9,5,3,2,6,0,0,1,0,0,0,1,1,13.30655003,52.47706675,2,0.0,08 to 12
1,1401048.0,6,9,5,3,5,2,0,1,0,0,0,0,1,1,13.35859317,52.55415377,2,0.5,08 to 12
7,7501029.0,6,20,5,3,2,6,1,0,1,0,0,0,1,0,13.37950714,52.44505572,2,0.0,20 to 24
3,3601141.0,6,8,5,3,0,6,0,0,0,0,1,0,1,1,13.41049019,52.55410733,2,0.0,08 to 12
8,8100209.0,6,13,2,3,2,3,0,0,1,0,0,1,0,0,13.4473475,52.46427578,2,0.0,12 to 16
10,10200627.0,6,12,4,3,2,6,0,0,1,0,0,0,0,0,13.58957376,52.52811623,1,0.0,12 to 16
2,2200208.0,6,8,5,2,0,2,0,1,1,0,0,0,0,1,13.38760115,52.49305733,2,0.5,08 to 12
1,1300834.0,6,7,5,3,1,5,0,1,1,0,0,0,0,1,13.39854055,52.54527716,2,0.5,04 to 08
3,3500935.0,6,8,4,3,5,3,0,0,1,1,0,0,1,0,13.45506989,52.55110782,3,0.0,08 to 12
1,1300836.0,6,16,4,3,1,5,0,1,1,0,0,0,1,0,13.38012575,52.55137274,3,0.3333333333333333,16 to 20
7,7601544.0,6,19,5,3,2,1,0,0,1,0,0,0,0,0,13.40416282,52.39384264,1,0.0,16 to 20
12,12200309.0,6,15,4,3,1,5,0,1,1,0,0,0,0,0,13.32616824,52.56456952,2,0.5,12 to 16
12,12100205.0,6,6,5,3,5,3,0,1,1,0,0,0,0,1,13.35144758,52.57138351,2,0.5,04 to 08
4,4200311.0,6,19,5,3,5,7,0,0,1,0,0,0,0,0,13.26457025,52.50563777,1,0.0,16 to 20
5,5200629.0,6,15,5,3,5,3,0,0,1,0,0,0,0,0,13.18859879,52.53421842,1,0.0,12 to 16
4,4100102.0,6,15,2,2,6,7,0,1,0,1,0,0,0,0,13.30124941,52.5356618,2,0.5,12 to 16
1,1300834.0,6,19,5,3,6,4,0,0,1,1,0,0,0,1,13.39006877,52.54717808,2,0.0,16 to 20
11,11400929.0,6,19,5,3,5,3,0,1,1,0,0,0,0,1,13.50397458,52.50942473,2,0.5,16 to 20
4,4300412.0,6,13,5,3,5,2,0,1,0,0,0,1,0,0,13.29954038,52.51948005,2,0.5,12 to 16
4,4100101.0,6,18,2,3,5,2,0,1,1,0,0,0,0,0,13.32611175,52.53834505,2,0.5,16 to 20
2,2400625.0,6,17,7,3,5,2,0,0,1,0,0,0,0,1,13.4468361,52.50272122,1,0.0,16 to 20
3,3400620.0,6,23,7,3,0,7,2,1,0,0,0,0,0,0,13.38966464,52.57019101,1,1.0,20 to 24
8,8100104.0,6,6,4,3,5,7,0,0,1,0,0,0,0,0,13.43106736,52.46792212,1,0.0,04 to 08
8,8100105.0,6,20,5,3,5,7,0,0,1,0,0,0,0,0,13.43255663,52.46532325,1,0.0,20 to 24
7,7601236.0,6,11,3,3,1,5,0,0,1,0,0,0,0,0,13.3656901,52.42023736,1,0.0,08 to 12