bez,lor_ab_2021,umonat,ustunde,uwochentag,ukategorie,uart,utyp1,ulichtverh,istrad,istpkw,istfuss,istkrad,istgkfz,istsonstige,ustrzustand,xgcswgs84,ygcswgs84,all_acc,perc_bike_acc,rushhours
1,1200628.0,6,16,7,3,5,3,0,0,1,0,0,0,0,1,13.36727927,52.52248053,1,0.0,16 to 20
12,12200515.0,6,13,3,3,6,7,0,0,0,1,0,0,1,0,13.2853398,52.58989883,2,0.0,12 to 16
1,1300836.0,6,16,7,3,6,2,0,0,1,1,0,0,0,1,13.37047547,52.54533912,2,0.0,16 to 20
10,10300734.0,6,7,5,3,5,2,0,0,1,0,1,0,0,0,13.56153221,52.50166423,2,0.0,04 to 08
4,4400835.0,6,14,6,3,5,3,0,0,1,0,0,0,0,1,13.3202674,52.47668985,1,0.0,12 to 16
5,5100316.0,6,6,2,3,1,5,0,1,1,0,0,0,0,0,13.2078046,52.53830455,2,0.5,04 to 08
1,1300836.0,6,16,7,3,0,1,0,1,0,0,0,0,0,1,13.37655308,52.54319485,1,1.0,16 to 20
7,7100103.0,6,19,4,2,0,1,0,0,0,0,0,0,1,0,13.3605583,52.49428038,1,0.0,16 to 20
1,1401046.0,6,7,3,3,5,2,0,1,1,0,0,0,0,0,13.34517382,52.53912684,2,0.5,04 to 08
6,6200313.0,6,18,3,3,5,2,0,1,1,0,0,0,0,0,13.34338814,52.43491164,2,0.5,16 to 20
4,4501042.0,6,12,2,3,5,5,0,1,1,0,0,0,0,0,13.32533811,52.50312419,2,0.5,12 to 16
3,3300411.0,6,16,7,3,2,2,0,0,1,0,0,0,0,1,13.48985562,52.62070121,1,0.0,16 to 20
6,6400838.0,6,10,4,2,0,7,0,0,0,0,0,1,0,0,13.23180078,52.43714306,1,0.0,08 to 12
12,12200309.0,6,13,6,3,6,7,0,1,0,1,0,0,0,0,13.3293147,52.56727048,2,0.5,12 to 16
4,4501045.0,6,14,2,3,1,5,0,0,0,0,1,0,1,0,13.33496786,52.49508353,2,0.0,12 to 16
1,1400939.0,6,15,7,3,2,6,0,0,1,0,0,0,0,1,13.34547297,52.55453118,1,0.0,12 to 16
4,4500939.0,6,16,4,2,9,1,0,0,0,0,1,0,0,0,13.3050286,52.48824339,1,0.0,16 to 20
8,8401243.0,6,17,3,2,0,1,0,1,0,0,0,0,0,0,13.49416757,52.43072536,1,1.0,16 to 20
6,6400843.0,6,8,2,3,2,6,0,0,1,0,0,0,0,0,13.30345068,52.45842757,1,0.0,08 to 12
4,4100101.0,6,15,7,3,1,7,0,0,1,0,0,0,0,1,13.31372761,52.54022563,1,0.0,12 to 16
9,9300923.0,6,22,7,3,1,5,2,0,1,0,0,0,0,1,13.52951002,52.40081546,1,0.0,20 to 24
8,8401243.0,6,9,4,3,5,3,0,1,1,0,0,0,0,0,13.49959658,52.41957456,2,0.5,08 to 12
8,8200624.0,6,17,5,3,6,4,0,0,1,1,0,0,0,0,13.43645412,52.45547513,2,0.0,16 to 20
12,12601235.0,6,15,1,2,1,5,0,0,1,0,0,0,1,0,13.35361962,52.5965514,2,0.0,12 to 16
7,7100102.0,6,18,6,3,6,4,0,0,0,1,1,0,0,1,13.345915,52.49896166,2,0.0,16 to 20
4,4100101.0,6,10,2,3,5,2,0,0,1,0,0,1,0,0,13.32624614,52.53801886,2,0.0,08 to 12
2,2200213.0,6,22,6,3,1,5,2,1,1,0,0,0,0,0,13.41226022,52.49367897,2,0.5,20 to 24
2,2300316.0,6,10,4,3,5,7,0,1,0,0,0,0,1,0,13.44472143,52.50116143,2,0.5,08 to 12
12,12200414.0,6,19,5,2,5,2,0,1,1,0,0,0,0,0,13.30662395,52.55520325,2,0.5,16 to 20
4,4400833.0,6,11,2,3,5,3,0,1,0,0,0,0,1,0,13.3039569,52.47062298,2,0.5,08 to 12
9,9200510.0,6,17,6,3,0,2,0,1,1,0,0,0,0,1,13.5021967,52.48161077,2,0.5,16 to 20
2,2500833.0,6,13,4,3,5,2,0,0,1,0,0,0,1,0,13.45194555,52.51070322,2,0.0,12 to 16
1,1401049.0,6,16,3,3,5,3,0,1,1,0,0,0,0,0,13.36580933,52.55212632,2,0.5,16 to 20
8,8401243.0,6,17,2,3,5,3,0,1,1,0,0,0,0,0,13.49921941,52.42336043,2,0.5,16 to 20
8,8100312.0,6,13,6,2,1,5,0,1,1,0,0,0,0,0,13.44284279,52.48375129,2,0.5,12 to 16
1,1300834.0,6,18,7,3,2,6,0,0,1,0,0,0,0,1,13.39124489,52.54452614,1,0.0,16 to 20
2,2200208.0,6,17,4,3,0,2,0,1,1,0,0,0,0,0,13.38798819,52.49298276,2,0.5,16 to 20
4,4200311.0,6,21,5,3,0,7,1,0,0,0,1,0,0,0,13.27657528,52.50166241,1,0.0,20 to 24
9,9501939.0,6,12,3,2,5,2,0,1,1,0,0,0,0,0,13.56268718,52.45637314,2,0.5,12 to 16
8,8100415.0,6,12,6,3,5,2,0,1,1,0,0,0,0,0,13.44446141,52.47709544,2,0.5,12 to 16
1,1100206.0,6,12,4,3,0,6,0,1,1,0,0,0,0,0,13.38874145,52.51754889,2,0.5,12 to 16
2,2200210.0,6,15,3,3,8,1,0,1,1,0,0,0,0,0,13.3958982,52.49611068,2,0.5,12 to 16
8,8200832.0,6,12,5,3,1,5,0,0,1,0,0,0,1,0,13.43640969,52.42388887,2,0.0,12 to 16
4,4501041.0,6,16,6,3,2,6,0,1,1,0,0,0,0,0,13.31372022,52.5007951,2,0.5,16 to 20
3,3300516.0,6,17,2,2,5,3,0,1,0,0,1,0,0,0,13.44416746,52.56525655,2,0.5,16 to 20
2,2400521.0,6,12,6,3,0,7,0,0,1,1,0,0,0,0,13.43653502,52.52347098,2,0.0,12 to 16
4,4501149.0,6,18,7,3,2,7,0,0,1,0,1,0,0,1,13.33023497,52.49084237,2,0.0,16 to 20
12,12100204.0,6,14,4,3,0,5,0,0,1,0,0,0,1,0,13.35863544,52.56201038,2,0.0,12 to 16
4,4501153.0,6,14,5,3,6,7,0,1,0,1,0,0,0,0,13.33061565,52.48732213,2,0.5,12 to 16
4,4200309.0,6,9,3,3,3,6,0,0,1,0,1,0,0,0,13.25704455,52.51919799,2,0.0,08 to 12
1,1200520.0,6,23,6,3,2,2,2,1,1,0,0,0,0,0,13.34333697,52.52878077,2,0.5,20 to 24
2,2200213.0,6,10,3,3,2,6,0,0,1,0,0,0,0,0,13.42362228,52.4903806,1,0.0,08 to 12
4,4300624.0,6,18,6,3,0,6,0,0,1,0,0,0,1,0,13.32544204,52.5057156,2,0.0,16 to 20
12,12500926.0,6,14,5,3,2,2,0,1,1,0,0,0,0,0,13.33274274,52.5953891,2,0.5,12 to 16
7,7501029.0,6,14,6,3,0,3,0,1,1,0,0,0,0,1,13.37073823,52.44474841,2,0.5,12 to 16
9,9501838.0,6,15,2,3,3,6,0,1,0,0,0,0,1,0,13.72180372,52.42031542,2,0.5,12 to 16
3,3601244.0,6,21,6,3,0,2,1,1,1,0,0,0,0,0,13.42808133,52.55216994,2,0.5,20 to 24
4,4400834.0,6,14,3,3,5,2,0,1,1,0,0,0,0,0,13.3103603,52.47900976,2,0.5,12 to 16
9,9100101.0,6,19,6,3,0,1,0,1,0,0,0,0,0,1,13.4575307,52.48641861,1,1.0,16 to 20
4,4400835.0,6,10,5,3,2,6,0,0,1,0,0,0,1,0,13.31061046,52.46783321,2,0.0,08 to 12
10,10100206.0,6,15,6,2,5,3,0,1,1,0,0,0,0,0,13.57504761,52.56011239,2,0.5,12 to 16
9,9200819.0,6,17,2,3,4,6,0,1,0,0,0,0,0,0,13.56936004,52.44170008,1,1.0,16 to 20
4,4501149.0,6,19,6,3,1,5,1,0,1,0,1,0,0,1,13.32672125,52.4913829,2,0.0,16 to 20
1,1100309.0,6,21,4,3,2,6,1,0,1,0,1,0,0,0,13.39431725,52.52865697,2,0.0,20 to 24
9,9501737.0,6,14,5,3,2,6,0,0,1,0,0,0,0,0,13.64232859,52.47831055,1,0.0,12 to 16
9,9100202.0,6,7,3,2,2,6,0,0,1,0,0,0,0,0,13.47016263,52.47750841,1,0.0,04 to 08
7,7400823.0,6,19,2,3,2,6,0,0,1,0,0,0,0,0,13.37612713,52.45803054,1,0.0,16 to 20
1,1401045.0,6,19,6,3,4,3,0,1,0,0,0,0,1,1,13.3772767,52.55384037,2,0.5,16 to 20
8,8100418.0,6,11,4,3,6,4,0,0,1,1,0,0,0,0,13.44976104,52.47935508,2,0.0,08 to 12
1,1401047.0,6,19,5,3,5,2,0,1,1,0,0,0,0,0,13.35906284,52.54625714,2,0.5,16 to 20
2,2400623.0,6,13,2,3,0,1,0,1,0,0,0,0,0,0,13.43088025,52.51212635,1,1.0,12 to 16
7,7501029.0,6,18,6,3,5,2,0,1,1,0,0,0,0,0,13.38095312,52.44188906,2,0.5,16 to 20
9,9100306.0,6,15,4,2,2,6,0,0,1,0,1,0,0,0,13.49063616,52.45044261,2,0.0,12 to 16
9,9300920.0,6,17,3,3,5,3,0,1,0,0,0,0,1,0,13.52672877,52.40944521,2,0.5,16 to 20
2,2500830.0,6,18,4,3,5,2,0,1,1,0,0,0,0,0,13.45778028,52.51277266,2,0.5,16 to 20
10,10100316.0,6,6,3,3,0,2,0,1,1,0,0,0,0,0,13.58325523,52.54929873,2,0.5,04 to 08
11,11200512.0,6,10,2,2,5,2,0,0,1,0,1,0,0,0,13.470341,52.53998365,2,0.0,08 to 12
8,8100311.0,6,18,6,3,2,6,0,0,1,0,0,0,0,0,13.42670623,52.48727457,1,0.0,16 to 20
6,6300526.0,6,9,4,3,5,2,0,0,1,0,0,0,1,0,13.25974677,52.42963333,2,0.0,08 to 12
2,2300315.0,6,18,5,3,3,6,0,1,0,0,0,0,0,0,13.42600313,52.49925285,1,1.0,16 to 20
3,3701554.0,6,21,1,3,0,7,1,1,1,0,0,0,0,0,13.4086172,52.53751169,2,0.5,20 to 24
4,4100102.0,6,17,6,3,3,6,0,0,1,0,0,1,0,1,13.29397334,52.53348784,2,0.0,16 to 20
4,4500939.0,6,13,4,3,5,2,0,0,1,0,1,0,0,0,13.3079085,52.48859723,2,0.0,12 to 16
11,11200512.0,6,19,3,2,3,6,0,1,0,0,0,1,0,0,13.47209277,52.54757534,2,0.5,16 to 20
7,7601545.0,6,18,2,3,6,4,0,0,1,1,0,0,0,0,13.41652219,52.39460884,2,0.0,16 to 20
3,3500935.0,6,17,6,3,1,5,0,1,1,0,0,0,0,0,13.44786198,52.5484387,2,0.5,16 to 20
2,2300315.0,6,15,7,3,5,3,0,1,1,0,0,0,0,1,13.43041946,52.49921153,2,0.5,12 to 16
1,1300731.0,6,15,2,2,6,7,0,0,0,1,0,0,1,0,13.38331994,52.55949906,2,0.0,12 to 16
2,2100104.0,6,16,6,3,5,2,0,1,1,0,0,0,0,1,13.41043947,52.50379219,2,0.5,16 to 20
3,3200205.0,6,15,7,3,5,2,0,1,1,0,0,0,0,1,13.40169824,52.58732737,2,0.5,12 to 16
10,10100314.0,6,8,4,3,5,2,0,0,1,0,0,0,0,0,13.55709648,52.53420537,1,0.0,08 to 12
3,3500934.0,6,16,5,3,6,4,0,0,1,1,0,0,0,0,13.42963102,52.55459218,2,0.0,16 to 20
9,9200715.0,6,14,1,2,5,2,0,0,1,0,0,0,0,0,13.52700246,52.43779733,1,0.0,12 to 16
2,2200209.0,6,19,3,3,5,2,0,1,1,0,0,0,0,0,13.37660602,52.48940876,2,0.5,16 to 20
3,3601244.0,6,11,1,2,5,3,0,1,1,0,0,0,0,0,13.42621635,52.54855239,2,0.5,08 to 12
6,6100208.0,6,14,3,3,2,6,0,0,1,0,0,0,0,0,13.33141051,52.45351434,1,0.0,12 to 16
7,7601442.0,6,12,5,3,2,7,0,1,1,0,0,0,1,0,13.40449823,52.40029572,3,0.3333333333333333,12 to 16
6,6400844.0,6,15,6,3,1,5,0,1,1,0,0,0,0,1,13.28364996,52.45199401,2,0.5,12 to 16
6,6100209.0,6,17,2,3,5,2,0,1,1,0,0,0,0,0,13.33887096,52.46496778,2,0.5,16 to 20
4,4300619.0,6,16,6,2,6,4,0,0,1,1,0,0,0,0,13.31246892,52.51775034,2,0.0,16 to 20
3,3400724.0,6,14,7,3,0,2,0,0,1,0,1,0,0,1,13.4286113,52.58159548,2,0.0,12 to 16
1,1300835.0,6,22,4,2,0,1,2,1,0,0,0,0,0,0,13.39031612,52.53559296,1,1.0,20 to 24
9,9200716.0,6,15,5,3,0,3,0,0,1,0,1,0,0,0,13.54812885,52.43204526,2,0.0,12 to 16
8,8100209.0,6,10,1,3,5,7,0,1,1,0,0,0,0,0,13.44669,52.46821849,2,0.5,08 to 12
1,1100309.0,6,9,3,3,2,2,0,0,1,0,1,0,0,0,13.39205802,52.52342871,2,0.0,08 to 12
8,8100206.0,6,7,4,3,0,7,0,0,1,0,0,0,0,0,13.4345694,52.47925315,1,0.0,04 to 08
7,7400927.0,6,20,5,2,1,5,0,0,1,0,1,0,0,0,13.40606464,52.46372004,2,0.0,20 to 24
2,2100106.0,6,20,1,3,2,6,0,0,1,0,0,0,0,0,13.40936794,52.49853425,1,0.0,20 to 24
8,8200624.0,6,11,3,3,3,6,0,0,1,0,0,0,0,0,13.43040521,52.45231354,1,0.0,08 to 12
5,5200527.0,6,13,6,3,6,7,0,1,0,1,0,0,0,0,13.16914105,52.52064614,2,0.5,12 to 16
10,10200420.0,6,13,3,3,6,4,0,1,0,1,0,0,0,0,13.59873758,52.53750324,2,0.5,12 to 16
2,2300315.0,6,15,6,3,5,2,0,1,1,0,0,0,0,1,13.43205219,52.49933451,2,0.5,12 to 16
6,6400844.0,6,8,5,3,5,2,0,1,0,0,0,0,1,0,13.30911097,52.46757847,2,0.5,08 to 12
1,1200628.0,6,14,6,3,5,2,0,1,1,0,0,0,0,0,13.35561255,52.519717,2,0.5,12 to 16
3,3400827.0,6,6,2,3,0,5,0,0,0,0,1,0,1,0,13.42079691,52.55421995,2,0.0,04 to 08
7,7601340.0,6,14,6,3,5,3,0,1,1,0,0,0,0,0,13.35933749,52.4090249,2,0.5,12 to 16
3,3601244.0,6,19,4,3,5,3,0,0,1,0,1,0,0,0,13.42620545,52.54866059,2,0.0,16 to 20
8,8100310.0,6,18,1,3,0,5,0,1,0,0,0,0,1,0,13.42808903,52.49315683,2,0.5,16 to 20
4,4200310.0,6,7,3,3,2,6,0,0,1,0,0,0,0,0,13.26678356,52.5125651,1,0.0,04 to 08
11,11300721.0,6,11,2,3,2,6,0,0,1,0,1,0,0,0,13.51424201,52.53514677,2,0.0,08 to 12
6,6300525.0,6,14,6,3,5,3,0,1,1,0,0,0,0,0,13.26827109,52.40647135,2,0.5,12 to 16
6,6300631.0,6,11,4,3,9,1,0,0,0,0,1,0,0,0,13.30241636,52.41992105,1,0.0,08 to 12
4,4501042.0,6,11,2,3,3,6,0,1,0,0,0,0,1,0,13.33324361,52.50657693,2,0.5,08 to 12
4,4300518.0,6,14,6,3,5,3,0,0,1,0,0,0,0,0,13.29576828,52.5303924,1,0.0,12 to 16
1,1100308.0,6,11,4,3,0,1,0,1,0,0,0,0,0,0,13.38653479,52.52774345,1,1.0,08 to 12
4,4501153.0,6,13,6,3,0,1,0,0,0,0,1,0,0,0,13.33569253,52.48587417,1,0.0,12 to 16
5,5100317.0,6,14,2,3,0,1,0,0,0,0,1,0,0,0,13.20760469,52.53269976,1,0.0,12 to 16
9,9200819.0,6,13,6,2,0,2,0,0,1,0,0,0,1,0,13.56342251,52.44571923,2,0.0,12 to 16
12,12200310.0,6,17,4,2,5,3,0,0,1,0,1,0,0,0,13.3143705,52.57458257,2,0.0,16 to 20
1,1400937.0,6,19,1,3,5,3,0,1,1,0,0,0,0,0,13.33495493,52.5565045,2,0.5,16 to 20
8,8401241.0,6,17,3,3,1,5,0,1,1,0,0,0,0,0,13.47652233,52.43796105,2,0.5,16 to 20
1,1100310.0,6,9,2,3,0,1,0,1,0,0,0,0,0,0,13.4170944,52.52594892,1,1.0,08 to 12
4,4100102.0,6,10,6,3,0,1,0,0,0,0,1,0,0,0,13.29312086,52.53436188,1,0.0,08 to 12
11,11100309.0,6,13,7,3,3,6,0,0,0,0,1,1,0,1,13.50810761,52.56447986,2,0.0,12 to 16
3,3701660.0,6,9,4,3,6,7,0,1,0,1,0,0,0,0,13.43484462,52.53221989,2,0.5,08 to 12
6,6100208.0,6,18,5,3,0,6,0,0,1,0,1,0,0,0,13.33807519,52.45136749,2,0.0,16 to 20
9,9501838.0,6,15,1,3,5,2,0,1,1,0,0,0,0,0,13.68580035,52.44283129,2,0.5,12 to 16
9,9301025.0,6,10,6,3,5,3,0,0,1,0,0,1,0,0,13.55585693,52.39929674,2,0.0,08 to 12
7,7100103.0,6,12,4,3,3,6,0,1,0,0,0,0,0,0,13.35765787,52.5006058,1,1.0,12 to 16
4,4300620.0,6,19,5,3,1,7,0,0,1,0,1,0,0,0,13.32483738,52.52180599,2,0.0,16 to 20
3,3100102.0,6,14,2,3,0,3,0,0,1,0,1,0,0,0,13.50337629,52.63660869,2,0.0,12 to 16
11,11300722.0,6,9,6,3,3,6,0,1,1,0,0,0,0,0,13.47936522,52.52040686,2,0.5,08 to 12
2,2400625.0,6,14,4,3,2,6,0,0,1,0,0,0,0,0,13.44383408,52.50360933,1,0.0,12 to 16
9,9401635.0,6,16,3,3,2,3,0,1,1,0,0,0,1,0,13.66245465,52.41162625,3,0.3333333333333333,16 to 20
6,6300632.0,6,21,2,2,0,1,1,0,0,0,1,0,0,0,13.28896569,52.42302446,1,0.0,20 to 24
1,1400938.0,6,7,6,3,6,4,0,0,1,1,0,0,0,0,13.34101403,52.55159469,2,0.0,04 to 08
7,7100101.0,6,11,7,3,0,7,0,0,0,1,0,0,1,0,13.34165955,52.50206777,2,0.0,08 to 12
12,12200412.0,6,7,4,2,0,7,0,0,1,0,0,0,0,0,13.27150476,52.57358621,1,0.0,04 to 08
3,3500935.0,6,20,5,3,7,7,0,1,0,0,0,0,0,0,13.4480689,52.54924413,1,1.0,20 to 24
9,9200819.0,6,17,1,2,0,1,0,1,0,0,0,0,0,0,13.57154575,52.43621102,1,1.0,16 to 20
11,11200411.0,6,12,3,2,5,7,0,0,1,0,0,1,0,0,13.51600193,52.54634598,2,0.0,12 to 16
2,2100105.0,6,10,7,3,1,5,0,1,1,0,0,0,0,1,13.40837728,52.50065812,2,0.5,08 to 12
7,7501031.0,6,14,3,3,2,6,0,0,1,0,0,0,0,0,13.40126752,52.44613154,1,0.0,12 to 16
12,12200307.0,6,11,5,3,0,1,0,0,0,0,1,0,0,0,13.32611378,52.57571394,1,0.0,08 to 12
4,4300623.0,6,16,6,3,0,6,0,0,1,0,0,0,1,0,13.30594324,52.50670824,2,0.0,16 to 20
7,7501030.0,6,19,3,2,1,7,0,0,1,0,0,0,0,0,13.38481338,52.44676937,1,0.0,16 to 20
8,8401243.0,6,13,5,3,5,3,0,1,1,0,0,0,0,0,13.4947105,52.41841308,2,0.5,12 to 16
10,10400941.0,6,17,6,3,5,3,0,0,1,0,1,0,0,0,13.61569679,52.48479684,2,0.0,16 to 20
9,9200511.0,6,18,2,3,1,5,0,1,1,0,0,0,0,0,13.52039787,52.46099794,2,0.5,16 to 20
1,1100102.0,6,6,6,3,5,2,0,0,1,0,1,0,0,0,13.37109583,52.51111037,2,0.0,04 to 08
7,7400822.0,6,13,7,3,1,5,0,0,1,0,1,0,0,1,13.36586172,52.45973853,2,0.0,12 to 16
1,1401047.0,6,0,4,3,5,3,2,0,1,0,0,0,0,0,13.36070269,52.5454379,1,0.0,00 to 04
1,1300836.0,6,16,5,3,6,2,0,0,1,1,0,0,0,0,13.37851727,52.54471338,2,0.0,16 to 20
1,1100313.0,6,11,3,3,5,3,0,1,1,0,0,0,0,0,13.42229486,52.50544908,2,0.5,08 to 12
9,9401534.0,6,11,6,3,0,1,0,1,0,0,0,0,0,0,13.57532055,52.44750974,1,1.0,08 to 12
1,1100103.0,6,12,3,3,5,3,0,0,1,0,0,0,0,0,13.35216437,52.50551922,1,0.0,12 to 16
8,8401244.0,6,12,6,3,2,6,0,0,1,0,0,0,0,0,13.50383825,52.41141008,1,0.0,12 to 16
12,12500926.0,6,12,5,3,1,5,0,0,1,0,0,0,0,0,13.32504921,52.58878063,1,0.0,12 to 16
6,6300634.0,6,14,6,3,5,3,0,0,1,0,0,0,0,1,13.29598741,52.43810427,1,0.0,12 to 16
6,6200422.0,6,15,2,3,2,6,0,0,1,0,0,0,0,0,13.32614189,52.42786969,1,0.0,12 to 16
5,5100313.0,6,12,6,3,5,2,0,1,1,0,0,0,0,0,13.20982347,52.54789907,2,0.5,12 to 16
6,6100205.0,6,19,4,3,5,7,0,0,1,0,1,0,0,0,13.34578553,52.45012037,2,0.0,16 to 20
11,11200410.0,6,12,7,3,5,3,0,1,1,0,0,0,0,0,13.5025944,52.55573742,2,0.5,12 to 16
3,3300516.0,6,16,2,3,1,6,0,1,1,0,0,0,0,0,13.44682932,52.56488324,2,0.5,16 to 20
6,6300634.0,6,11,6,3,5,2,0,0,1,0,0,0,1,0,13.29812923,52.44166606,2,0.0,08 to 12
6,6300524.0,6,22,4,3,5,2,2,1,0,0,1,0,0,0,13.24101089,52.43215362,2,0.5,20 to 24
6,6200420.0,6,14,5,3,2,6,0,0,1,0,0,0,0,0,13.30251134,52.41473864,1,0.0,12 to 16
1,1300834.0,6,8,3,3,5,2,0,1,1,0,0,0,0,0,13.39590704,52.53823756,2,0.5,08 to 12
8,8100314.0,6,22,2,3,5,2,2,1,1,0,0,0,0,0,13.43361869,52.48207781,2,0.5,20 to 24
10,10300731.0,6,17,5,3,0,2,0,1,1,0,0,0,0,0,13.56298448,52.51419861,2,0.5,16 to 20
1,1100311.0,6,19,4,3,5,2,0,1,1,0,0,0,0,0,13.41636163,52.5199615,2,0.5,16 to 20
9,9200819.0,6,16,5,3,3,6,0,0,1,0,0,0,0,0,13.56974017,52.44194883,1,0.0,16 to 20
1,1401047.0,6,13,2,3,5,3,0,0,1,0,0,0,1,0,13.36378422,52.54353522,2,0.0,12 to 16
2,2100104.0,6,1,5,3,0,1,2,1,0,0,0,0,0,1,13.41047449,52.50381551,1,1.0,00 to 04
9,9100304.0,6,16,4,3,0,1,0,0,0,0,1,0,0,0,13.47988647,52.47066095,1,0.0,16 to 20
3,3400721.0,6,17,3,3,2,1,0,1,1,0,0,0,0,0,13.40259519,52.56553176,2,0.5,16 to 20
4,4300622.0,6,8,2,3,5,7,0,0,1,0,1,0,0,0,13.32287161,52.51746838,2,0.0,08 to 12
6,6400839.0,6,15,5,3,0,7,0,1,0,0,0,0,0,0,13.25587976,52.43919135,1,1.0,12 to 16
3,3200206.0,6,7,3,3,5,3,0,1,0,0,0,0,0,0,13.40399636,52.58145621,1,1.0,04 to 08
4,4500939.0,6,10,2,3,5,3,0,1,1,0,0,0,0,0,13.30928776,52.4920559,2,0.5,08 to 12
9,9401433.0,6,21,5,2,0,7,1,1,0,0,0,0,0,0,13.59350445,52.43975033,1,1.0,20 to 24
7,7501134.0,6,10,4,3,8,1,0,0,1,1,0,0,0,0,13.40504591,52.42789612,2,0.0,08 to 12
6,6400737.0,6,18,5,3,1,5,0,1,1,0,0,0,0,0,13.1864618,52.43204587,2,0.5,16 to 20
4,4400726.0,6,21,1,3,1,5,1,1,1,0,0,0,0,0,13.27945564,52.48869953,2,0.5,20 to 24
2,2500830.0,6,19,5,3,0,1,0,1,0,0,0,0,0,0,13.45768096,52.51280694,1,1.0,16 to 20
2,2100104.0,6,13,4,2,8,1,0,0,0,0,0,0,1,0,13.41080374,52.50341943,1,0.0,12 to 16
2,2200211.0,6,11,7,3,6,4,0,1,1,1,0,0,0,0,13.39312378,52.48920347,3,0.3333333333333333,08 to 12
5,5100208.0,6,16,3,3,2,2,0,0,1,0,0,0,0,0,13.16228266,52.5475914,1,0.0,16 to 20
11,11100205.0,6,8,2,3,5,2,0,0,1,0,1,0,0,0,13.51236384,52.56803673,2,0.0,08 to 12
3,3601348.0,6,19,5,3,5,3,0,1,1,0,0,0,0,0,13.42260201,52.54458697,2,0.5,16 to 20
3,3601348.0,6,5,7,3,1,5,0,1,1,0,0,0,0,0,13.42057729,52.5419682,2,0.5,04 to 08
3,3100103.0,6,15,4,3,5,3,0,1,1,0,0,0,0,0,13.49599061,52.6259947,2,0.5,12 to 16
4,4501040.0,6,21,5,3,5,2,1,0,1,0,0,0,0,0,13.31297428,52.49993362,1,0.0,20 to 24
4,4300414.0,6,5,7,3,3,6,1,1,1,0,0,0,0,0,13.300983950000001,52.51530956,2,0.5,04 to 08
6,6200316.0,6,8,4,3,1,5,0,0,1,0,0,0,1,0,13.35649965,52.42940926,2,0.0,08 to 12
3,3200308.0,6,17,5,3,1,5,0,0,1,0,0,0,0,0,13.41561722,52.60506654,1,0.0,16 to 20
12,12601236.0,6,14,1,3,5,2,0,1,1,0,0,0,0,0,13.34756487,52.59635833,2,0.5,12 to 16
9,9401329.0,6,5,4,3,6,6,0,1,0,1,0,0,0,0,13.58773912,52.43873837,2,0.5,04 to 08
5,5200629.0,6,15,3,3,5,2,0,1,1,0,0,0,0,0,13.19555544,52.52922028,2,0.5,12 to 16
1,1300733.0,6,12,5,3,6,4,0,1,0,1,0,0,0,0,13.38416776,52.55604029,2,0.5,12 to 16
3,3601141.0,6,19,6,3,0,7,0,1,0,1,0,0,0,0,13.40659894,52.55128177,2,0.5,16 to 20
7,7400927.0,6,17,2,3,5,7,0,1,1,0,0,0,0,0,13.38833885,52.46856281,2,0.5,16 to 20
1,1200522.0,6,19,5,3,5,3,0,1,1,0,0,0,0,0,13.33763875,52.52527133,2,0.5,16 to 20
2,2400521.0,6,3,7,2,5,2,2,0,1,0,0,0,0,1,13.44065624,52.517174,1,0.0,00 to 04
4,4400835.0,6,22,4,3,6,7,2,0,1,1,0,0,0,0,13.31128866,52.46819855,2,0.0,20 to 24
5,5200632.0,6,16,5,3,5,2,0,0,1,0,1,0,0,0,13.21593702,52.52694832,2,0.0,16 to 20
2,2300316.0,6,9,3,3,5,7,0,1,1,0,0,0,0,0,13.43873096,52.50275341,2,0.5,08 to 12
2,2500834.0,6,17,3,3,3,6,0,0,0,0,0,1,1,0,13.45079605,52.50916706,2,0.0,16 to 20
11,11100204.0,6,18,5,3,5,2,0,1,1,0,0,0,0,0,13.52052225,52.56873126,2,0.5,16 to 20
7,7601341.0,6,11,3,3,5,3,0,1,1,0,0,0,0,0,13.38165785,52.41086894,2,0.5,08 to 12
2,2200210.0,6,18,5,3,5,2,0,1,1,0,0,0,0,0,13.39447783,52.49141608,2,0.5,16 to 20
6,6400737.0,6,13,3,3,0,6,0,1,1,0,0,0,0,0,13.18746065,52.42592731,2,0.5,12 to 16
2,2100103.0,6,19,5,3,2,6,0,1,1,0,0,0,0,0,13.3989966,52.49827753,2,0.5,16 to 20
6,6200316.0,6,8,5,3,0,1,0,1,0,0,0,0,0,0,13.35529946,52.42730546,1,1.0,08 to 12
9,9200819.0,6,15,6,3,0,1,0,0,0,0,1,0,0,1,13.56927099,52.44314312,1,0.0,12 to 16
2,2400521.0,6,17,2,2,5,2,0,1,1,0,0,0,0,0,13.43288046,52.51781772,2,0.5,16 to 20
1,1100205.0,6,17,5,3,2,2,0,0,1,0,0,0,1,0,13.38408466,52.51019567,2,0.0,16 to 20
6,6400736.0,6,19,4,2,0,1,1,1,0,0,0,0,0,0,13.22946882,52.42680285,1,1.0,16 to 20