bez,lor_ab_2021,umonat,ustunde,uwochentag,ukategorie,uart,utyp1,ulichtverh,istrad,istpkw,istfuss,istkrad,istgkfz,istsonstige,ustrzustand,xgcswgs84,ygcswgs84,all_acc,perc_bike_acc,rushhours
1,1100205.0,6,13,5,3,1,5,0,0,1,0,1,0,0,0,13.37896604,52.50719184,2,0.0,12 to 16
12,12100205.0,6,18,3,3,3,6,0,1,1,0,0,0,0,0,13.35987428,52.57005369,2,0.5,16 to 20
4,4501150.0,6,11,2,3,4,2,0,1,1,0,0,0,0,0,13.32588819,52.4852516,2,0.5,08 to 12
10,10400941.0,6,17,5,3,5,3,0,1,1,0,0,0,0,0,13.60114074,52.47923623,2,0.5,16 to 20
11,11300618.0,6,11,4,3,2,6,0,0,1,0,0,0,1,0,13.4593312,52.5258399,2,0.0,08 to 12
2,2200209.0,6,19,5,3,6,7,0,1,0,1,0,0,0,0,13.38056867,52.49168364,2,0.5,16 to 20
1,1100103.0,6,13,2,3,2,6,0,1,0,0,0,0,0,0,13.35141991,52.50439188,1,1.0,12 to 16
2,2200210.0,6,16,5,3,5,3,0,0,1,0,0,0,0,0,13.39268736,52.49175331,1,0.0,16 to 20
4,4100101.0,6,15,4,3,0,3,0,0,1,0,0,0,1,0,13.30733615,52.53939037,2,0.0,12 to 16
1,1100104.0,6,22,4,3,6,7,2,1,0,1,0,0,0,0,13.36863564,52.50239867,2,0.5,20 to 24
3,3601348.0,6,14,6,3,5,3,0,1,1,0,0,0,0,0,13.42266712,52.54461887,2,0.5,12 to 16
1,1200628.0,6,14,2,3,2,6,0,0,1,0,0,1,0,0,13.35547421,52.51956919,2,0.0,12 to 16
4,4300619.0,6,16,5,3,6,7,0,0,1,1,0,0,0,0,13.30824662,52.51680656,2,0.0,16 to 20
1,1100309.0,6,17,4,3,1,5,0,1,1,0,0,0,0,0,13.39737237,52.52383058,2,0.5,16 to 20
6,6300524.0,6,5,3,3,1,1,0,0,1,0,0,0,1,0,13.24892711,52.41946559,2,0.0,04 to 08
5,5100211.0,6,9,2,3,0,7,0,1,0,0,0,0,1,0,13.17994559,52.53883357,2,0.5,08 to 12
12,12601235.0,6,16,5,2,1,5,0,0,1,0,1,0,0,0,13.35887914,52.59262926,2,0.0,16 to 20
4,4100101.0,6,9,4,3,5,3,0,0,1,0,0,0,1,0,13.3110052,52.54759736,2,0.0,08 to 12
12,12200308.0,6,17,5,3,2,6,0,0,1,0,0,0,0,0,13.31827981,52.57615762,1,0.0,16 to 20
1,1100102.0,6,16,1,2,0,1,0,1,0,0,0,0,0,0,13.37000215,52.51628873,1,1.0,16 to 20
9,9100409.0,6,15,5,3,2,7,0,1,0,0,0,0,1,0,13.51034028,52.45385163,2,0.5,12 to 16
7,7100102.0,6,13,4,3,2,6,0,0,1,0,1,0,0,0,13.34658653,52.50135003,2,0.0,12 to 16
2,1100313.0,6,15,3,3,1,7,0,0,1,0,0,0,1,0,13.41751676,52.50428879,2,0.0,12 to 16
4,4100101.0,6,17,3,2,5,3,0,0,0,0,1,0,1,0,13.32597021,52.538866,2,0.0,16 to 20
4,4501151.0,6,19,2,3,6,7,0,1,0,1,0,0,0,0,13.32227249,52.4787563,2,0.5,16 to 20
5,5200528.0,6,15,5,3,5,3,0,0,1,0,0,0,1,0,13.17695494,52.51708251,2,0.0,12 to 16
4,4100101.0,6,1,7,3,0,1,2,0,1,0,0,0,0,1,13.29681029,52.54801219,1,0.0,00 to 04
4,4200310.0,6,8,4,3,1,5,0,0,1,0,0,1,0,0,13.26282192,52.51348859,2,0.0,08 to 12
4,4500939.0,6,16,5,3,5,2,0,1,1,0,0,0,0,0,13.30942923,52.49201483,2,0.5,16 to 20
4,4501153.0,6,12,1,2,6,7,0,0,1,1,0,0,0,0,13.32902988,52.47961048,2,0.0,12 to 16
9,9200716.0,6,18,7,3,0,1,0,0,0,0,1,0,0,1,13.54808116,52.43789886,1,0.0,16 to 20
4,4501153.0,6,14,3,3,1,5,0,1,1,0,0,0,0,0,13.33087307,52.48466233,2,0.5,12 to 16
7,7100102.0,6,17,7,3,5,2,0,1,1,0,0,0,0,1,13.35324285,52.50173158,2,0.5,16 to 20
12,12500825.0,6,14,3,3,5,2,0,0,1,0,0,0,0,0,13.31624881,52.58678538,1,0.0,12 to 16
9,9501737.0,6,12,5,3,0,1,0,1,0,0,0,0,0,0,13.62480958,52.45164666,1,1.0,12 to 16
8,8100520.0,6,17,6,3,3,6,0,0,1,0,0,0,0,0,13.46121413,52.47150174,1,0.0,16 to 20
8,8401243.0,6,17,2,3,0,3,0,1,1,0,0,0,0,0,13.49556525,52.42466522,2,0.5,16 to 20
10,10200627.0,6,8,5,3,6,7,0,0,1,1,0,0,0,0,13.59006392,52.52869839,2,0.0,08 to 12
1,1100313.0,6,22,4,3,0,1,2,1,0,0,0,0,0,0,13.42870754,52.50873057,1,1.0,20 to 24
7,7501134.0,6,15,5,3,0,7,0,1,0,0,0,0,1,0,13.39864706,52.43163928,2,0.5,12 to 16
11,11100102.0,7,10,7,2,1,5,0,1,1,0,0,0,0,0,13.56521881,52.57259611,2,0.5,08 to 12
2,2200212.0,6,13,2,3,2,3,0,1,1,0,0,0,0,0,13.41483236,52.4892352,2,0.5,12 to 16
8,8100207.0,6,0,1,3,0,1,2,1,0,0,0,0,0,0,13.4291267,52.47790673,1,1.0,00 to 04
6,6200421.0,7,21,5,3,0,2,0,1,0,0,1,0,0,0,13.32159099,52.43573585,2,0.5,20 to 24
1,1100207.0,7,8,4,3,3,6,0,1,1,0,0,0,0,0,13.39183352,52.51041365,2,0.5,08 to 12
2,2300417.0,7,18,6,3,6,4,0,0,1,1,0,0,0,0,13.42984115,52.49823354,2,0.0,16 to 20
6,6100103.0,6,13,2,2,2,7,0,0,1,0,0,0,0,0,13.32479966,52.46163004,1,0.0,12 to 16
2,2300315.0,6,20,3,3,5,2,0,1,1,0,0,0,0,0,13.42279248,52.49905266,2,0.5,20 to 24
4,4300624.0,6,13,1,3,3,5,0,0,1,0,1,0,0,1,13.32537173,52.50571941,2,0.0,12 to 16
11,11300722.0,7,19,1,3,1,5,0,1,1,0,0,0,0,1,13.48141842,52.51472057,2,0.5,16 to 20
11,11200513.0,6,9,3,3,2,6,0,0,0,0,1,0,1,0,13.49090181,52.5432738,2,0.0,08 to 12
2,2300419.0,6,14,1,3,0,7,0,0,1,1,0,0,0,0,13.44289273,52.49818597,2,0.0,12 to 16
9,9401329.0,7,9,7,3,5,2,0,1,1,0,0,0,0,0,13.59688302,52.43695883,2,0.5,08 to 12
1,1100416.0,6,19,2,2,0,1,0,1,0,0,0,0,0,0,13.4034122,52.532217,1,1.0,16 to 20
1,1100311.0,6,14,1,3,2,6,0,0,1,0,0,0,0,1,13.41769751,52.5182021,1,0.0,12 to 16
2,2500835.0,7,16,4,3,1,5,0,0,1,0,0,0,1,0,13.46526792,52.4983291,2,0.0,16 to 20
11,11200411.0,7,13,6,3,5,3,0,0,1,0,0,1,0,0,13.51393628,52.55127388,2,0.0,12 to 16
7,7300515.0,6,16,3,3,5,2,0,1,1,0,0,0,0,0,13.32850575,52.47111971,2,0.5,16 to 20
9,9501737.0,7,1,1,2,0,1,2,0,0,0,1,0,0,0,13.64295937,52.45598714,1,0.0,00 to 04
1,1400938.0,6,19,3,3,2,3,0,1,1,0,0,0,0,0,13.34041447,52.55110017,2,0.5,16 to 20
4,4500936.0,7,16,1,2,1,5,0,1,0,0,0,0,1,0,13.29617124,52.50230003,2,0.5,16 to 20
2,2500831.0,6,8,3,3,5,3,0,1,1,0,0,0,0,0,13.46993059,52.51228414,2,0.5,08 to 12
9,9301025.0,6,14,1,3,5,3,0,1,1,0,0,0,0,1,13.57393706,52.40186412,2,0.5,12 to 16
1,1200517.0,7,14,5,3,1,5,0,1,1,0,0,0,0,0,13.32602262,52.53250962,2,0.5,12 to 16
1,1100207.0,7,17,7,3,6,4,0,0,1,1,0,0,0,0,13.4057666,52.51403834,2,0.0,16 to 20
9,9300920.0,6,11,2,3,1,5,0,1,1,0,0,0,0,0,13.53676978,52.41889417,2,0.5,08 to 12
2,2100103.0,6,16,1,3,1,1,0,1,1,0,0,0,0,0,13.39744558,52.50521291,2,0.5,16 to 20
4,4500937.0,7,23,4,2,6,4,2,0,0,1,0,0,1,1,13.28773432,52.49714295,2,0.0,20 to 24
5,5200423.0,7,12,6,3,5,3,0,1,1,0,0,0,0,0,13.15933644,52.52958819,2,0.5,12 to 16
7,7601236.0,6,15,3,3,5,3,0,0,1,0,0,0,0,0,13.36167371,52.41566218,1,0.0,12 to 16
4,4501040.0,7,17,7,3,2,6,0,1,0,0,0,0,0,0,13.31308409,52.50085397,1,1.0,16 to 20
5,5200631.0,6,21,2,3,5,3,1,1,1,0,0,0,0,0,13.19602231,52.52734525,2,0.5,20 to 24
6,6300524.0,6,14,1,2,5,3,0,1,1,0,0,0,0,1,13.23003314,52.43085103,2,0.5,12 to 16
9,9100101.0,7,20,5,3,5,2,0,1,1,0,0,0,0,0,13.45639795,52.48724185,2,0.5,20 to 24
11,11100309.0,7,0,5,3,2,6,2,0,1,0,0,0,0,0,13.50852088,52.56440829,1,0.0,00 to 04
5,5200632.0,7,13,6,3,1,5,0,0,1,0,0,0,0,0,13.21761915,52.52656786,1,0.0,12 to 16
5,5100316.0,6,17,2,3,3,6,0,0,1,0,1,0,0,0,13.20394885,52.54063002,2,0.0,16 to 20
9,9200614.0,6,12,1,3,5,3,0,0,1,0,1,0,0,0,13.53629876,52.45132196,2,0.0,12 to 16
9,9100101.0,6,16,2,3,0,1,0,1,0,0,0,0,0,1,13.45769765,52.48629685,1,1.0,16 to 20
11,11401034.0,6,12,1,3,5,3,0,1,1,0,0,0,0,0,13.53069189,52.51016365,2,0.5,12 to 16
3,3300514.0,7,8,5,3,5,3,0,1,1,0,0,0,0,0,13.44226662,52.59104225,2,0.5,08 to 12
9,9200715.0,7,15,7,3,5,3,0,1,1,0,0,0,0,0,13.52244863,52.42838555,2,0.5,12 to 16
1,1401049.0,6,17,2,3,5,2,0,1,0,0,0,0,1,0,13.3657528,52.55683498,2,0.5,16 to 20
6,6300629.0,6,12,1,3,0,3,0,0,1,0,1,0,0,0,13.2971639,52.45216241,2,0.0,12 to 16
2,2200210.0,7,14,4,3,1,1,0,1,1,0,1,0,0,1,13.40144796,52.49427339,3,0.3333333333333333,12 to 16
8,8100312.0,7,11,6,3,6,7,0,0,1,1,0,0,0,0,13.43589843,52.48369489,2,0.0,08 to 12
4,4501146.0,6,6,3,3,3,6,0,0,1,0,0,0,0,0,13.30845185,52.48768582,1,0.0,04 to 08
2,2200210.0,7,19,7,3,0,1,0,1,0,0,0,0,0,0,13.39767464,52.4953552,1,1.0,16 to 20
5,5200632.0,6,12,2,3,5,2,0,1,0,0,1,0,0,0,13.20758313,52.52633185,2,0.5,12 to 16
9,9501941.0,6,14,7,3,0,1,0,1,0,0,0,0,0,0,13.58318065,52.45170118,1,1.0,12 to 16
12,12601235.0,7,20,5,3,5,2,0,0,1,0,1,0,0,0,13.3484482,52.59627632,2,0.0,20 to 24
11,11300722.0,7,15,4,2,0,1,0,0,0,0,1,0,0,1,13.48002756,52.5174173,1,0.0,12 to 16
5,5200629.0,7,20,6,3,5,2,0,1,1,0,0,0,0,0,13.19459608,52.53362758,2,0.5,20 to 24
10,10100312.0,6,16,2,3,5,2,0,1,1,0,0,0,0,1,13.54012811,52.52566473,2,0.5,16 to 20
2,2200211.0,7,8,4,3,6,4,0,0,0,1,1,0,0,0,13.38886889,52.48981006,2,0.0,08 to 12
11,11400931.0,6,11,7,3,0,5,0,1,1,0,0,0,0,0,13.51927648,52.50859785,2,0.5,08 to 12
2,2300418.0,6,11,3,3,5,3,0,1,0,0,0,0,0,0,13.43902063,52.49498774,1,1.0,08 to 12
6,6200420.0,7,10,4,2,5,2,0,1,0,0,0,1,0,0,13.30516451,52.41778661,2,0.5,08 to 12
7,7501135.0,6,13,3,3,2,2,0,0,1,0,0,0,0,0,13.39522896,52.42435111,1,0.0,12 to 16
2,2200210.0,7,3,7,3,1,5,2,0,1,0,0,0,1,0,13.39384009,52.49154263,2,0.0,00 to 04
9,9200715.0,6,10,2,3,5,2,0,1,1,0,0,0,0,0,13.52670912,52.42879879,2,0.5,08 to 12
10,10200417.0,6,14,7,3,3,6,0,0,1,0,1,0,0,0,13.59244976,52.54849604,2,0.0,12 to 16
1,1100103.0,7,20,5,3,1,5,0,1,1,0,0,0,0,0,13.35177037,52.50258111,2,0.5,20 to 24
2,2400521.0,7,18,4,2,5,3,0,1,1,0,0,0,0,0,13.43290576,52.51791079,2,0.5,16 to 20
5,5200629.0,7,17,6,3,2,2,0,0,1,0,0,0,0,0,13.19670527,52.53143235,1,0.0,16 to 20
10,10400836.0,6,16,2,3,0,2,0,1,1,0,0,0,0,1,13.58725653,52.51114364,2,0.5,16 to 20
5,5100316.0,6,21,3,3,5,2,0,0,0,0,1,0,1,0,13.20405683,52.54049898,2,0.0,20 to 24
11,11400929.0,6,13,7,3,0,6,0,1,1,0,0,0,0,0,13.48866379,52.50255978,2,0.5,12 to 16
9,9200511.0,7,17,1,3,6,4,0,1,0,1,0,0,0,0,13.51495628,52.46844232,2,0.5,16 to 20
4,4200311.0,6,8,3,3,2,6,0,0,1,0,0,0,0,0,13.27915062,52.50121759,1,0.0,08 to 12
12,12200515.0,6,13,7,3,0,1,0,0,0,0,1,0,0,0,13.28046934,52.594177,1,0.0,12 to 16
8,8200623.0,7,18,7,3,5,2,0,0,1,0,0,0,0,1,13.44920841,52.45238485,1,0.0,16 to 20
2,2300316.0,6,16,2,3,0,5,0,1,1,0,0,0,0,1,13.43551354,52.50423075,2,0.5,16 to 20
7,7501031.0,6,13,7,3,5,3,0,1,1,0,0,0,0,0,13.39683099,52.44723266,2,0.5,12 to 16
12,12200310.0,6,13,7,3,0,6,0,1,0,0,0,0,0,0,13.30134221,52.56937845,1,1.0,12 to 16
4,4501041.0,7,11,7,3,0,1,0,0,0,0,1,0,0,0,13.32293138,52.49989365,1,0.0,08 to 12
7,7601546.0,6,15,2,3,5,2,0,1,1,0,0,0,0,1,13.38885039,52.39841547,2,0.5,12 to 16
2,2100106.0,6,13,7,3,6,4,0,1,0,1,0,0,0,0,13.41470356,52.49849789,2,0.5,12 to 16
5,5300737.0,7,16,4,3,2,6,0,0,1,0,0,0,0,0,13.24619372,52.54429929,1,0.0,16 to 20
3,3601245.0,7,14,6,3,0,2,0,1,0,0,0,0,1,0,13.42992307,52.55108766,2,0.5,12 to 16
5,5400943.0,6,9,2,3,0,7,0,0,1,0,0,0,0,0,13.14168685,52.45543077,1,0.0,08 to 12
7,7400826.0,6,18,3,3,0,2,0,0,1,1,0,0,0,0,13.36413451,52.44831843,2,0.0,16 to 20
6,6400737.0,7,14,1,3,5,2,0,1,1,0,0,0,0,0,13.19173167,52.43366014,2,0.5,12 to 16
4,4300414.0,6,8,3,2,0,1,0,0,0,0,0,0,1,0,13.29658668,52.51358296,1,0.0,08 to 12
4,4400831.0,6,13,7,2,0,1,0,1,0,0,0,0,0,0,13.282612,52.47565894,1,1.0,12 to 16
7,7400823.0,7,12,5,3,5,2,0,1,1,0,0,0,0,0,13.37791706,52.46855722,2,0.5,12 to 16
9,9502043.0,7,16,7,3,2,6,0,0,1,0,0,0,0,0,13.58479971,52.46639479,1,0.0,16 to 20
2,2500833.0,6,15,2,3,5,2,0,1,1,0,0,0,0,0,13.45165949,52.51075963,2,0.5,12 to 16
12,12200412.0,6,13,7,3,2,2,0,0,1,0,0,0,1,0,13.25452798,52.56183883,2,0.0,12 to 16
12,12500930.0,7,18,4,3,5,3,0,0,1,0,0,0,0,0,13.33480111,52.58731039,1,0.0,16 to 20
10,10300731.0,7,11,6,3,3,6,0,0,1,0,0,0,0,0,13.56529037,52.52545552,1,0.0,08 to 12
3,3300516.0,6,14,3,2,6,4,0,0,1,1,0,0,0,0,13.43731786,52.57482129,2,0.0,12 to 16
1,1100308.0,7,16,4,3,6,7,0,0,1,1,0,0,0,0,13.38674894,52.52373626,2,0.0,16 to 20
7,7501029.0,7,13,6,3,3,2,0,0,1,0,0,1,0,0,13.38123349,52.4408571,2,0.0,12 to 16
10,10200524.0,6,16,3,3,5,5,0,0,1,0,0,0,0,0,13.61307268,52.5339701,1,0.0,16 to 20
5,5100313.0,7,20,1,3,5,3,1,0,1,0,1,0,0,1,13.20966309,52.55057664,2,0.0,20 to 24
1,1200520.0,6,20,2,2,5,7,0,0,1,0,1,0,0,0,13.34316952,52.53125178,2,0.0,20 to 24
4,4300620.0,6,20,7,3,5,2,0,1,1,0,0,0,0,0,13.33160376,52.51336106,2,0.5,20 to 24
1,1100102.0,7,6,5,3,0,2,0,1,1,0,0,0,0,0,13.37083606,52.51783952,2,0.5,04 to 08
12,12500927.0,7,7,6,3,0,6,0,1,0,0,0,1,0,0,13.31854242,52.59421723,2,0.5,04 to 08
7,7300516.0,6,17,2,3,6,4,0,1,0,1,0,0,0,0,13.32861271,52.46483188,2,0.5,16 to 20
8,8100419.0,6,12,7,3,1,5,0,0,1,0,0,0,0,0,13.45316901,52.48288396,1,0.0,12 to 16
7,7100205.0,7,11,4,3,5,2,0,0,1,0,0,0,0,1,13.36110358,52.49443132,1,0.0,08 to 12
10,10400940.0,6,14,3,2,3,6,0,0,1,0,1,0,0,0,13.61375481,52.50428294,2,0.0,12 to 16
2,2300418.0,7,19,7,3,5,3,0,0,1,0,0,0,0,0,13.43550083,52.491726,1,0.0,16 to 20
12,12200309.0,6,12,2,3,6,4,0,0,1,1,0,0,0,0,13.31999707,52.56597832,2,0.0,12 to 16
4,4200207.0,6,11,7,2,8,1,0,1,0,0,0,0,0,0,13.19983941,52.46930126,1,1.0,08 to 12
9,9501940.0,7,19,5,3,1,5,0,1,1,0,0,0,0,0,13.57742283,52.45375761,2,0.5,16 to 20
3,3601245.0,7,14,4,3,5,2,0,1,1,0,0,0,0,0,13.43647644,52.54851295,2,0.5,12 to 16
4,4300624.0,7,22,7,3,1,5,2,1,1,0,0,0,0,0,13.31838856,52.50610666,2,0.5,20 to 24
9,9502043.0,6,14,2,3,5,3,0,1,1,0,0,0,0,0,13.55327709,52.46955645,2,0.5,12 to 16
1,1200628.0,6,12,7,3,5,2,0,0,1,0,0,0,1,0,13.35946963,52.52329211,2,0.0,12 to 16
11,11300722.0,7,18,5,3,5,2,0,1,1,0,0,0,0,0,13.47929691,52.52304731,2,0.5,16 to 20
11,11401137.0,7,13,4,3,6,4,0,0,1,1,0,0,0,0,13.52095812,52.49519662,2,0.0,12 to 16
1,1401044.0,7,21,6,3,0,3,1,1,1,0,0,0,0,0,13.36912784,52.54621143,2,0.5,20 to 24
1,1200626.0,6,9,2,3,5,2,0,1,1,0,0,0,0,0,13.34675991,52.5248982,2,0.5,08 to 12
3,3400725.0,7,9,4,3,0,6,0,0,1,0,1,0,0,0,13.41827126,52.58427114,2,0.0,08 to 12
11,11200513.0,7,8,6,3,5,2,0,1,1,0,0,0,0,0,13.49375662,52.54111624,2,0.5,08 to 12
8,8200725.0,6,12,3,3,3,6,0,0,1,0,1,0,0,0,13.43115044,52.44327853,2,0.0,12 to 16
8,8100313.0,7,14,7,3,1,5,0,1,1,0,0,0,0,0,13.44572128,52.48593322,2,0.5,12 to 16
12,12500927.0,6,7,2,3,2,6,0,0,1,0,0,0,0,0,13.31808243,52.58936841,1,0.0,04 to 08
12,12601032.0,6,12,7,3,2,6,0,0,1,0,0,0,0,0,13.32704097,52.60874903,1,0.0,12 to 16
4,4300619.0,7,18,5,3,2,6,0,0,1,0,0,0,0,0,13.31012462,52.51638455,1,0.0,16 to 20
8,8100102.0,7,17,4,3,6,4,0,0,1,1,0,0,0,0,13.42467745,52.47909149,2,0.0,16 to 20
1,1100101.0,7,17,6,3,2,2,0,0,1,0,0,0,0,0,13.35144604,52.5096111,1,0.0,16 to 20
5,5100317.0,6,7,2,3,5,2,0,0,0,0,1,0,1,0,13.2286812,52.5282077,2,0.0,04 to 08
5,5300736.0,7,7,6,3,5,2,0,1,1,0,0,0,0,0,13.21600158,52.53800577,2,0.5,04 to 08
11,11200512.0,6,19,3,2,5,7,0,1,1,0,0,0,0,0,13.48998123,52.5433708,2,0.5,16 to 20
2,2500832.0,7,20,6,3,0,1,0,1,0,0,0,0,0,0,13.47556479,52.51203106,1,1.0,20 to 24
4,4501042.0,6,6,2,3,3,6,0,0,1,0,0,0,1,0,13.33332285,52.50416037,2,0.0,04 to 08
6,6300528.0,7,7,6,2,3,6,0,0,1,0,1,0,0,0,13.26714229,52.41048694,2,0.0,04 to 08
11,11300617.0,6,6,3,3,2,6,0,0,1,0,0,0,1,0,13.46154879,52.52983813,2,0.0,04 to 08
10,10400837.0,6,12,7,3,3,6,0,1,1,0,0,0,0,0,13.58127941,52.50423294,2,0.5,12 to 16
5,5400943.0,7,0,1,3,6,4,2,0,1,1,0,0,0,0,13.11611451,52.46266445,2,0.0,00 to 04
7,7601341.0,6,10,3,3,0,2,0,0,1,0,0,0,1,0,13.36337079,52.41194423,2,0.0,08 to 12
7,7501134.0,6,11,7,3,2,6,0,0,1,0,0,0,1,0,13.40878866,52.43914657,2,0.0,08 to 12
9,9300920.0,7,10,7,2,5,2,0,0,1,0,1,0,0,0,13.52711924,52.42456004,2,0.0,08 to 12
2,2100106.0,6,6,2,3,2,6,0,0,1,0,0,0,0,0,13.40844144,52.49848908,1,0.0,04 to 08
1,1100206.0,6,11,7,3,6,7,0,0,0,1,0,0,1,0,13.39490293,52.52070021,2,0.0,08 to 12
8,8100419.0,7,16,4,3,5,3,0,1,1,0,0,0,0,1,13.44713629,52.48388001,2,0.5,16 to 20
10,10300734.0,7,14,6,3,5,2,0,0,1,0,0,0,0,0,13.56157554,52.50232095,1,0.0,12 to 16
1,1400939.0,7,5,6,3,0,7,0,0,0,0,1,0,0,1,13.34316385,52.55663337,1,0.0,04 to 08
11,11300620.0,6,17,3,3,5,3,0,1,0,0,0,0,0,0,13.47895399,52.52807134,1,1.0,16 to 20
5,5300737.0,7,11,1,3,5,2,0,1,1,0,0,0,0,0,13.24511415,52.53815344,2,0.5,08 to 12
9,9501941.0,6,7,3,3,2,6,0,0,1,0,0,0,0,0,13.5934129,52.45279498,1,0.0,04 to 08
11,11100204.0,6,10,7,3,2,2,0,0,1,0,1,0,0,0,13.51784813,52.56373326,2,0.0,08 to 12
12,12200309.0,7,10,5,3,2,7,0,0,1,0,0,0,1,0,13.33123498,52.56228787,2,0.0,08 to 12
3,3601141.0,7,16,7,3,5,2,0,1,1,0,0,0,0,0,13.41470285,52.55357206,2,0.5,16 to 20
1,1100309.0,7,16,1,3,5,2,0,1,1,0,0,0,0,0,13.40722794,52.52348501,2,0.5,16 to 20
3,3500936.0,6,8,3,3,5,3,0,1,1,0,0,0,0,0,13.45949614,52.5479773,2,0.5,08 to 12
8,8100209.0,6,10,7,3,2,6,0,0,1,0,0,0,0,0,13.44349442,52.46436818,1,0.0,08 to 12
9,9200715.0,7,14,5,2,5,3,0,0,1,0,1,0,0,0,13.52678292,52.43767214,2,0.0,12 to 16
11,11200515.0,7,15,7,3,3,6,0,0,1,0,0,0,0,0,13.5138312,52.53581675,1,0.0,12 to 16
11,11401032.0,6,16,2,3,2,6,0,0,1,0,0,0,1,0,13.51886568,52.51377559,2,0.0,16 to 20
7,7400928.0,6,9,7,3,5,3,0,1,1,0,0,0,0,0,13.42056242,52.46143396,2,0.5,08 to 12
6,6300634.0,7,16,4,3,5,2,0,0,1,0,0,0,0,1,13.30961905,52.43128408,1,0.0,16 to 20
8,8100206.0,7,13,6,3,3,6,0,1,1,0,0,0,0,0,13.42780479,52.48114731,2,0.5,12 to 16
1,1300835.0,7,2,6,2,8,1,2,0,1,0,0,0,0,0,13.38276913,52.54215867,1,0.0,00 to 04
11,11401033.0,6,15,3,3,5,2,0,1,1,0,0,0,0,0,13.5245508,52.51372973,2,0.5,12 to 16
8,8200832.0,7,19,7,3,0,1,0,1,0,0,0,0,0,0,13.43678866,52.42352065,1,1.0,16 to 20
11,11300722.0,6,20,2,2,1,1,0,0,1,0,1,0,0,0,13.48002333,52.51727538,2,0.0,20 to 24
9,9501939.0,6,18,7,3,0,7,0,1,0,0,0,0,0,0,13.5640845,52.45663711,1,1.0,16 to 20
1,1100311.0,7,17,5,3,5,2,0,1,1,0,0,0,0,0,13.42146627,52.51432684,2,0.5,16 to 20
10,10300731.0,7,10,5,3,2,3,0,0,1,0,0,0,0,0,13.56396016,52.51859681,1,0.0,08 to 12
6,6200311.0,7,10,6,1,5,2,0,1,0,0,0,1,0,0,13.3529895,52.43344893,2,0.5,08 to 12
7,7601544.0,6,15,2,3,0,2,0,1,1,0,0,0,0,1,13.4064333,52.39376236,2,0.5,12 to 16
6,6400839.0,6,18,7,3,1,5,0,1,1,0,0,0,0,0,13.25091608,52.43786201,2,0.5,16 to 20
4,4300416.0,7,9,4,3,5,2,0,1,0,0,0,0,1,0,13.29272821,52.5067035,2,0.5,08 to 12
12,12400616.0,6,17,2,2,5,3,0,1,1,0,0,0,0,0,13.23031301,52.58651513,2,0.5,16 to 20
10,10200417.0,6,18,7,3,5,3,0,1,1,0,0,0,0,0,13.60012162,52.54468044,2,0.5,16 to 20
8,8100313.0,7,18,4,3,0,7,0,1,0,1,0,0,0,1,13.44606863,52.48620027,2,0.5,16 to 20
3,3601453.0,7,11,6,3,1,5,0,0,1,0,0,0,0,0,13.45727342,52.52436891,1,0.0,08 to 12
2,2100102.0,6,6,3,3,5,2,0,1,1,0,0,0,0,0,13.38970022,52.49943357,2,0.5,04 to 08
6,6400838.0,7,20,7,2,0,1,0,0,0,0,1,0,0,1,13.24033931,52.44262901,1,0.0,20 to 24
2,2400624.0,6,13,2,3,0,5,0,0,1,0,0,0,1,0,13.45091124,52.51272664,2,0.0,12 to 16
1,1401049.0,6,19,7,3,5,3,0,1,1,0,0,0,0,0,13.36537196,52.55680904,2,0.5,16 to 20
3,3300516.0,7,17,5,3,3,6,0,1,0,0,0,0,1,0,13.43140321,52.57128042,2,0.5,16 to 20
4,4500936.0,7,15,4,3,2,6,0,1,1,0,0,0,0,0,13.3066203,52.49983648,2,0.5,12 to 16
2,2100102.0,7,21,6,3,5,3,1,1,1,0,0,0,0,0,13.39695974,52.50525745,2,0.5,20 to 24
10,10400835.0,6,17,2,3,1,5,0,0,1,0,0,0,0,0,13.60624145,52.52482287,1,0.0,16 to 20
11,11501339.0,7,1,6,3,2,7,2,1,1,0,0,0,0,0,13.51954461,52.48736489,2,0.5,00 to 04
1,1100312.0,7,8,4,3,5,2,0,1,1,0,0,0,0,0,13.41713668,52.51244065,2,0.5,08 to 12
2,2300418.0,7,10,6,3,5,3,0,1,0,0,0,0,0,0,13.43690297,52.49570935,1,1.0,08 to 12
11,11300721.0,6,11,3,3,2,6,0,0,1,0,0,0,0,0,13.49666884,52.53425013,1,0.0,08 to 12
7,7501030.0,7,13,7,3,1,3,0,1,1,0,0,0,0,0,13.37976035,52.45162149,2,0.5,12 to 16
2,2200209.0,6,14,2,3,3,6,0,0,1,0,0,1,0,0,13.3858224,52.48487017,2,0.0,12 to 16
1,1200623.0,6,18,3,3,5,3,0,0,1,0,0,0,0,0,13.35116634,52.52974073,1,0.0,16 to 20