bez,lor_ab_2021,umonat,ustunde,uwochentag,ukategorie,uart,utyp1,ulichtverh,istrad,istpkw,istfuss,istkrad,istgkfz,istsonstige,ustrzustand,xgcswgs84,ygcswgs84,all_acc,perc_bike_acc,rushhours
3,3200310.0,7,18,5,3,5,3,0,0,1,0,0,0,0,1,13.43187452,52.6143267,1,0.0,16 to 20
5,5300736.0,7,10,3,3,5,2,0,1,0,0,0,0,1,0,13.22071048,52.53682674,2,0.5,08 to 12
11,11300620.0,7,1,6,2,5,3,2,1,1,0,0,0,0,0,13.48503563,52.53322768,2,0.5,00 to 04
2,2200213.0,7,18,5,3,6,4,0,1,0,1,0,0,0,0,13.42334758,52.48866713,2,0.5,16 to 20
11,11200411.0,7,15,2,3,2,6,0,0,1,0,0,1,0,1,13.51382663,52.55124318,2,0.0,12 to 16
6,6300632.0,7,16,5,2,1,7,0,0,1,0,0,0,0,0,13.29637155,52.42924216,1,0.0,16 to 20
1,1300836.0,7,20,4,3,5,5,0,0,1,0,0,0,1,0,13.37182493,52.54426998,2,0.0,20 to 24
7,7100101.0,7,18,1,3,5,2,0,1,1,0,0,0,0,1,13.33938276,52.49972664,2,0.5,16 to 20
3,3601449.0,7,15,7,3,2,6,0,0,1,0,1,0,0,0,13.44912263,52.53738433,2,0.0,12 to 16
2,2100104.0,7,19,3,2,5,3,0,1,0,0,0,0,1,0,13.40963372,52.50404848,2,0.5,16 to 20
8,8100206.0,7,17,6,3,0,7,0,0,1,0,1,0,0,0,13.4275566,52.48169933,2,0.0,16 to 20
4,4501151.0,7,17,5,3,1,5,0,0,1,0,0,0,0,0,13.32087047,52.48182377,1,0.0,16 to 20
9,9401534.0,7,19,1,3,0,6,0,0,1,0,1,0,0,1,13.5798777,52.44362023,2,0.0,16 to 20
7,7200307.0,7,21,7,3,1,5,1,1,1,0,0,0,0,0,13.3375934,52.48834856,2,0.5,20 to 24
9,9200510.0,7,13,3,3,3,6,0,1,1,0,0,1,0,0,13.51344055,52.46518487,3,0.3333333333333333,12 to 16
10,10200525.0,7,10,7,3,4,2,0,1,0,0,0,0,0,0,13.61965972,52.52887405,1,1.0,08 to 12
4,4501146.0,7,16,5,3,5,2,0,0,1,0,1,0,0,0,13.30444054,52.48670379,2,0.0,16 to 20
10,10300731.0,7,8,3,3,5,3,0,0,1,0,0,0,1,0,13.55950119,52.53396742,2,0.0,08 to 12
1,1100310.0,7,20,6,3,2,7,0,0,1,0,1,0,0,0,13.41555047,52.5206516,2,0.0,20 to 24
7,7100102.0,7,16,5,2,3,6,0,0,1,0,1,0,0,0,13.34688151,52.50090703,2,0.0,16 to 20
11,11300721.0,7,13,2,3,5,3,0,1,1,0,0,0,0,0,13.49649833,52.53402357,2,0.5,12 to 16
4,4400728.0,7,14,2,3,5,3,0,0,1,0,0,0,1,0,13.27348912,52.48126722,2,0.0,12 to 16
6,6100205.0,7,15,6,3,5,3,0,1,1,0,0,0,0,0,13.35420659,52.449103,2,0.5,12 to 16
4,4500937.0,7,17,4,3,1,5,0,1,1,0,0,0,0,0,13.28967394,52.4976584,2,0.5,16 to 20
2,2400625.0,7,20,7,3,6,4,0,0,1,1,0,0,0,0,13.44750483,52.50552767,2,0.0,20 to 24
3,3300516.0,7,18,3,3,2,6,0,0,1,0,0,0,0,0,13.44304075,52.57101848,1,0.0,16 to 20
9,9301126.0,7,19,6,3,5,3,0,1,0,0,0,0,0,0,13.58086565,52.41851544,1,1.0,16 to 20
10,10400940.0,7,15,5,3,5,5,0,0,1,0,0,0,0,0,13.60033097,52.48282007,1,0.0,12 to 16
11,11200513.0,7,14,6,3,2,6,0,0,1,0,0,0,0,0,13.48913912,52.54234636,1,0.0,12 to 16
10,10100311.0,7,16,2,3,0,1,0,1,0,0,0,0,0,1,13.52518088,52.53651587,1,1.0,16 to 20
6,6200312.0,7,10,6,3,5,3,0,1,1,0,0,0,0,0,13.3304348,52.44515894,2,0.5,08 to 12
2,2400625.0,7,23,1,3,0,1,2,1,0,0,0,0,0,1,13.43875889,52.50556582,1,1.0,20 to 24
10,10400835.0,7,14,6,3,1,5,0,0,1,0,0,0,0,0,13.60872969,52.51791148,1,0.0,12 to 16
9,9100304.0,7,7,3,3,0,2,0,0,1,0,1,0,0,0,13.48707439,52.46558149,2,0.0,04 to 08
10,10400837.0,7,12,6,3,5,3,0,0,1,0,1,0,0,0,13.57543385,52.48909588,2,0.0,12 to 16
4,4200309.0,7,12,2,3,2,7,0,0,0,0,1,0,1,0,13.26093917,52.51765149,2,0.0,12 to 16
7,7300517.0,7,2,1,3,0,1,2,1,0,0,0,0,0,0,13.34007326,52.47554227,1,1.0,00 to 04
9,9200715.0,7,15,4,3,2,6,0,0,1,0,0,0,0,0,13.53717608,52.4333706,1,0.0,12 to 16
9,9100101.0,7,14,7,3,5,3,0,0,1,0,0,0,0,0,13.4503282,52.49137994,1,0.0,12 to 16
8,8200730.0,7,17,3,2,2,6,0,0,1,0,0,0,0,0,13.43491827,52.44016912,1,0.0,16 to 20
9,9501736.0,7,16,6,3,2,6,0,0,1,0,0,0,0,0,13.60827782,52.45319589,1,0.0,16 to 20
3,3400724.0,7,15,5,3,0,1,0,0,0,0,1,0,0,1,13.42820225,52.57743201,1,0.0,12 to 16
12,12400722.0,7,12,6,3,2,6,0,0,1,0,0,0,0,1,13.2939343,52.60895913,1,0.0,12 to 16
10,10100311.0,7,17,2,3,0,1,0,0,0,0,1,0,0,1,13.53048838,52.51932925,1,0.0,16 to 20
4,4501041.0,7,16,5,3,0,2,0,0,1,0,1,0,0,0,13.31653237,52.49951372,2,0.0,16 to 20
8,8200832.0,7,16,1,3,5,7,0,0,1,0,1,0,0,0,13.43606146,52.42421574,2,0.0,16 to 20
8,8100105.0,7,17,1,3,0,1,0,0,1,0,0,0,0,0,13.43127707,52.46442441,1,0.0,16 to 20
11,11401136.0,7,20,4,3,5,3,0,1,1,0,0,0,0,0,13.51005651,52.50340171,2,0.5,20 to 24
4,4200310.0,7,15,7,3,2,3,0,1,1,0,0,0,0,0,13.2669225,52.51411975,2,0.5,12 to 16
12,12100101.0,7,11,4,3,5,2,0,0,1,0,1,0,0,0,13.36455523,52.56269411,2,0.0,08 to 12
2,2200213.0,7,19,1,3,3,6,0,0,1,0,0,0,0,0,13.41913675,52.49009327,1,0.0,16 to 20
7,7400823.0,7,19,4,3,5,2,0,1,1,0,0,0,0,0,13.37794949,52.46643684,2,0.5,16 to 20
12,12200412.0,7,9,4,3,2,6,0,0,1,0,0,0,1,0,13.26913634,52.57588514,2,0.0,08 to 12
10,10200418.0,7,18,7,3,5,3,0,1,1,0,0,0,0,0,13.59285854,52.54482409,2,0.5,16 to 20
7,7200409.0,7,14,4,3,0,1,0,0,0,0,1,0,0,1,13.34776159,52.48532144,1,0.0,12 to 16
7,7100102.0,7,12,3,3,1,5,0,1,1,0,0,0,0,0,13.34601819,52.49624767,2,0.5,12 to 16
4,4500936.0,7,13,6,3,5,3,0,1,1,0,0,0,0,0,13.30562911,52.49989054,2,0.5,12 to 16
2,2200210.0,7,8,4,3,5,3,0,0,1,0,0,0,0,0,13.39533287,52.49679036,1,0.0,08 to 12
11,11501238.0,7,15,2,3,6,2,0,0,1,1,0,0,0,0,13.47531198,52.5015422,2,0.0,12 to 16
1,1300835.0,7,18,5,3,5,2,0,1,1,0,0,0,0,0,13.39114252,52.53621198,2,0.5,16 to 20
8,8100311.0,7,18,5,3,2,6,0,1,1,0,0,0,0,0,13.43077396,52.4866319,2,0.5,16 to 20
3,3300411.0,7,11,5,3,5,3,0,1,0,0,0,0,1,0,13.49227643,52.62060664,2,0.5,08 to 12
2,2500830.0,7,10,1,3,0,1,0,1,0,0,0,0,0,1,13.45480444,52.51379986,1,1.0,08 to 12
5,5100209.0,7,9,7,3,2,6,0,0,1,0,0,0,0,0,13.17842971,52.54879434,1,0.0,08 to 12
3,3701555.0,7,12,3,3,0,7,0,0,0,0,0,0,1,0,13.42057718,52.53651372,1,0.0,12 to 16
11,11300721.0,7,12,7,3,2,6,0,0,1,0,0,0,1,0,13.48530548,52.53366313,2,0.0,12 to 16
4,4400832.0,7,15,4,3,5,2,0,0,1,0,0,0,0,1,13.29800855,52.47338149,1,0.0,12 to 16
5,5100211.0,7,9,3,3,5,2,0,0,1,0,1,0,0,0,13.15782467,52.54304205,2,0.0,08 to 12
4,4300620.0,7,20,6,3,5,3,1,1,0,0,0,0,0,0,13.31961027,52.51962642,1,1.0,20 to 24
4,4501153.0,7,22,4,2,5,3,2,0,1,0,0,0,0,1,13.33268623,52.47869342,1,0.0,20 to 24
5,5200629.0,7,15,2,2,2,6,0,0,1,0,1,0,0,1,13.19777018,52.53298267,2,0.0,12 to 16
10,10300734.0,7,10,3,3,0,3,0,0,0,0,0,0,1,0,13.56158709,52.50248631,1,0.0,08 to 12
9,9200717.0,7,2,6,3,0,6,2,1,1,0,0,0,0,0,13.55516159,52.44044728,2,0.5,00 to 04
1,1100309.0,7,12,4,3,5,3,0,1,1,0,0,0,0,1,13.40199874,52.52896846,2,0.5,12 to 16
8,8401241.0,7,6,2,3,5,3,0,1,1,0,0,0,0,0,13.48189633,52.43193554,2,0.5,04 to 08
1,1100312.0,7,16,5,3,2,6,0,0,1,0,0,0,0,0,13.41730279,52.51270249,1,0.0,16 to 20
4,4200310.0,7,8,4,3,8,1,0,0,0,0,1,0,0,0,13.268759470000001,52.51140593,1,0.0,08 to 12
11,11300620.0,7,19,1,3,5,2,0,1,1,0,0,0,0,0,13.47626377,52.53317647,2,0.5,16 to 20
1,1401048.0,7,17,7,3,6,4,0,0,1,1,0,0,0,0,13.36096484,52.54829075,2,0.0,16 to 20
8,8100208.0,7,20,3,3,1,5,1,1,1,0,0,0,0,0,13.43514167,52.47080588,2,0.5,20 to 24
8,8301037.0,7,4,7,3,5,3,2,0,1,0,0,0,0,0,13.48230459,52.42537883,1,0.0,04 to 08
6,6200420.0,7,22,4,3,0,7,2,0,0,0,1,0,0,1,13.29905987,52.41216183,1,0.0,20 to 24
4,4300414.0,7,8,3,3,5,2,0,1,1,0,0,0,0,0,13.28830012,52.51306255,2,0.5,08 to 12
6,6400844.0,7,13,6,3,1,7,0,1,1,0,0,0,0,0,13.27555913,52.45051305,2,0.5,12 to 16
2,2300316.0,7,21,4,3,5,3,2,0,1,0,0,0,1,1,13.43006455,52.5034698,2,0.0,20 to 24
6,6100206.0,7,13,2,3,2,6,0,1,0,0,0,0,1,0,13.33782859,52.45082086,2,0.5,12 to 16
8,8100207.0,7,17,1,3,5,3,0,1,1,0,1,0,0,0,13.43794748,52.47899072,3,0.3333333333333333,16 to 20
7,7400823.0,7,16,4,3,5,3,0,1,1,0,0,0,0,0,13.37745261,52.4648703,2,0.5,16 to 20
4,4501148.0,7,19,7,3,5,2,0,0,1,0,0,0,1,0,13.32026283,52.47879455,2,0.0,16 to 20
5,5300735.0,7,15,5,3,5,3,0,0,1,0,0,0,0,0,13.22735264,52.55795116,1,0.0,12 to 16
2,2500833.0,7,19,4,3,1,5,0,1,1,0,0,0,0,0,13.45955793,52.50909238,2,0.5,16 to 20
9,9200715.0,7,22,7,3,0,1,2,1,0,0,0,0,0,0,13.52896854,52.42932481,1,1.0,20 to 24
3,3500932.0,7,14,7,3,5,2,0,1,1,0,0,0,0,0,13.4572244,52.56105891,2,0.5,12 to 16
4,4501041.0,7,19,3,3,5,2,0,1,1,0,0,0,0,0,13.3165458,52.49951456,2,0.5,16 to 20
8,8100209.0,7,19,6,3,5,3,0,1,0,0,0,0,1,0,13.44345673,52.46419188,2,0.5,16 to 20
2,2100102.0,7,19,4,3,5,7,1,1,0,0,0,0,1,0,13.39151251,52.50059502,2,0.5,16 to 20
7,7400721.0,7,12,6,3,2,7,0,0,1,0,1,0,0,0,13.37846793,52.47805843,2,0.0,12 to 16
6,6200314.0,7,6,3,3,0,3,0,0,0,0,1,1,0,0,13.33803472,52.43186327,2,0.0,04 to 08
2,2200209.0,7,12,6,3,5,2,0,0,1,0,1,0,0,0,13.38145058,52.48500178,2,0.0,12 to 16
11,11501340.0,7,11,6,3,5,3,0,0,1,0,1,0,0,0,13.53576873,52.47779669,2,0.0,08 to 12
12,12200307.0,7,20,1,3,1,5,0,1,1,0,0,0,0,0,13.33105853,52.57558325,2,0.5,20 to 24
1,1400938.0,7,10,1,3,1,5,0,0,1,0,0,0,0,0,13.34158036,52.5395734,1,0.0,08 to 12
9,9200510.0,7,20,6,3,5,2,0,1,1,0,0,0,0,0,13.5142995,52.46873038,2,0.5,20 to 24
4,4300415.0,7,13,4,3,6,7,0,0,0,1,0,0,1,0,13.28344112,52.5064925,2,0.0,12 to 16
10,10200629.0,7,19,7,2,5,3,0,0,1,0,0,0,1,0,13.57416146,52.51311308,2,0.0,16 to 20
1,1100207.0,7,13,3,3,4,6,0,1,0,0,0,0,0,0,13.3993834,52.51233176,1,1.0,12 to 16
9,9100304.0,7,15,6,3,5,2,0,0,1,0,0,0,0,0,13.48258227,52.46188823,1,0.0,12 to 16
5,5200422.0,7,19,4,3,1,5,0,0,0,0,1,1,0,0,13.12241635,52.53502035,2,0.0,16 to 20
4,4300624.0,7,12,2,3,0,3,0,1,0,0,0,0,1,0,13.3217593,52.50597755,2,0.5,12 to 16
11,11401032.0,7,17,5,3,5,2,0,1,1,0,0,0,0,0,13.51886727,52.51387432,2,0.5,16 to 20
2,2200212.0,7,10,6,3,0,7,0,1,0,0,0,0,0,0,13.41220762,52.4885088,1,1.0,08 to 12
4,4300413.0,8,16,3,3,2,3,0,1,1,0,0,0,0,0,13.28724376,52.51754928,2,0.5,16 to 20
1,1401045.0,7,12,3,3,0,6,0,0,1,0,0,0,1,0,13.37441181,52.55681633,2,0.0,12 to 16
9,9100409.0,8,13,2,1,9,1,0,0,0,1,0,1,0,0,13.51977058,52.42679955,2,0.0,12 to 16
1,1100416.0,8,16,7,3,6,4,0,0,1,1,0,0,0,0,13.40355173,52.53235984,2,0.0,16 to 20
9,9501939.0,8,7,5,3,3,6,0,0,1,0,1,0,1,0,13.56700493,52.45497157,3,0.0,04 to 08
5,5200629.0,7,10,6,3,2,6,0,0,1,0,0,0,1,0,13.19832292,52.53265088,2,0.0,08 to 12
9,9501941.0,8,10,2,3,2,2,0,0,1,0,0,0,0,0,13.59316198,52.4516758,1,0.0,08 to 12
1,1200628.0,7,13,6,2,0,1,0,1,0,0,0,0,0,0,13.35906799,52.52333611,1,1.0,12 to 16
11,11300721.0,8,15,4,2,1,5,0,0,0,0,1,0,1,0,13.4918576,52.5230393,2,0.0,12 to 16
12,12200310.0,7,11,3,3,2,6,0,0,1,0,0,0,0,0,13.30143327,52.56934042,1,0.0,08 to 12
2,2400623.0,7,10,6,3,5,7,0,1,1,0,0,0,0,0,13.43260782,52.51697216,2,0.5,08 to 12
8,8401241.0,8,7,4,2,5,3,0,0,1,0,1,0,0,0,13.48791228,52.4348648,2,0.0,04 to 08
12,12601031.0,7,11,3,3,0,1,0,1,0,0,0,0,0,0,13.32593184,52.60384747,1,1.0,08 to 12
7,7300619.0,7,9,6,3,5,2,0,1,1,0,0,0,0,0,13.35484795,52.45880203,2,0.5,08 to 12
2,2400625.0,8,10,3,3,2,6,0,0,1,0,0,0,1,0,13.44624218,52.50293861,2,0.0,08 to 12
2,2200208.0,7,10,3,2,0,2,0,0,0,0,0,0,1,0,13.38801812,52.49297726,1,0.0,08 to 12
9,9401431.0,8,8,7,3,5,3,0,1,0,0,1,0,0,0,13.58686785,52.44504405,2,0.5,08 to 12
7,7300517.0,8,13,5,2,5,2,0,1,0,0,0,0,1,0,13.32826008,52.4757761,2,0.5,12 to 16
12,12200309.0,7,8,6,3,5,3,0,0,1,0,0,0,0,0,13.32267106,52.56810301,1,0.0,08 to 12
10,10200627.0,8,14,4,3,2,2,0,1,1,0,0,0,0,0,13.59042608,52.52939483,2,0.5,12 to 16
11,11300620.0,7,5,6,3,5,2,1,1,1,0,0,0,0,0,13.4758591,52.53303745,2,0.5,04 to 08
5,5200629.0,8,15,4,3,0,6,0,0,0,0,0,1,1,0,13.19907055,52.53404039,2,0.0,12 to 16
12,12200309.0,7,5,6,3,3,2,1,0,1,0,0,1,0,0,13.32668795,52.56244234,2,0.0,04 to 08
1,1401049.0,8,19,4,3,3,6,0,0,1,0,1,0,0,0,13.36876457,52.55725661,2,0.0,16 to 20
3,3100102.0,7,10,3,3,5,3,0,0,1,0,0,0,0,0,13.50550506,52.63684865,1,0.0,08 to 12
11,10100205.0,8,8,1,3,5,3,0,1,1,0,0,0,0,0,13.54023554,52.56525627,2,0.5,08 to 12
10,10400938.0,8,17,5,3,5,3,0,1,1,0,0,0,0,0,13.61167,52.51421284,2,0.5,16 to 20
1,1100206.0,7,1,6,3,5,2,2,1,1,0,0,0,0,0,13.3917655,52.52207705,2,0.5,00 to 04
1,1200519.0,8,13,3,3,3,6,0,1,1,0,0,0,0,0,13.33111362,52.53281039,2,0.5,12 to 16
7,7200308.0,7,9,3,3,5,2,0,1,0,0,0,0,0,0,13.34173336,52.48384184,1,1.0,08 to 12
11,11300721.0,8,11,7,2,0,1,0,1,0,0,0,0,0,0,13.48728946,52.52663496,1,1.0,08 to 12
2,2400625.0,8,11,5,3,2,2,0,1,1,0,0,0,0,0,13.44664513,52.50281428,2,0.5,08 to 12
7,7100101.0,7,0,6,3,0,7,2,0,1,1,0,0,0,0,13.34425801,52.50308489,2,0.0,00 to 04
4,4300624.0,8,22,4,3,0,1,2,0,0,0,1,0,0,0,13.31427767,52.50633782,1,0.0,20 to 24
2,2400625.0,7,21,6,3,5,2,1,1,0,0,1,0,0,0,13.44670254,52.5026058,2,0.5,20 to 24
7,7400822.0,8,19,3,3,5,3,0,0,1,0,0,0,0,0,13.366624,52.46103507,1,0.0,16 to 20
9,9501939.0,7,8,3,2,5,3,0,1,1,0,0,0,0,0,13.56269787,52.45637372,2,0.5,08 to 12
8,8401242.0,8,19,1,3,2,2,0,0,1,0,0,0,0,1,13.48721571,52.42290533,1,0.0,16 to 20
8,8100208.0,8,6,7,3,1,7,0,0,1,0,0,0,0,0,13.43946606,52.4700534,1,0.0,04 to 08
12,12200309.0,8,16,5,3,5,2,0,1,1,0,0,0,0,0,13.33076181,52.56256613,2,0.5,16 to 20
6,6200422.0,7,23,6,2,0,1,2,1,0,0,0,0,0,0,13.33685656,52.41847779,1,1.0,20 to 24
7,7501029.0,8,14,2,3,3,6,0,0,1,0,1,0,0,0,13.37875546,52.45028506,2,0.0,12 to 16
1,1401046.0,7,8,3,3,5,2,0,1,1,0,0,0,0,0,13.34944893,52.54232138,2,0.5,08 to 12
5,5100210.0,7,22,6,3,5,2,2,1,1,0,0,0,0,0,13.18515499,52.55018955,2,0.5,20 to 24
1,1300731.0,8,22,3,3,1,5,2,0,1,0,1,0,0,0,13.38155852,52.56647513,2,0.0,20 to 24
11,11300725.0,7,7,3,3,1,5,0,0,1,0,0,0,0,0,13.49981898,52.51558067,1,0.0,04 to 08
2,2500835.0,8,6,7,3,1,5,1,0,1,0,0,0,0,0,13.45154078,52.50364484,1,0.0,04 to 08
5,5100316.0,8,17,5,3,5,3,0,0,1,0,0,1,0,0,13.2025095,52.54047492,2,0.0,16 to 20
4,4100101.0,7,21,6,2,0,4,2,0,0,1,1,0,0,0,13.29537241,52.53961281,2,0.0,20 to 24
9,9100304.0,8,11,3,3,2,6,0,0,1,0,0,0,0,0,13.48275861,52.46058168,1,0.0,08 to 12
9,9501939.0,7,6,3,3,5,7,0,0,1,0,1,0,0,0,13.57209947,52.4510045,2,0.0,04 to 08
11,11200410.0,7,12,6,2,2,6,0,0,1,0,0,0,0,0,13.50173415,52.56192925,1,0.0,12 to 16
7,7200307.0,8,9,4,3,1,5,0,1,0,0,0,1,0,0,13.34496094,52.48663808,2,0.5,08 to 12
4,4501043.0,7,19,6,3,5,2,0,1,1,0,0,0,0,0,13.31262471,52.49926184,2,0.5,16 to 20
3,3701659.0,8,6,4,3,5,2,0,1,0,0,0,0,1,0,13.41827929,52.52850812,2,0.5,04 to 08
1,1100308.0,7,18,6,3,3,6,0,1,1,0,0,0,0,0,13.38713902,52.52687936,2,0.5,16 to 20
8,8401243.0,8,17,3,3,2,7,0,0,1,0,0,0,0,0,13.49540378,52.42395296,1,0.0,16 to 20
12,12601031.0,7,0,3,2,0,1,2,1,0,0,0,0,0,0,13.33689604,52.60220606,1,1.0,00 to 04
10,10200629.0,8,19,1,3,2,6,0,0,1,0,0,0,0,0,13.58727845,52.52360926,1,0.0,16 to 20
4,4100101.0,8,19,7,3,0,6,0,0,1,0,1,0,0,0,13.32616335,52.53821059,2,0.0,16 to 20
10,10100104.0,8,9,5,2,4,6,0,0,1,0,0,0,0,0,13.58019743,52.56433835,1,0.0,08 to 12
1,1400937.0,7,18,6,3,2,6,0,0,1,0,0,0,0,0,13.33779965,52.55859064,1,0.0,16 to 20
5,5100104.0,8,12,2,3,1,5,0,1,1,0,0,0,0,0,13.20912197,52.56153169,2,0.5,12 to 16
1,1200629.0,7,18,6,2,5,3,0,1,1,0,0,0,0,0,13.3472509,52.52021298,2,0.5,16 to 20
9,9100408.0,8,23,4,3,2,6,2,0,1,0,0,0,0,0,13.50970721,52.45144011,1,0.0,20 to 24
9,9200715.0,7,22,3,2,5,2,2,0,1,0,1,0,0,0,13.52669426,52.4287965,2,0.0,20 to 24
3,3601450.0,7,17,6,3,5,2,0,1,1,0,0,0,0,0,13.45795145,52.52882651,2,0.5,16 to 20
4,4200206.0,8,13,4,2,0,5,0,1,1,0,0,0,0,0,13.2515399,52.50654213,2,0.5,12 to 16
5,5300841.0,7,17,6,2,6,7,0,0,0,1,0,1,0,0,13.27272188,52.5369268,2,0.0,16 to 20
7,7400927.0,8,12,4,3,1,5,0,1,1,0,0,0,0,0,13.38619636,52.46003189,2,0.5,12 to 16
2,2100105.0,7,16,6,3,5,3,0,1,1,0,0,0,0,0,13.40900267,52.49969659,2,0.5,16 to 20
5,5100313.0,8,13,4,3,2,7,0,0,1,0,0,0,1,0,13.20886687,52.55264847,2,0.0,12 to 16
7,7601442.0,7,16,6,3,5,7,0,0,1,0,1,0,0,0,13.40534349,52.40696906,2,0.0,16 to 20
8,8401139.0,8,14,3,3,5,3,0,0,1,0,0,0,0,0,13.46632978,52.43349673,1,0.0,12 to 16
5,5100314.0,7,20,3,3,2,2,0,1,1,0,0,0,0,0,13.20075565,52.54871951,2,0.5,20 to 24
10,10200629.0,8,19,1,2,5,2,0,0,1,0,0,0,0,0,13.58904425,52.5174897,1,0.0,16 to 20
11,11100308.0,8,13,7,3,0,2,0,1,0,0,0,0,0,0,13.49513899,52.56486451,1,1.0,12 to 16
9,9401635.0,8,15,5,3,9,1,0,0,0,0,1,0,0,0,13.65714139,52.4148589,1,0.0,12 to 16
2,2300314.0,7,15,6,3,5,3,0,1,1,0,0,0,0,0,13.41628114,52.5017322,2,0.5,12 to 16
12,12500926.0,8,9,2,3,6,4,0,0,1,1,0,0,0,0,13.3351988,52.59565772,2,0.0,08 to 12
3,3601245.0,7,15,6,3,5,3,0,1,1,0,0,0,0,0,13.43640791,52.5485399,2,0.5,12 to 16
3,3300515.0,8,15,4,3,2,2,0,0,1,0,0,0,0,0,13.44549467,52.5819499,1,0.0,12 to 16
8,8100310.0,7,20,3,3,5,2,1,0,1,0,1,0,0,0,13.43515144,52.49121046,2,0.0,20 to 24
9,9300920.0,7,15,6,3,5,2,0,1,1,0,0,0,0,0,13.54425704,52.42466627,2,0.5,12 to 16
4,4400728.0,8,7,4,3,5,3,0,0,1,0,0,0,1,0,13.28086442,52.47684922,2,0.0,04 to 08
2,2300316.0,7,20,3,3,5,3,0,1,1,0,0,0,0,0,13.43514041,52.50146359,2,0.5,20 to 24
3,3601140.0,7,14,6,3,5,2,0,1,1,0,0,0,0,0,13.40252371,52.55430076,2,0.5,12 to 16
9,9100408.0,8,9,3,3,5,2,0,1,1,0,0,0,0,0,13.51413766,52.44647835,2,0.5,08 to 12
8,8100102.0,7,20,3,3,6,4,0,1,0,1,0,0,0,0,13.41988297,52.47683927,2,0.5,20 to 24
4,4300622.0,7,19,3,2,5,2,0,1,1,0,0,0,0,0,13.32262958,52.51125705,2,0.5,16 to 20
4,4200311.0,7,14,6,3,2,6,0,0,1,0,0,0,0,0,13.27944187,52.50435009,1,0.0,12 to 16
7,7100101.0,8,18,3,3,1,5,0,1,1,0,0,0,0,0,13.34184143,52.49641702,2,0.5,16 to 20
2,2200208.0,7,18,3,3,2,6,0,0,1,0,0,0,0,0,13.37983387,52.49266295,1,0.0,16 to 20
5,5100104.0,8,11,7,3,3,6,0,0,1,0,1,0,0,0,13.2084545,52.56104722,2,0.0,08 to 12
1,1300836.0,8,14,5,3,5,2,0,1,1,0,0,0,0,0,13.37211728,52.53881057,2,0.5,12 to 16
1,1300733.0,7,22,5,3,6,2,2,0,1,1,0,0,0,0,13.38180791,52.55221268,2,0.0,20 to 24
1,1300835.0,8,17,2,3,6,7,0,0,0,1,0,0,1,0,13.39244187,52.54245897,2,0.0,16 to 20
9,9200613.0,7,21,5,3,0,2,1,0,1,0,1,0,0,0,13.50349184,52.46066761,2,0.0,20 to 24
4,4200308.0,8,14,4,3,2,6,0,0,1,0,0,0,0,0,13.28098371,52.51836854,1,0.0,12 to 16
12,12200308.0,7,17,5,3,5,3,0,1,1,0,0,0,0,0,13.32120152,52.57147556,2,0.5,16 to 20
2,2500833.0,8,18,4,3,0,1,0,1,1,0,0,0,0,0,13.45481486,52.51018153,2,0.5,16 to 20
2,2500834.0,7,17,3,3,1,5,0,1,1,0,0,0,0,0,13.46337167,52.50536357,2,0.5,16 to 20
4,4500938.0,8,1,1,2,5,3,2,0,1,0,0,0,0,0,13.29653562,52.49255953,1,0.0,00 to 04
2,2200210.0,8,19,5,3,2,6,0,0,1,0,0,0,0,0,13.39469593,52.49615826,1,0.0,16 to 20
1,1100308.0,7,17,5,3,6,4,0,1,0,1,0,0,0,0,13.37904673,52.52592214,2,0.5,16 to 20
5,5100101.0,8,12,3,3,0,5,0,1,1,0,0,0,0,0,13.20765115,52.56644426,2,0.5,12 to 16
8,8200623.0,7,16,3,2,5,2,0,0,1,0,0,0,0,0,13.44923259,52.45242956,1,0.0,16 to 20
3,3300516.0,7,22,6,3,0,7,2,1,0,0,0,0,0,0,13.43307934,52.55833797,1,1.0,20 to 24
8,8200730.0,8,14,4,3,1,5,0,1,1,0,0,0,0,0,13.4372063,52.4263398,2,0.5,12 to 16
1,1100415.0,7,17,5,3,2,2,0,1,1,0,0,0,0,0,13.39909391,52.53232567,2,0.5,16 to 20
10,10400938.0,8,9,4,3,6,2,0,0,1,1,0,0,0,0,13.62179231,52.52475796,2,0.0,08 to 12
8,8401243.0,8,7,7,3,5,3,0,1,1,0,0,0,0,0,13.50448999,52.42321587,2,0.5,04 to 08
1,1100102.0,8,12,5,2,5,2,0,1,1,0,0,0,0,0,13.37131771,52.51114467,2,0.5,12 to 16
7,7601442.0,7,17,5,3,5,2,0,0,1,0,0,0,0,0,13.40105038,52.4145671,1,0.0,16 to 20
1,1100309.0,8,15,4,2,3,6,0,0,1,0,0,0,1,0,13.40162259,52.52980702,2,0.0,12 to 16
2,2100103.0,7,16,5,3,5,3,0,0,1,0,0,0,0,0,13.39719524,52.50023476,1,0.0,16 to 20