bez,lor_ab_2021,umonat,ustunde,uwochentag,ukategorie,uart,utyp1,ulichtverh,istrad,istpkw,istfuss,istkrad,istgkfz,istsonstige,ustrzustand,xgcswgs84,ygcswgs84,all_acc,perc_bike_acc,rushhours
9,9501737.0,8,20,3,2,4,6,0,0,1,1,0,0,0,0,13.63256552,52.4567446,2,0.0,20 to 24
8,8100208.0,7,16,3,3,5,3,0,0,1,0,0,0,0,0,13.43219056,52.47122467,1,0.0,16 to 20
8,8401244.0,8,23,7,2,1,5,2,1,1,0,0,0,0,0,13.50052606,52.40209205,2,0.5,20 to 24
3,3200205.0,8,17,5,3,2,7,0,0,0,0,1,0,1,0,13.39664426,52.58464812,2,0.0,16 to 20
10,10200629.0,7,16,5,3,2,2,0,0,1,0,0,0,0,0,13.58375861,52.51495097,1,0.0,16 to 20
9,9401534.0,8,12,3,3,0,1,0,1,0,0,0,0,0,0,13.57472987,52.44827451,1,1.0,12 to 16
1,1401044.0,7,17,2,3,6,4,0,0,1,1,0,0,0,0,13.37249932,52.54842709,2,0.0,16 to 20
9,9200715.0,7,16,5,2,2,6,0,0,1,0,0,0,0,0,13.53310083,52.44087365,1,0.0,16 to 20
1,1100310.0,8,11,4,3,5,3,0,1,0,0,0,0,1,0,13.41275246,52.52735117,2,0.5,08 to 12
11,11300617.0,7,15,5,3,2,6,0,0,1,0,0,0,1,0,13.47574576,52.53285376,2,0.0,12 to 16
10,10200419.0,8,13,4,3,5,2,0,1,1,0,0,0,0,0,13.59664391,52.54430648,2,0.5,12 to 16
11,11400927.0,7,15,5,3,4,1,0,0,1,0,1,0,0,0,13.47152165,52.50494242,2,0.0,12 to 16
1,1100312.0,8,16,3,3,5,2,0,1,1,0,0,0,0,0,13.41713668,52.51244065,2,0.5,16 to 20
1,1100207.0,7,20,2,3,5,3,1,0,1,0,0,0,0,0,13.39004717,52.5094993,1,0.0,20 to 24
5,5200631.0,8,18,1,3,5,3,0,1,1,0,0,0,0,0,13.20077065,52.52449705,2,0.5,16 to 20
10,10300734.0,8,17,7,3,2,6,0,0,1,0,1,0,0,0,13.56157546,52.50231978,2,0.0,16 to 20
10,10100102.0,8,8,5,2,5,3,0,1,1,0,0,0,0,0,13.5681519,52.57365388,2,0.5,08 to 12
2,2200208.0,7,14,5,3,5,2,0,1,1,0,0,0,0,0,13.3845655,52.49668965,2,0.5,12 to 16
9,9200715.0,8,7,3,3,5,2,0,0,1,0,0,0,0,0,13.54520351,52.42574036,1,0.0,04 to 08
7,7100101.0,7,18,2,3,0,7,0,0,1,0,1,0,0,1,13.34192186,52.4973182,2,0.0,16 to 20
3,3300411.0,8,18,1,3,0,6,0,0,1,0,1,0,0,0,13.49383954,52.61544228,2,0.0,16 to 20
7,7601544.0,8,17,5,3,2,6,0,0,1,0,0,0,0,0,13.40679656,52.39376869,1,0.0,16 to 20
11,11401137.0,8,2,7,2,6,4,2,0,0,1,0,0,1,0,13.51917745,52.50367885,2,0.0,00 to 04
1,1200517.0,8,17,5,3,3,6,0,1,1,0,0,0,0,0,13.34443142,52.53810623,2,0.5,16 to 20
7,7400928.0,7,14,5,3,5,3,0,1,1,0,0,0,0,0,13.42202648,52.46251221,2,0.5,12 to 16
11,11300721.0,8,15,2,3,5,3,0,0,1,0,0,0,0,0,13.49982057,52.53437283,1,0.0,12 to 16
12,12200309.0,7,14,5,3,0,7,0,1,0,0,0,0,0,0,13.32747526,52.56350052,1,1.0,12 to 16
8,8100416.0,8,14,4,3,0,7,0,1,0,0,0,0,0,0,13.44363955,52.47378444,1,1.0,12 to 16
1,1100310.0,8,18,2,2,2,6,0,0,1,0,1,0,0,0,13.41549009,52.52662494,2,0.0,16 to 20
3,3400723.0,7,13,5,3,5,3,0,1,0,0,0,0,0,0,13.41974387,52.57324299,1,1.0,12 to 16
5,5300737.0,8,8,4,3,2,6,0,0,1,0,0,0,0,0,13.24786471,52.5451678,1,0.0,08 to 12
8,8401241.0,7,13,5,3,4,6,0,1,1,0,0,0,1,0,13.48740374,52.43443944,3,0.3333333333333333,12 to 16
3,3601347.0,8,15,3,3,3,6,0,1,0,0,1,0,0,0,13.41924529,52.54605943,2,0.5,12 to 16
8,8200725.0,7,14,2,3,6,4,0,0,1,1,0,0,0,0,13.41224787,52.43914822,2,0.0,12 to 16
5,5300841.0,8,17,1,3,0,1,0,1,0,0,0,0,0,1,13.27048863,52.53653821,1,1.0,16 to 20
10,10400941.0,8,13,7,3,5,3,0,1,1,0,0,0,0,0,13.60935434,52.49297974,2,0.5,12 to 16
1,1200517.0,8,14,5,3,3,6,0,1,1,0,0,0,0,0,13.34441445,52.53831457,2,0.5,12 to 16
11,11501339.0,7,12,5,3,6,4,0,0,1,1,0,0,0,0,13.51718489,52.48781647,2,0.0,12 to 16
4,4501041.0,8,8,2,3,5,2,0,1,1,0,0,0,0,0,13.31943934,52.50163547,2,0.5,08 to 12
1,7100101.0,8,18,2,2,5,3,0,0,1,0,1,0,0,0,13.34278169,52.5045784,2,0.0,16 to 20
6,6300524.0,7,11,5,3,5,2,0,1,1,0,0,0,0,0,13.23003332,52.43088659,2,0.5,08 to 12
10,10300731.0,8,12,4,3,5,3,0,0,1,0,0,0,0,0,13.5522077,52.52040157,1,0.0,12 to 16
9,9501941.0,7,11,5,3,2,6,0,0,1,0,0,0,0,0,13.59316918,52.45183576,1,0.0,08 to 12
2,2500835.0,8,12,2,3,2,2,0,0,1,0,0,0,0,0,13.46628345,52.50044788,1,0.0,12 to 16
2,2200210.0,8,18,2,3,2,6,0,0,1,0,0,0,0,0,13.39562762,52.49742834,1,0.0,16 to 20
11,9200512.0,7,10,5,3,5,3,0,1,0,0,1,0,0,0,13.5205976,52.47421587,2,0.5,08 to 12
4,4100101.0,8,16,4,3,5,2,0,1,1,0,0,0,0,0,13.30489091,52.54784756,2,0.5,16 to 20
1,1100206.0,7,10,2,2,3,1,0,1,1,0,0,0,0,1,13.38824423,52.5204527,2,0.5,08 to 12
1,1300731.0,7,9,5,3,5,3,0,1,1,0,0,0,0,0,13.3881383,52.56567117,2,0.5,08 to 12
1,1200628.0,8,19,4,3,5,2,0,1,1,0,0,0,0,0,13.36583537,52.52543075,2,0.5,16 to 20
2,2400625.0,7,16,2,3,5,3,0,1,1,0,0,0,0,0,13.44335349,52.51195587,2,0.5,16 to 20
7,7501030.0,7,9,5,3,3,2,0,0,1,0,0,1,0,0,13.38566413,52.4455597,2,0.0,08 to 12
6,6100101.0,8,10,3,3,5,3,0,1,1,0,0,0,0,0,13.3124656,52.46476904,2,0.5,08 to 12
2,2400625.0,7,16,2,3,5,3,0,1,1,0,0,0,0,0,13.44335349,52.51195587,2,0.5,16 to 20
1,1100206.0,8,10,7,3,1,5,0,1,0,0,0,0,1,0,13.38823173,52.52052411,2,0.5,08 to 12
9,9100304.0,8,13,5,3,2,6,0,0,1,0,0,0,0,0,13.48484768,52.46374488,1,0.0,12 to 16
9,9501838.0,8,19,2,3,3,6,1,1,0,0,0,0,0,0,13.69986609,52.43612079,1,1.0,16 to 20
10,10400941.0,7,9,5,3,5,2,0,1,1,0,0,0,0,0,13.6106626,52.48222357,2,0.5,08 to 12
12,12200515.0,8,10,4,3,5,3,0,0,1,0,1,0,0,0,13.28107649,52.58547278,2,0.0,08 to 12
5,5400942.0,7,9,5,2,4,6,0,0,1,0,0,0,1,0,13.17983766,52.49980419,2,0.0,08 to 12
8,8100206.0,8,12,3,3,1,5,0,1,1,0,0,0,0,0,13.42445036,52.48471878,2,0.5,12 to 16
1,1401043.0,7,6,2,3,6,4,0,0,1,1,0,0,0,0,13.3616881,52.54790932,2,0.0,04 to 08
4,4300414.0,8,15,7,3,5,2,0,1,1,0,0,0,0,0,13.3005739,52.51655553,2,0.5,12 to 16
1,1401049.0,8,17,5,2,4,6,0,1,0,0,0,0,0,0,13.36349305,52.55661831,1,1.0,16 to 20
9,9501736.0,7,9,5,3,4,6,0,1,0,0,0,0,0,0,13.60299046,52.45094453,1,1.0,08 to 12
6,6300526.0,8,19,4,3,5,2,0,1,1,0,0,0,0,0,13.25602035,52.43583911,2,0.5,16 to 20
9,9200715.0,7,18,2,2,5,3,0,0,1,0,0,0,0,1,13.52697603,52.43778236,1,0.0,16 to 20
8,8100206.0,8,12,1,3,5,3,0,1,1,0,0,0,0,1,13.42536321,52.48076493,2,0.5,12 to 16
12,12500926.0,8,17,5,3,0,2,0,1,1,0,0,0,0,0,13.3388458,52.58937468,2,0.5,16 to 20
4,4200311.0,7,8,5,3,0,2,0,1,1,0,0,0,0,0,13.28128126,52.5127801,2,0.5,08 to 12
12,12200310.0,8,7,3,3,1,5,0,1,1,0,0,0,0,0,13.30061586,52.56968173,2,0.5,04 to 08
4,4500936.0,7,14,2,3,5,2,0,1,1,0,0,0,0,0,13.29665729,52.50146279,2,0.5,12 to 16
10,10400940.0,8,14,7,3,8,1,0,0,1,0,0,0,0,0,13.61460574,52.50238355,1,0.0,12 to 16
11,11200512.0,8,11,5,2,5,3,0,0,1,0,0,0,0,0,13.48601057,52.54958298,1,0.0,08 to 12
1,1100308.0,8,18,2,3,1,5,0,1,1,0,0,0,0,0,13.38070222,52.53246206,2,0.5,16 to 20
4,4300622.0,7,7,5,3,2,6,0,0,1,0,0,1,0,0,13.326508,52.50881381,2,0.0,04 to 08
3,3601140.0,8,9,4,3,0,6,0,1,1,0,0,0,0,0,13.40221965,52.55134723,2,0.5,08 to 12
1,1200517.0,7,8,5,3,0,2,0,1,0,0,0,0,1,0,13.32824052,52.53292495,2,0.5,08 to 12
1,1100205.0,8,19,3,3,5,2,0,1,0,0,0,0,1,0,13.3829675,52.51225636,2,0.5,16 to 20
9,9502043.0,7,12,2,3,5,7,0,1,1,0,0,0,0,0,13.56540227,52.47145205,2,0.5,12 to 16
8,8401241.0,8,17,1,2,5,3,0,1,0,0,0,0,1,1,13.47826602,52.44006097,2,0.5,16 to 20
6,6300528.0,8,11,7,3,5,3,0,1,1,0,0,0,0,0,13.26401298,52.42872567,2,0.5,08 to 12
1,1200628.0,8,16,5,3,5,2,0,0,1,0,0,0,0,0,13.36343355,52.52462426,1,0.0,16 to 20
1,1100308.0,7,9,4,3,5,7,0,1,0,0,0,0,1,0,13.38016069,52.51966918,2,0.5,08 to 12
6,6300526.0,8,8,2,3,6,7,0,0,1,1,0,0,0,0,13.25710999,52.42895397,2,0.0,08 to 12
2,2400521.0,7,9,2,3,0,3,0,0,1,0,0,0,1,0,13.44093735,52.52447585,2,0.0,08 to 12
9,9401534.0,7,23,4,3,0,1,2,1,0,0,0,0,0,0,13.57528962,52.44754221,1,1.0,20 to 24
5,5300737.0,8,16,4,3,1,5,0,1,1,0,0,0,0,0,13.2372186,52.54221874,2,0.5,16 to 20
9,9100304.0,7,22,4,3,5,2,2,0,0,0,1,0,0,0,13.48703541,52.46560932,1,0.0,20 to 24
9,9200510.0,8,11,3,3,3,6,0,0,1,0,0,0,0,0,13.51225175,52.47086352,1,0.0,08 to 12
7,7400721.0,7,11,2,3,5,3,0,1,0,0,0,0,1,0,13.38579584,52.4715601,2,0.5,08 to 12
4,4501044.0,7,12,6,3,5,2,0,1,1,0,0,0,0,0,13.31952983,52.49208954,2,0.5,12 to 16
1,1100103.0,8,13,4,2,5,2,0,0,1,0,1,0,0,0,13.3621901,52.50497642,2,0.0,12 to 16
2,2300314.0,7,22,4,3,5,2,2,1,1,0,0,0,0,0,13.41893055,52.49888492,2,0.5,20 to 24
12,12100205.0,8,13,4,3,0,7,0,1,0,0,0,0,0,0,13.36339865,52.58069579,1,1.0,12 to 16
3,3601449.0,7,22,4,3,0,7,2,0,0,0,0,0,1,0,13.45431386,52.54018004,1,0.0,20 to 24
8,8200727.0,8,6,3,3,2,6,0,0,1,0,1,0,0,0,13.43412071,52.44313122,2,0.0,04 to 08
1,1200628.0,7,11,2,3,6,4,0,1,0,1,0,0,0,0,13.3691772,52.52626849,2,0.5,08 to 12
1,1300731.0,8,16,1,3,5,2,0,0,1,0,0,0,0,0,13.38437893,52.56754733,1,0.0,16 to 20
10,10100104.0,8,2,7,3,6,7,2,1,0,1,0,0,0,0,13.5774974,52.56214912,2,0.5,00 to 04
9,9200715.0,8,9,5,3,5,2,0,1,0,0,0,0,0,0,13.52840896,52.42908882,1,1.0,08 to 12
9,9100304.0,7,22,4,3,5,2,2,1,1,0,0,0,0,0,13.48121092,52.46092445,2,0.5,20 to 24
5,5200629.0,8,14,2,3,6,7,0,0,0,1,0,0,1,0,13.1923636,52.52862471,2,0.0,12 to 16
11,11300721.0,8,18,2,3,2,6,0,0,1,0,0,0,0,0,13.49559271,52.53424139,1,0.0,16 to 20
1,1400937.0,7,21,4,3,1,5,2,1,1,0,0,0,0,0,13.33876896,52.55372419,2,0.5,20 to 24
9,9200510.0,8,16,4,3,5,2,0,1,1,0,0,0,0,0,13.51038781,52.46325948,2,0.5,16 to 20
2,2200210.0,8,20,2,3,5,3,0,0,1,0,0,0,0,0,13.39281655,52.49204349,1,0.0,20 to 24
1,1300836.0,7,20,4,2,0,3,1,0,1,0,1,0,0,0,13.37936714,52.54049962,2,0.0,20 to 24
6,6100102.0,8,0,4,3,1,7,2,0,1,0,0,0,0,0,13.32227528,52.45655033,1,0.0,00 to 04
8,8100310.0,7,20,4,3,3,6,0,1,1,0,0,0,0,0,13.43344987,52.49174795,2,0.5,20 to 24
12,12500926.0,8,14,3,3,0,1,0,0,0,0,1,0,0,0,13.33455266,52.58768046,1,0.0,12 to 16
10,10200421.0,7,18,4,3,5,2,0,0,1,0,1,0,0,0,13.60226503,52.53605588,2,0.0,16 to 20
1,1400938.0,8,0,4,2,5,7,2,0,1,0,0,0,1,0,13.34095995,52.55155903,2,0.0,00 to 04
6,6400735.0,7,18,4,2,1,5,0,1,1,0,0,0,0,0,13.18576044,52.42491284,2,0.5,16 to 20
3,3601141.0,8,16,3,3,2,6,0,0,1,0,1,0,0,1,13.41398456,52.55362907,2,0.0,16 to 20
11,11300616.0,7,10,2,2,5,3,0,1,1,0,0,0,0,0,13.46827154,52.53431295,2,0.5,08 to 12
12,12500825.0,8,14,1,3,0,1,0,0,0,0,1,0,0,1,13.31741172,52.58722933,1,0.0,12 to 16
3,3200207.0,8,15,7,3,5,2,0,1,1,0,0,0,0,0,13.43072101,52.58999616,2,0.5,12 to 16
6,6100102.0,8,6,5,3,5,2,0,1,0,0,0,0,0,0,13.32391467,52.45614171,1,1.0,04 to 08
4,4501043.0,7,17,4,3,2,6,0,0,1,0,0,0,0,0,13.31387782,52.49020675,1,0.0,16 to 20
7,7400823.0,8,10,2,3,5,2,0,1,1,0,0,0,0,0,13.3749511,52.4554523,2,0.5,08 to 12
1,1100205.0,7,16,4,3,5,2,0,1,1,0,0,0,0,0,13.38412594,52.51012284,2,0.5,16 to 20
12,12601235.0,8,15,4,3,6,4,0,1,0,1,0,0,0,0,13.35511806,52.59663997,2,0.5,12 to 16
6,6200317.0,7,10,2,3,2,6,0,0,1,0,0,0,0,0,13.35686427,52.42444288,1,0.0,08 to 12
6,6400844.0,7,16,4,3,5,3,0,1,1,0,0,0,0,0,13.27533061,52.46091819,2,0.5,16 to 20
5,5300737.0,8,7,4,3,5,3,0,1,1,0,0,0,0,0,13.23791118,52.54239929,2,0.5,04 to 08
1,1300836.0,7,10,2,3,9,1,0,0,1,0,0,0,0,0,13.37309849,52.54272313,1,0.0,08 to 12
1,1300733.0,7,16,4,3,6,4,0,0,1,1,0,0,0,0,13.39215001,52.554302,2,0.0,16 to 20
9,9200819.0,8,9,3,3,2,6,0,0,1,0,0,0,1,0,13.5610937,52.4361314,2,0.0,08 to 12
1,1100313.0,7,10,2,3,5,3,0,1,1,0,0,0,0,0,13.41966131,52.50608698,2,0.5,08 to 12
6,6400737.0,8,7,7,3,5,2,0,1,1,0,0,0,0,0,13.23720928,52.46928208,2,0.5,04 to 08
7,7501029.0,8,12,5,2,5,3,0,0,1,0,1,0,0,0,13.36894186,52.44546326,2,0.0,12 to 16
1,1100415.0,8,20,2,3,0,1,0,1,0,0,0,0,0,0,13.39201234,52.53199049,1,1.0,20 to 24
2,2500729.0,7,10,2,3,2,7,0,1,1,0,0,0,0,0,13.47198814,52.51685415,2,0.5,08 to 12
1,1300835.0,8,0,7,3,1,7,2,0,1,0,0,0,1,0,13.38754204,52.54366984,2,0.0,00 to 04
12,12400722.0,8,14,5,3,6,2,0,0,1,1,0,0,0,0,13.30099324,52.61622796,2,0.0,12 to 16
11,11200410.0,7,16,4,3,5,7,0,1,1,0,0,0,0,0,13.51192543,52.55466092,2,0.5,16 to 20
1,1200628.0,8,8,2,3,0,3,0,0,1,0,0,0,1,0,13.36843531,52.52252035,2,0.0,08 to 12
4,4501042.0,7,16,4,3,3,6,0,1,0,0,1,0,0,0,13.34037057,52.50420008,2,0.5,16 to 20
10,10300731.0,8,12,4,3,5,2,0,1,1,0,0,0,0,0,13.56302982,52.51424479,2,0.5,12 to 16
3,3400828.0,7,15,4,3,2,6,0,1,1,0,0,0,0,0,13.42730598,52.56054218,2,0.5,12 to 16
5,5200418.0,8,19,4,2,5,3,0,1,1,0,0,0,0,0,13.13000526,52.5485121,2,0.5,16 to 20
3,3701556.0,7,9,2,3,0,3,0,1,0,0,0,0,1,0,13.42018814,52.53282018,2,0.5,08 to 12
1,1100102.0,8,6,1,3,9,1,1,0,1,0,0,0,0,0,13.3708593,52.51862558,1,0.0,04 to 08
1,1100207.0,8,17,5,3,5,3,0,1,1,0,0,0,0,0,13.39046117,52.5076955,2,0.5,16 to 20
5,5100209.0,7,15,4,3,2,6,0,0,0,1,0,0,1,0,13.18038842,52.54866544,2,0.0,12 to 16
2,2200212.0,8,13,3,3,2,6,0,0,1,0,1,0,0,0,13.41449632,52.48820872,2,0.0,12 to 16
8,8200833.0,7,8,2,3,1,5,0,0,1,0,0,0,1,0,13.43935355,52.4175273,2,0.0,08 to 12
11,11400927.0,8,9,7,3,0,1,0,0,0,0,1,0,0,0,13.48118279,52.50286199,1,0.0,08 to 12
3,3500934.0,8,11,5,3,3,6,0,1,0,0,0,0,1,0,13.43476977,52.55672332,2,0.5,08 to 12
11,11200411.0,7,15,4,3,6,2,0,0,1,1,0,0,0,0,13.49952121,52.54776977,2,0.0,12 to 16
4,4300620.0,8,9,4,3,5,2,0,1,1,0,0,0,0,0,13.32595264,52.51863837,2,0.5,08 to 12
6,6200420.0,7,15,4,3,5,3,0,1,1,0,0,0,0,0,13.30737768,52.41984188,2,0.5,12 to 16
12,12500824.0,8,17,3,3,5,2,0,1,1,0,0,0,0,0,13.28935983,52.59027512,2,0.5,16 to 20
6,6200315.0,7,8,2,3,9,1,0,0,1,0,0,0,0,0,13.35233534,52.42954061,1,0.0,08 to 12
8,8100209.0,7,15,4,3,5,2,0,1,1,0,0,0,0,0,13.44279381,52.46508063,2,0.5,12 to 16
8,8100105.0,8,10,4,3,2,6,0,0,1,0,0,0,0,0,13.43315784,52.46430276,1,0.0,08 to 12
4,4100101.0,7,15,4,3,5,2,0,1,1,0,0,0,0,0,13.28253941,52.53389196,2,0.5,12 to 16
1,1100207.0,8,14,3,3,5,2,0,0,1,0,1,0,0,0,13.40582539,52.51399197,2,0.0,12 to 16
2,2300314.0,7,8,2,3,5,2,0,1,1,0,0,0,0,0,13.42121638,52.50075855,2,0.5,08 to 12
1,1200520.0,8,3,7,3,0,1,2,1,0,0,0,0,0,0,13.34333799,52.52864594,1,1.0,00 to 04
2,2100102.0,8,16,5,3,5,2,0,1,1,0,0,0,0,0,13.39466193,52.5021555,2,0.5,16 to 20
11,11300620.0,7,14,4,3,2,6,0,0,1,0,0,0,0,0,13.47986297,52.52698203,1,0.0,12 to 16
3,3100102.0,8,12,3,3,0,7,0,1,0,0,0,0,0,0,13.5180153,52.64246154,1,1.0,12 to 16
1,1200626.0,7,8,2,3,5,2,0,1,1,0,0,0,0,0,13.34675101,52.52489932,2,0.5,08 to 12
2,2300315.0,7,13,4,3,5,2,0,1,0,0,0,1,0,0,13.42633159,52.49932782,2,0.5,12 to 16
2,2200209.0,8,18,4,3,6,7,0,1,0,1,0,0,0,0,13.37561695,52.48774974,2,0.5,16 to 20
4,4100101.0,8,19,2,2,5,2,0,0,1,0,0,0,0,0,13.32610463,52.53837732,1,0.0,16 to 20
3,3100102.0,7,11,4,3,5,7,0,0,1,0,0,0,0,0,13.51044239,52.63417734,1,0.0,08 to 12
12,12500928.0,8,21,4,2,0,1,1,0,0,0,1,0,0,0,13.31922762,52.60684444,1,0.0,20 to 24
1,1100207.0,7,11,4,3,5,3,0,1,1,0,0,0,0,0,13.40462504,52.50896097,2,0.5,08 to 12
9,9200613.0,8,4,3,2,2,6,1,0,1,0,0,0,0,0,13.49609925,52.46625905,1,0.0,04 to 08
8,8401243.0,7,7,2,3,5,3,0,1,1,0,0,0,0,0,13.48999486,52.42123711,2,0.5,04 to 08
2,2100104.0,8,17,1,3,2,7,0,1,1,0,0,0,0,1,13.41421975,52.50267001,2,0.5,16 to 20
12,12100102.0,8,18,7,2,5,3,0,0,1,0,1,0,0,0,13.37755653,52.5704708,2,0.0,16 to 20
7,7300619.0,8,9,5,2,5,2,0,1,1,0,0,0,0,0,13.34883089,52.45916432,2,0.5,08 to 12
7,7200413.0,7,11,4,2,1,5,0,1,0,0,0,0,1,0,13.36142864,52.4826053,2,0.5,08 to 12
7,7601236.0,8,12,2,3,5,2,0,0,1,0,0,0,0,0,13.37069349,52.42243122,1,0.0,12 to 16
12,12200414.0,7,10,4,3,2,6,0,0,1,0,0,0,0,0,13.30694042,52.55497871,1,0.0,08 to 12
1,1400937.0,8,16,4,3,2,6,0,0,1,0,0,0,0,0,13.3358927,52.55428931,1,0.0,16 to 20
2,2100105.0,8,13,1,3,5,2,0,1,1,0,0,0,0,1,13.41813805,52.49938734,2,0.5,12 to 16
1,1100102.0,8,18,5,3,5,3,0,0,1,0,0,0,0,0,13.37382585,52.50509571,1,0.0,16 to 20
9,9100101.0,8,19,7,3,1,5,0,1,1,0,0,0,0,0,13.45593209,52.4956086,2,0.5,16 to 20
2,2400522.0,8,6,5,3,5,2,0,0,1,0,0,0,1,0,13.44379133,52.52530586,2,0.0,04 to 08
1,1200517.0,7,10,4,2,5,2,0,1,1,0,0,0,0,0,13.32841729,52.5330648,2,0.5,08 to 12
4,4300518.0,8,21,2,3,1,5,2,0,1,0,0,0,0,0,13.31449978,52.52259,1,0.0,20 to 24
6,6200313.0,7,10,4,3,5,2,0,0,1,0,0,0,1,0,13.34361372,52.43913826,2,0.0,08 to 12
9,9401534.0,8,17,4,3,0,1,0,1,0,0,0,0,0,0,13.57674304,52.44436408,1,1.0,16 to 20
11,11200410.0,7,9,4,2,5,3,0,1,1,0,0,0,0,0,13.4993172,52.56130504,2,0.5,08 to 12
5,5300841.0,8,8,4,3,5,2,0,1,0,0,0,0,1,0,13.27327953,52.53692931,2,0.5,08 to 12
1,1200517.0,7,10,4,2,0,3,0,0,0,0,1,0,1,0,13.33799993,52.53472458,2,0.0,08 to 12
10,10400837.0,8,15,3,2,5,3,0,1,1,0,0,0,0,0,13.5858029,52.50067671,2,0.5,12 to 16
4,4501041.0,7,20,2,2,0,5,0,0,1,0,1,0,0,1,13.31681554,52.5013961,2,0.0,20 to 24
3,3601243.0,8,13,1,3,0,1,0,0,1,0,0,0,0,1,13.41723159,52.55000003,1,0.0,12 to 16
6,6200314.0,8,13,7,3,0,2,0,1,1,0,0,0,0,0,13.33345651,52.42993561,2,0.5,12 to 16
5,5200528.0,8,16,5,3,0,1,0,0,0,0,1,0,0,0,13.17756604,52.51695851,1,0.0,16 to 20
6,6300634.0,7,9,4,1,5,3,0,1,1,0,0,0,0,0,13.30957616,52.43124754,2,0.5,08 to 12
5,5300840.0,8,8,2,3,2,6,0,0,1,0,0,0,0,0,13.26456756,52.53668773,1,0.0,08 to 12
9,9301025.0,7,8,4,3,5,3,0,1,0,0,0,0,1,0,13.5563684,52.39978832,2,0.5,08 to 12
1,1100416.0,8,12,4,3,2,6,0,0,1,0,1,0,0,0,13.3961574,52.53806986,2,0.0,12 to 16
6,6300633.0,7,7,4,3,6,7,0,1,0,1,0,0,0,0,13.30301413,52.44443502,2,0.5,04 to 08
8,8100521.0,8,19,4,3,6,4,0,0,0,1,1,0,0,0,13.45284894,52.47036028,2,0.0,16 to 20
3,3200310.0,7,18,2,2,0,7,0,0,0,0,0,0,1,0,13.42627759,52.60772837,1,0.0,16 to 20
4,4300623.0,7,19,2,3,0,1,0,0,0,0,1,0,0,1,13.31423072,52.50780265,1,0.0,16 to 20
11,11100101.0,7,6,4,2,0,7,0,0,1,0,0,0,0,0,13.5205648,52.58028584,1,0.0,04 to 08
5,5100101.0,8,20,4,3,0,7,1,0,0,0,1,0,0,1,13.17682619,52.58480681,1,0.0,20 to 24
8,8100206.0,7,18,2,3,1,5,0,1,1,0,0,0,0,1,13.42496368,52.48117017,2,0.5,16 to 20
8,8100415.0,7,6,4,3,5,3,0,1,0,0,0,0,0,0,13.43548166,52.48073797,1,1.0,04 to 08
8,8401139.0,8,10,3,3,1,5,0,0,1,0,0,0,0,0,13.46675563,52.43365508,1,0.0,08 to 12
8,8100104.0,7,18,2,3,4,2,0,1,1,0,0,0,0,1,13.42074484,52.46867068,2,0.5,16 to 20
8,8200725.0,8,11,7,3,5,3,0,1,1,0,0,0,0,0,13.42541127,52.44199303,2,0.5,08 to 12
7,7100102.0,8,14,5,3,5,3,0,1,1,0,0,0,0,0,13.35423753,52.49919081,2,0.5,12 to 16
1,1300834.0,7,1,4,3,5,3,2,1,0,0,0,0,1,0,13.39850052,52.53896403,2,0.5,00 to 04
12,12200310.0,8,18,2,2,6,4,0,0,1,1,0,0,0,0,13.31521321,52.57678034,2,0.0,16 to 20
1,1401049.0,7,15,4,3,2,6,0,0,1,0,0,0,0,0,13.36348551,52.55661443,1,0.0,12 to 16
4,4200310.0,8,14,4,3,2,6,0,0,1,0,1,0,0,0,13.26911063,52.51147822,2,0.0,12 to 16
4,4200308.0,7,7,3,3,0,2,0,1,0,0,0,1,0,0,13.28041053,52.51833309,2,0.5,04 to 08
6,6300634.0,8,13,4,3,3,6,0,0,1,0,1,0,0,0,13.29743631,52.44229127,2,0.0,12 to 16
4,4501043.0,7,18,2,3,5,2,0,1,1,0,0,0,0,1,13.31425783,52.490271,2,0.5,16 to 20
2,2300315.0,8,15,7,3,5,3,0,1,0,0,1,0,0,0,13.43200363,52.49932633,2,0.5,12 to 16
5,5100313.0,8,19,5,3,5,2,0,1,1,0,0,0,0,0,13.21075915,52.54770925,2,0.5,16 to 20
9,9501941.0,7,16,3,3,3,6,0,1,0,0,0,0,0,0,13.58925142,52.4513402,1,1.0,16 to 20
7,7400927.0,8,12,3,3,0,5,0,0,1,0,1,0,0,0,13.39361399,52.45753791,2,0.0,12 to 16
2,2300314.0,7,17,2,2,5,2,0,1,1,0,0,0,0,0,13.42304286,52.50024567,2,0.5,16 to 20
3,3601449.0,7,9,6,3,5,3,0,1,1,0,0,0,0,0,13.44637327,52.54495199,2,0.5,08 to 12
11,11100204.0,8,16,4,2,0,6,0,0,1,0,1,0,0,0,13.51764901,52.56788484,2,0.0,16 to 20
1,1300733.0,8,12,1,3,2,6,0,0,1,0,0,0,0,1,13.39693967,52.55472266,1,0.0,12 to 16
5,5100314.0,8,17,5,3,5,2,0,0,1,0,0,0,1,0,13.20675224,52.54372431,2,0.0,16 to 20