bez,lor_ab_2021,umonat,ustunde,uwochentag,ukategorie,uart,utyp1,ulichtverh,istrad,istpkw,istfuss,istkrad,istgkfz,istsonstige,ustrzustand,xgcswgs84,ygcswgs84,all_acc,perc_bike_acc,rushhours
7,7400823.0,8,15,6,2,0,2,0,0,1,0,1,0,0,0,13.37627296,52.45893037,2,0.0,12 to 16
10,10100316.0,8,12,3,3,0,3,0,0,1,0,0,0,1,0,13.57152985,52.54060466,2,0.0,12 to 16
4,4400834.0,8,21,7,3,5,3,2,0,1,0,0,0,0,0,13.31087861,52.47219251,1,0.0,20 to 24
7,7300619.0,8,21,7,2,1,5,2,1,1,0,0,0,0,0,13.35015056,52.46176921,2,0.5,20 to 24
3,3200309.0,8,7,5,3,5,2,0,1,0,0,0,0,0,0,13.43715653,52.5943969,1,1.0,04 to 08
1,1100309.0,8,11,3,3,5,2,0,1,1,0,0,0,0,0,13.40266445,52.52802699,2,0.5,08 to 12
4,4400834.0,8,21,7,3,6,4,2,1,1,1,0,0,0,0,13.31083168,52.47940205,3,0.3333333333333333,20 to 24
1,1200626.0,8,19,1,3,9,1,0,0,1,0,0,0,0,0,13.34971513,52.52445454,1,0.0,16 to 20
3,3400722.0,8,8,4,3,1,5,0,1,1,0,0,0,0,0,13.40880035,52.57134268,2,0.5,08 to 12
3,3601450.0,8,16,4,2,3,6,0,0,1,0,1,0,0,0,13.45707435,52.52863621,2,0.0,16 to 20
7,7601545.0,8,21,7,3,0,7,1,1,0,0,0,0,0,0,13.41292417,52.38994159,1,1.0,20 to 24
3,3601142.0,8,21,6,3,5,2,0,1,1,0,0,0,0,0,13.41275669,52.54439918,2,0.5,20 to 24
1,1100206.0,8,18,7,3,5,7,0,0,1,0,1,0,0,0,13.39626745,52.5175278,2,0.0,16 to 20
11,11501341.0,8,13,6,3,5,3,0,0,1,0,0,0,0,0,13.51698563,52.4818241,1,0.0,12 to 16
1,1200522.0,8,12,3,3,5,2,0,1,1,0,0,0,0,0,13.3299458,52.52378142,2,0.5,12 to 16
7,7501031.0,8,14,4,3,2,6,0,0,1,0,0,1,1,0,13.40075449,52.44564558,3,0.0,12 to 16
3,3501038.0,8,9,2,3,5,3,0,0,1,0,0,0,0,0,13.4703727,52.5537186,1,0.0,08 to 12
10,10400835.0,8,3,7,3,9,1,2,0,1,0,0,0,0,0,13.587896,52.51228304,1,0.0,00 to 04
2,2100104.0,8,13,7,3,5,3,0,0,1,0,1,0,0,0,13.40415399,52.50388914,2,0.0,12 to 16
2,2500833.0,8,18,5,3,2,6,0,1,1,0,0,0,0,0,13.45282093,52.51241383,2,0.5,16 to 20
1,1100102.0,8,12,3,3,0,2,0,0,1,0,1,0,0,0,13.3708754,52.5177793,2,0.0,12 to 16
6,6400737.0,8,13,7,2,5,2,0,1,1,0,0,0,0,0,13.19309632,52.43379295,2,0.5,12 to 16
5,5300737.0,8,0,7,2,5,2,2,0,1,0,1,0,0,0,13.24773363,52.53823562,2,0.0,00 to 04
2,2300316.0,8,18,4,3,0,3,0,1,0,1,0,0,0,0,13.44189408,52.50126515,2,0.5,16 to 20
6,6400844.0,8,12,7,3,1,5,0,1,1,0,0,0,0,0,13.27661208,52.46108079,2,0.5,12 to 16
3,3601245.0,8,18,5,3,5,3,0,1,1,0,0,0,0,0,13.43371201,52.54946506,2,0.5,16 to 20
8,8301036.0,8,11,3,3,2,6,0,0,1,0,0,0,0,0,13.47212586,52.43056329,1,0.0,08 to 12
12,12400722.0,8,12,7,3,2,6,0,0,1,0,0,0,0,0,13.30263861,52.61802441,1,0.0,12 to 16
6,6300632.0,8,9,1,3,5,2,0,1,1,0,0,0,0,0,13.29855864,52.42197711,2,0.5,08 to 12
6,6300631.0,8,14,4,3,1,5,0,0,1,0,0,0,0,0,13.29449647,52.41984394,1,0.0,12 to 16
7,7400825.0,8,11,7,3,5,2,0,1,1,0,0,0,0,0,13.38418314,52.45818474,2,0.5,08 to 12
8,8100311.0,8,20,6,3,5,2,0,0,1,0,1,0,0,1,13.42889467,52.48650947,2,0.0,20 to 24
2,2400522.0,8,11,7,3,2,6,0,1,1,0,0,0,0,0,13.44648522,52.52152071,2,0.5,08 to 12
8,8100521.0,8,8,6,3,0,7,0,0,1,0,1,0,0,0,13.45315501,52.47004831,2,0.0,08 to 12
12,12100204.0,8,11,3,3,5,2,0,0,1,0,0,0,0,0,13.35388999,52.56209017,1,0.0,08 to 12
3,3200205.0,8,13,4,3,5,3,0,0,1,0,1,0,0,0,13.39139636,52.59546956,2,0.0,12 to 16
5,5100105.0,8,21,7,3,5,3,1,0,1,0,1,0,0,0,13.19836872,52.55568949,2,0.0,20 to 24
6,6200313.0,8,10,7,3,1,5,0,1,1,0,0,0,0,0,13.34492983,52.43227187,2,0.5,08 to 12
8,8100311.0,8,17,5,3,5,3,0,1,0,0,0,0,1,0,13.43312215,52.48905504,2,0.5,16 to 20
6,6100102.0,8,16,4,3,1,5,0,1,1,0,0,0,0,0,13.3213572,52.45875216,2,0.5,16 to 20
12,12500928.0,8,21,7,3,1,5,1,1,1,0,0,0,0,0,13.3160748,52.6091645,2,0.5,20 to 24
5,5200420.0,8,7,7,3,3,6,0,0,1,0,0,0,0,0,13.17999719,52.53390857,1,0.0,04 to 08
6,6400839.0,8,15,4,3,1,5,0,0,1,0,0,0,0,0,13.24105781,52.43580645,1,0.0,12 to 16
1,1100207.0,8,1,7,3,5,2,2,0,1,0,1,0,0,0,13.39181848,52.51056383,2,0.0,00 to 04
8,8100104.0,8,17,6,3,5,2,0,1,1,0,0,0,0,0,13.42891792,52.47191131,2,0.5,16 to 20
7,7400720.0,8,20,7,3,5,2,1,0,1,0,1,0,0,0,13.37781858,52.47245836,2,0.0,20 to 24
8,8300934.0,8,9,7,3,5,2,0,0,1,0,0,0,0,0,13.46002575,52.43186391,1,0.0,08 to 12
1,1100311.0,8,1,6,3,7,1,2,1,0,0,0,0,0,1,13.41812558,52.51620114,1,1.0,00 to 04
4,4400726.0,8,8,7,3,6,4,0,1,0,1,0,0,0,0,13.27867782,52.49543268,2,0.5,08 to 12
1,1400939.0,8,9,5,3,3,6,0,1,1,0,0,0,0,0,13.35160371,52.55236559,2,0.5,08 to 12
7,7100103.0,8,10,3,3,2,6,0,1,0,0,0,0,0,0,13.36097819,52.49817606,1,1.0,08 to 12
9,9501939.0,8,13,4,3,6,7,0,0,0,1,0,0,1,0,13.57860012,52.45773141,2,0.0,12 to 16
3,3601245.0,8,8,7,3,5,3,0,1,1,0,0,0,0,0,13.44226845,52.54663,2,0.5,08 to 12
7,7300517.0,8,17,1,3,5,2,0,1,1,0,0,0,0,0,13.32837701,52.47339925,2,0.5,16 to 20
1,1100310.0,8,13,7,2,3,6,0,1,0,0,0,0,0,0,13.41600445,52.52713088,1,1.0,12 to 16
6,6300634.0,8,16,5,3,5,3,0,0,1,0,1,0,0,0,13.28278314,52.43289472,2,0.0,16 to 20
1,1100102.0,8,18,7,3,5,3,0,1,1,0,0,0,0,0,13.34874713,52.51501418,2,0.5,16 to 20
1,1300836.0,8,11,7,3,5,3,0,1,1,0,0,0,0,0,13.37658807,52.54596758,2,0.5,08 to 12
4,4300416.0,8,10,3,3,0,7,0,0,1,0,0,0,0,0,13.30250352,52.50654272,1,0.0,08 to 12
1,1200517.0,8,17,7,3,5,2,0,1,1,0,0,0,0,0,13.32477602,52.53223081,2,0.5,16 to 20
7,7100103.0,8,16,6,3,5,2,0,1,1,0,0,0,0,0,13.35687931,52.49876538,2,0.5,16 to 20
3,3400618.0,8,10,3,3,5,3,0,1,1,0,0,0,0,0,13.37308068,52.59383046,2,0.5,08 to 12
6,6400842.0,8,16,7,2,5,3,0,1,1,0,0,0,0,0,13.26831978,52.45463994,2,0.5,16 to 20
6,6200317.0,8,8,5,3,5,3,0,0,1,0,1,0,0,0,13.36711402,52.42680017,2,0.0,08 to 12
2,2100106.0,8,10,3,3,5,3,0,0,1,0,0,0,0,0,13.41413377,52.49857914,1,0.0,08 to 12
11,11100307.0,8,16,7,2,0,7,0,0,1,0,0,0,0,0,13.51015927,52.56609783,1,0.0,16 to 20
4,4501043.0,8,20,1,3,2,7,1,0,1,0,0,0,0,0,13.30727805,52.49859857,1,0.0,20 to 24
4,4300416.0,8,12,5,3,1,5,0,1,0,0,0,1,0,0,13.29970751,52.50548886,2,0.5,12 to 16
1,1100308.0,8,16,4,2,2,6,0,0,1,0,1,0,0,0,13.38737849,52.52559574,2,0.0,16 to 20
4,4300624.0,8,10,5,3,5,5,0,0,1,0,1,0,0,0,13.32171547,52.50567107,2,0.0,08 to 12
1,1100206.0,8,10,3,3,5,3,0,1,1,0,0,0,0,0,13.3932979,52.51411143,2,0.5,08 to 12
4,4400726.0,8,16,7,3,3,6,0,1,1,0,0,0,0,0,13.27875751,52.49058787,2,0.5,16 to 20
12,12100101.0,8,13,1,3,0,6,0,0,1,0,1,0,0,0,13.37371291,52.56432144,2,0.0,12 to 16
7,7100101.0,8,15,7,3,5,2,0,1,1,0,0,0,0,0,13.34357624,52.50151805,2,0.5,12 to 16
11,11300725.0,8,15,5,3,0,1,0,1,0,0,0,0,0,0,13.49849995,52.51525816,1,1.0,12 to 16
3,3200205.0,8,15,7,3,5,3,0,0,1,0,0,0,0,0,13.39831743,52.59238812,1,0.0,12 to 16
12,12601236.0,8,13,7,3,0,6,0,0,0,0,1,0,0,0,13.33894534,52.59582271,1,0.0,12 to 16
7,7100205.0,8,15,7,3,2,6,0,0,1,0,0,0,0,0,13.36684114,52.49332328,1,0.0,12 to 16
5,5100105.0,8,15,6,3,2,6,0,0,1,0,0,0,1,0,13.19735004,52.56061665,2,0.0,12 to 16
6,6200314.0,8,9,3,3,6,4,0,0,1,1,0,0,0,0,13.33672858,52.43112309,2,0.0,08 to 12
9,9401534.0,8,10,6,3,2,6,0,0,1,0,0,0,1,0,13.58271875,52.44293776,2,0.0,08 to 12
9,9501737.0,8,3,6,3,1,6,2,1,1,0,0,0,0,0,13.63259341,52.45064867,2,0.5,00 to 04
4,4300624.0,8,22,5,3,0,7,2,0,0,0,1,0,0,0,13.32234526,52.50641123,1,0.0,20 to 24
3,3501038.0,8,9,3,3,0,6,0,0,0,0,1,1,0,0,13.46884568,52.55384041,2,0.0,08 to 12
8,8100417.0,8,17,6,3,0,2,0,0,1,0,0,0,1,0,13.45590125,52.47384511,2,0.0,16 to 20
1,1401049.0,8,18,1,3,2,6,0,0,1,0,0,0,0,0,13.36179872,52.55574537,1,0.0,16 to 20
2,2200209.0,8,10,4,3,5,2,0,1,1,0,0,0,0,0,13.38623564,52.49007647,2,0.5,08 to 12
1,1100310.0,8,23,6,3,5,2,2,1,1,0,0,0,0,0,13.40996608,52.52858848,2,0.5,20 to 24
8,8100311.0,8,22,6,3,5,3,2,0,0,0,1,0,1,0,13.42870386,52.48657607,2,0.0,20 to 24
2,2200210.0,8,23,6,3,6,4,2,0,1,1,0,0,0,0,13.39436991,52.49129732,2,0.0,20 to 24
8,8100206.0,8,11,6,3,0,6,0,0,1,0,1,0,0,0,13.42887873,52.48363413,2,0.0,08 to 12
11,11501340.0,8,9,3,3,5,3,0,0,1,0,0,0,0,0,13.53195305,52.48414467,1,0.0,08 to 12
11,11200411.0,8,22,6,3,5,2,2,1,1,0,0,0,0,0,13.50932298,52.54634021,2,0.5,20 to 24
9,9501737.0,8,16,7,3,2,7,0,0,1,0,1,0,0,0,13.62913543,52.44668003,2,0.0,16 to 20
1,1300730.0,8,21,6,2,3,2,1,0,0,0,1,0,0,0,13.36998267,52.55976472,1,0.0,20 to 24
4,4100101.0,8,13,6,2,5,2,0,1,1,0,0,0,0,0,13.28154327,52.53132111,2,0.5,12 to 16
1,1100101.0,8,18,3,3,2,2,0,1,1,0,0,0,0,0,13.35153622,52.50951404,2,0.5,16 to 20
9,9100409.0,8,11,2,3,0,3,0,0,1,0,0,0,1,0,13.50095582,52.43528058,2,0.0,08 to 12
2,2500832.0,8,21,6,3,0,5,1,0,1,0,1,0,0,0,13.46971193,52.50644652,2,0.0,20 to 24
6,4200207.0,8,20,6,3,8,1,0,0,1,0,0,0,0,0,13.20032253,52.46976965,1,0.0,20 to 24
11,11501339.0,8,18,5,3,1,5,0,1,1,0,0,0,0,0,13.52342377,52.48301097,2,0.5,16 to 20
1,1300733.0,8,18,3,3,1,5,0,1,1,0,0,0,0,0,13.38306694,52.55404283,2,0.5,16 to 20
11,11200410.0,8,14,6,3,2,2,0,0,1,0,0,0,0,0,13.51973312,52.5531615,1,0.0,12 to 16
1,1100308.0,8,1,1,3,3,6,2,0,1,0,0,0,1,0,13.38607804,52.5281387,2,0.0,00 to 04
1,1100310.0,8,8,4,3,3,6,0,1,0,0,0,0,0,0,13.4110774,52.52395528,1,1.0,08 to 12
6,6300528.0,8,14,4,3,5,3,0,1,1,0,0,0,0,0,13.27851455,52.42989115,2,0.5,12 to 16
3,3701658.0,8,16,6,3,0,7,0,0,0,0,1,0,1,0,13.42618669,52.5369162,2,0.0,16 to 20
11,11300620.0,8,19,6,3,2,2,0,0,1,0,0,0,0,0,13.47622546,52.53294531,1,0.0,16 to 20
9,9200819.0,8,7,6,3,0,1,0,1,0,0,0,0,0,0,13.56918674,52.44436027,1,1.0,04 to 08
8,8200726.0,8,7,6,3,6,4,0,0,1,1,0,0,0,0,13.43382181,52.44388076,2,0.0,04 to 08
6,6100208.0,8,19,3,3,0,5,0,1,1,0,0,0,0,0,13.32752387,52.4580116,2,0.5,16 to 20
2,2200213.0,8,12,4,3,6,7,0,1,0,1,0,0,0,0,13.42138656,52.49098666,2,0.5,12 to 16
9,9501737.0,8,3,6,3,0,1,2,1,0,0,0,0,0,0,13.62869217,52.45053629,1,1.0,00 to 04
2,2200209.0,8,13,6,3,1,5,0,1,1,0,0,0,0,0,13.38292668,52.49186651,2,0.5,12 to 16
9,9501838.0,8,9,5,3,3,7,0,1,0,0,0,0,0,0,13.68818987,52.44114484,1,1.0,08 to 12
1,1100104.0,8,13,6,3,5,3,0,1,1,0,0,0,0,0,13.36688611,52.50281482,2,0.5,12 to 16
2,2400521.0,8,12,4,2,5,3,0,0,1,0,1,0,0,0,13.44062844,52.51707646,2,0.0,12 to 16
2,2500726.0,8,13,1,3,2,6,0,0,1,0,0,0,0,0,13.45130617,52.52143063,1,0.0,12 to 16
4,4300412.0,8,7,6,3,5,2,0,1,1,0,0,0,0,0,13.29973447,52.51939071,2,0.5,04 to 08
1,1100101.0,8,12,6,2,5,2,0,1,1,0,0,0,0,0,13.35114036,52.50963422,2,0.5,12 to 16
5,5200630.0,8,18,5,2,0,7,0,0,1,0,0,0,1,0,13.17821934,52.52512701,2,0.0,16 to 20
6,6400838.0,8,12,6,2,3,6,0,1,0,0,0,0,0,0,13.22564154,52.43744631,1,1.0,12 to 16
2,2200212.0,8,19,7,3,9,7,0,0,1,1,0,0,0,0,13.41238716,52.49157796,2,0.0,16 to 20
2,2500833.0,8,18,4,3,5,2,0,1,0,0,1,0,0,0,13.45999872,52.50901323,2,0.5,16 to 20
4,4100102.0,8,11,6,3,3,6,0,0,1,0,0,1,0,0,13.29386986,52.53365536,2,0.0,08 to 12
5,5100314.0,8,18,6,3,6,4,0,0,1,1,0,0,0,0,13.20868634,52.54747771,2,0.0,16 to 20
9,9100101.0,8,11,6,3,0,1,0,1,0,0,0,0,0,0,13.44641063,52.49431118,1,1.0,08 to 12
1,1300834.0,8,16,5,3,5,3,0,1,1,0,0,0,0,0,13.38822492,52.54820674,2,0.5,16 to 20
9,9200819.0,8,15,3,3,0,5,0,0,1,0,1,0,0,0,13.56994973,52.44159447,2,0.0,12 to 16
2,2200208.0,8,11,4,3,0,1,0,1,0,0,0,0,0,0,13.38261297,52.49399215,1,1.0,08 to 12
4,4400835.0,8,10,6,3,3,6,0,0,1,0,1,0,0,0,13.32015896,52.47367935,2,0.0,08 to 12
5,5100105.0,8,14,1,2,5,3,0,0,1,0,0,0,0,0,13.1889153,52.55802581,1,0.0,12 to 16
8,8301036.0,8,10,6,2,2,6,0,0,1,0,0,0,0,0,13.46631681,52.42657282,1,0.0,08 to 12
1,1100102.0,8,15,5,3,2,2,0,1,1,0,0,0,0,0,13.35478142,52.51706513,2,0.5,12 to 16
9,9200819.0,8,9,6,3,2,6,0,1,0,0,0,0,0,0,13.57140067,52.43204718,1,1.0,08 to 12
8,8100209.0,8,12,7,3,2,6,0,0,1,0,0,0,0,0,13.4474073,52.46829466,1,0.0,12 to 16
7,7200414.0,8,19,6,2,5,7,1,0,1,0,0,0,0,0,13.36806342,52.48507303,1,0.0,16 to 20
3,3100103.0,8,16,6,3,2,6,0,0,1,0,0,0,1,0,13.4997042,52.63145744,2,0.0,16 to 20
9,9200715.0,8,18,3,3,5,2,0,0,1,0,1,0,0,0,13.54521658,52.42574319,2,0.0,16 to 20
5,5200528.0,8,8,7,3,2,2,0,0,1,0,1,0,0,0,13.17734826,52.51554757,2,0.0,08 to 12
6,6400841.0,8,18,3,3,5,3,0,1,1,0,0,0,0,0,13.26769431,52.44545315,2,0.5,16 to 20
7,7400823.0,8,19,6,3,5,3,0,1,1,0,0,0,0,0,13.37784433,52.46863217,2,0.5,16 to 20
8,8401241.0,8,17,6,3,5,3,0,0,1,0,0,0,0,0,13.48189412,52.43193387,1,0.0,16 to 20
7,7400822.0,8,17,3,2,8,1,0,0,0,0,1,0,0,0,13.36950284,52.45835738,1,0.0,16 to 20
4,4500936.0,8,19,6,3,6,7,0,1,0,1,0,0,0,0,13.30584182,52.49969681,2,0.5,16 to 20
2,2100104.0,8,9,5,3,5,3,0,0,1,0,1,0,0,0,13.40810125,52.50438911,2,0.0,08 to 12
9,9100306.0,8,16,3,3,2,6,0,0,1,0,0,0,0,0,13.47861697,52.44277077,1,0.0,16 to 20
7,7100205.0,8,18,6,3,3,6,0,0,1,0,1,0,0,0,13.36747444,52.49339229,2,0.0,16 to 20
4,4501045.0,8,11,1,3,5,2,0,1,1,0,0,0,0,0,13.3272592,52.49470744,2,0.5,08 to 12
4,4500936.0,8,18,6,3,3,6,0,1,1,0,0,0,0,0,13.30611391,52.49974563,2,0.5,16 to 20
3,3500936.0,8,14,5,3,0,6,0,0,1,0,1,0,0,0,13.46553101,52.55178755,2,0.0,12 to 16
2,2500832.0,8,18,6,3,5,2,0,1,1,0,0,0,0,0,13.47534885,52.51188051,2,0.5,16 to 20
2,2400521.0,8,15,7,3,5,2,0,0,1,0,1,0,0,0,13.44062844,52.51707646,2,0.0,12 to 16
5,5300736.0,8,17,6,3,2,6,0,0,1,0,0,0,0,0,13.21470665,52.53843783,1,0.0,16 to 20
10,10200417.0,8,14,6,3,5,2,0,0,1,0,0,0,0,0,13.59290489,52.54843208,1,0.0,12 to 16
7,7501029.0,8,16,3,3,2,6,0,1,1,0,0,0,0,0,13.37263755,52.44861024,2,0.5,16 to 20
5,5300736.0,8,16,6,3,5,3,0,1,1,0,0,0,0,0,13.2173249,52.53766039,2,0.5,16 to 20
5,5100317.0,8,16,6,3,5,2,0,0,1,0,0,0,0,0,13.21376259,52.53178342,1,0.0,16 to 20
12,12200515.0,8,19,5,3,5,2,0,0,1,0,1,0,0,0,13.28422771,52.59443205,2,0.0,16 to 20
1,1200623.0,8,16,3,3,5,2,0,1,0,0,1,0,0,0,13.35634707,52.53588676,2,0.5,16 to 20
7,7400927.0,8,15,6,3,3,6,0,1,0,0,0,1,0,0,13.40120509,52.46366042,2,0.5,12 to 16
6,6200421.0,8,9,1,3,5,2,0,1,1,0,0,0,0,0,13.31679403,52.42577333,2,0.5,08 to 12
1,1100206.0,8,15,6,2,6,4,0,1,0,1,0,0,0,0,13.38031685,52.51876719,2,0.5,12 to 16
7,7400927.0,8,14,6,3,5,1,0,0,1,0,0,0,0,0,13.39439051,52.46410642,1,0.0,12 to 16
7,7601443.0,8,7,5,3,0,3,0,0,1,0,1,0,0,0,13.41109553,52.40015555,2,0.0,04 to 08
1,1100308.0,8,15,3,3,3,6,0,1,0,0,0,0,0,0,13.37964017,52.52250275,1,1.0,12 to 16
4,4300622.0,8,14,6,3,3,6,0,0,1,0,0,0,0,0,13.31849225,52.51386191,1,0.0,12 to 16
3,3500935.0,8,20,1,3,5,3,1,1,1,0,0,0,0,0,13.44809617,52.54927574,2,0.5,20 to 24
8,8100209.0,8,14,4,3,5,2,0,1,1,0,0,0,0,0,13.43322448,52.46486173,2,0.5,12 to 16
1,1200626.0,8,14,6,3,5,2,0,0,1,0,0,0,0,0,13.35092772,52.52431228,1,0.0,12 to 16
1,1100102.0,8,16,6,3,2,6,0,0,1,0,0,0,0,0,13.3507062,52.5125242,1,0.0,16 to 20
7,7400824.0,8,13,6,3,2,6,0,0,1,0,0,0,1,0,13.3855146,52.46482072,2,0.0,12 to 16
5,5200629.0,8,12,6,3,3,6,0,0,1,0,1,0,0,0,13.19900548,52.53352788,2,0.0,12 to 16
11,11300620.0,8,15,3,3,5,3,0,1,1,0,0,0,0,0,13.48539609,52.53079046,2,0.5,12 to 16
12,12500930.0,8,11,2,2,5,2,0,0,1,0,0,0,0,0,13.31542523,52.57784057,1,0.0,08 to 12
8,8200624.0,8,14,5,3,2,6,0,0,1,0,0,0,0,0,13.42108234,52.45232749,1,0.0,12 to 16
12,12100102.0,8,21,5,3,1,5,1,1,1,0,0,0,0,0,13.36850754,52.56857004,2,0.5,20 to 24
1,1400942.0,8,8,5,3,5,2,0,1,1,0,0,0,0,0,13.34608087,52.54483775,2,0.5,08 to 12
8,8100415.0,8,15,3,3,5,3,0,0,1,0,0,0,0,0,13.44598391,52.47639065,1,0.0,12 to 16
4,4501148.0,8,18,5,3,5,2,0,0,0,0,1,0,0,0,13.3128201,52.48048736,1,0.0,16 to 20
8,8100104.0,8,17,7,3,1,5,0,1,1,0,0,0,0,0,13.4298385,52.47010361,2,0.5,16 to 20
11,11200513.0,8,18,4,3,0,7,0,0,1,0,1,0,0,0,13.4966059,52.54629034,2,0.0,16 to 20
5,5300736.0,8,18,5,3,2,7,0,0,0,0,1,0,1,0,13.22840793,52.54851444,2,0.0,16 to 20
1,1100102.0,8,14,6,3,4,6,0,1,0,0,0,0,0,0,13.35021786,52.51367814,1,1.0,12 to 16
9,9200511.0,8,21,4,3,0,1,2,1,0,0,0,0,0,0,13.51720348,52.46172806,1,1.0,20 to 24
12,12200412.0,8,18,5,2,5,2,0,1,1,0,0,0,0,0,13.29280978,52.57871379,2,0.5,16 to 20
2,2300314.0,8,22,6,3,2,6,2,0,1,0,0,0,1,0,13.41949539,52.49916143,2,0.0,20 to 24
7,7200411.0,8,23,5,2,1,5,2,1,1,0,0,0,0,0,13.36242844,52.48690847,2,0.5,20 to 24
1,1100308.0,8,9,6,3,5,2,0,1,1,0,0,0,0,0,13.38292498,52.53067061,2,0.5,08 to 12
1,1300836.0,8,15,3,3,0,6,0,0,1,0,1,0,0,0,13.38211049,52.55156068,2,0.0,12 to 16
10,10100209.0,8,11,4,2,5,3,0,0,1,0,1,0,0,0,13.57263019,52.55009425,2,0.0,08 to 12
4,4200311.0,8,23,5,2,3,6,2,0,1,0,0,0,0,0,13.27993252,52.50657091,1,0.0,20 to 24
9,9501737.0,8,22,5,3,4,6,2,1,0,0,0,0,0,0,13.62132435,52.45612757,1,1.0,20 to 24
6,6200313.0,8,17,5,3,5,2,0,0,1,0,0,0,0,0,13.34573613,52.43633425,1,0.0,16 to 20
8,8100312.0,8,23,4,3,1,1,2,1,1,0,0,0,0,0,13.43862051,52.48859677,2,0.5,20 to 24
8,8100520.0,8,18,5,3,5,3,0,0,1,0,1,0,0,0,13.46453317,52.47029322,2,0.0,16 to 20
1,1400942.0,8,8,7,3,5,2,0,0,1,0,0,0,1,0,13.34393147,52.54642638,2,0.0,08 to 12
9,9200511.0,8,7,4,3,5,3,0,0,1,0,0,0,0,0,13.52370162,52.46299637,1,0.0,04 to 08
10,10100311.0,8,18,5,3,5,2,0,1,1,0,0,0,0,0,13.51981423,52.52605038,2,0.5,16 to 20
3,3200205.0,8,18,6,3,5,3,0,0,1,0,1,0,0,0,13.3882924,52.58344819,2,0.0,16 to 20
1,1300836.0,8,18,5,3,1,5,0,1,1,0,0,0,0,0,13.38047597,52.55177013,2,0.5,16 to 20
5,5300736.0,8,11,5,3,5,2,0,1,1,0,0,0,0,0,13.21364865,52.53858511,2,0.5,08 to 12
1,1200628.0,8,14,3,3,5,2,0,1,0,0,0,0,1,0,13.35945474,52.52329403,2,0.5,12 to 16
9,9200511.0,8,22,5,3,0,1,2,1,0,0,0,0,0,0,13.52307563,52.45998266,1,1.0,20 to 24
4,4400835.0,8,13,1,3,5,2,0,1,1,0,0,0,0,0,13.31988556,52.46880617,2,0.5,12 to 16
8,8100209.0,8,21,5,3,5,2,2,1,1,0,0,0,0,0,13.43351516,52.46661854,2,0.5,20 to 24
1,1100308.0,8,17,4,3,5,7,0,1,1,0,0,0,0,0,13.37694149,52.52978814,2,0.5,16 to 20
4,4300416.0,8,12,3,3,0,2,0,0,1,0,1,0,0,1,13.29922278,52.50684306,2,0.0,12 to 16
4,4501149.0,8,7,3,3,4,7,0,1,1,0,0,0,0,1,13.32656887,52.4912492,2,0.5,04 to 08
4,4300414.0,8,17,1,2,6,2,0,0,1,1,0,0,0,0,13.30079028,52.51531877,2,0.0,16 to 20
11,11501238.0,8,15,6,3,4,5,0,0,1,0,1,0,0,0,13.46940714,52.50142013,2,0.0,12 to 16
12,12200412.0,8,14,4,3,1,5,0,1,1,0,0,0,0,1,13.30489354,52.57452647,2,0.5,12 to 16
4,4501043.0,8,7,4,3,2,2,0,0,1,0,1,0,0,0,13.31431918,52.49052593,2,0.0,04 to 08
12,12200309.0,8,8,7,3,0,1,0,0,0,0,1,0,0,1,13.32659304,52.56254506,1,0.0,08 to 12
8,8200730.0,8,19,5,3,5,3,0,1,1,0,0,0,0,0,13.43492566,52.43696386,2,0.5,16 to 20
7,7400721.0,8,17,4,3,0,4,0,1,0,1,0,0,0,0,13.38590132,52.47625114,2,0.5,16 to 20
1,1300836.0,8,16,3,3,0,1,0,0,0,0,1,0,0,0,13.37861833,52.54473475,1,0.0,16 to 20
9,9200716.0,8,19,3,3,0,1,0,1,0,0,0,0,0,0,13.54491629,52.43674962,1,1.0,16 to 20
5,5100103.0,8,9,5,3,4,2,0,1,1,0,0,0,0,0,13.22068711,52.5609263,2,0.5,08 to 12
4,4500939.0,8,12,3,3,0,5,0,0,1,0,1,0,0,1,13.29775544,52.49166166,2,0.0,12 to 16
8,8100415.0,8,12,2,3,3,6,0,1,1,0,0,0,0,0,13.43802046,52.4811235,2,0.5,12 to 16
7,7601442.0,8,15,4,3,5,2,0,1,1,0,0,0,0,0,13.40423763,52.40941196,2,0.5,12 to 16
2,2300315.0,8,18,3,3,5,2,0,0,1,0,0,0,1,0,13.43033991,52.49938365,2,0.0,16 to 20
6,6400737.0,8,0,1,3,9,1,2,0,1,0,0,0,0,0,13.20017933,52.44108844,1,0.0,00 to 04
9,9200819.0,8,7,6,3,5,3,0,1,1,0,0,0,0,0,13.56494198,52.44554962,2,0.5,04 to 08
7,7400825.0,8,16,4,2,5,2,0,0,1,0,1,0,0,1,13.38018518,52.45605623,2,0.0,16 to 20
1,1300730.0,8,21,3,3,5,3,1,0,1,0,0,0,0,0,13.36996504,52.55980619,1,0.0,20 to 24
8,8100415.0,8,14,3,3,2,6,0,1,1,0,0,0,0,0,13.44636701,52.4785268,2,0.5,12 to 16