bez,lor_ab_2021,umonat,ustunde,uwochentag,ukategorie,uart,utyp1,ulichtverh,istrad,istpkw,istfuss,istkrad,istgkfz,istsonstige,ustrzustand,xgcswgs84,ygcswgs84,all_acc,perc_bike_acc,rushhours
4,4500939.0,8,1,6,3,5,2,2,0,1,0,0,0,0,0,13.30796669,52.48847765,1,0.0,00 to 04
1,1100308.0,8,16,5,3,3,6,0,1,0,0,1,0,0,0,13.38362736,52.53010848,2,0.5,16 to 20
11,11401136.0,8,11,4,2,6,4,0,0,1,1,0,0,0,1,13.50962217,52.50249986,2,0.0,08 to 12
3,3400725.0,8,7,3,2,0,1,0,1,0,0,0,0,0,0,13.42995252,52.58755665,1,1.0,04 to 08
3,3501037.0,8,12,5,3,4,7,0,1,0,0,0,0,1,0,13.46885106,52.55598498,2,0.5,12 to 16
1,1300733.0,8,15,7,3,3,6,0,1,1,0,0,0,0,0,13.39225901,52.55481799,2,0.5,12 to 16
12,12200412.0,8,17,5,2,5,2,0,1,1,0,0,0,0,0,13.29134883,52.58102505,2,0.5,16 to 20
4,4400726.0,8,13,4,3,5,3,0,0,1,0,0,0,0,1,13.28842204,52.4917338,1,0.0,12 to 16
4,4300416.0,8,9,3,3,2,6,0,0,1,0,0,0,0,0,13.30192202,52.50858753,1,0.0,08 to 12
5,5100316.0,8,13,5,3,6,4,0,0,0,0,1,0,1,0,13.20561741,52.53556305,2,0.0,12 to 16
9,9100407.0,8,12,3,3,0,2,0,1,0,0,1,0,0,0,13.49916791,52.44794983,2,0.5,12 to 16
5,5200420.0,8,22,2,3,1,7,2,0,1,0,0,0,0,0,13.15453678,52.53938696,1,0.0,20 to 24
5,5100105.0,8,14,4,3,1,5,0,1,1,0,0,0,0,0,13.19129791,52.55067427,2,0.5,12 to 16
5,5100316.0,8,12,3,3,0,1,0,0,1,0,1,0,0,1,13.20800584,52.53876918,2,0.0,12 to 16
6,6400737.0,8,13,1,2,5,2,0,0,1,0,1,0,0,0,13.19320032,52.4338036,2,0.0,12 to 16
8,8200730.0,8,5,6,3,1,7,1,0,1,0,0,0,0,0,13.43484361,52.42970826,1,0.0,04 to 08
1,1100415.0,8,9,3,3,2,6,0,1,0,0,0,1,0,0,13.39747708,52.52958191,2,0.5,08 to 12
2,2100106.0,8,20,3,3,2,2,1,1,0,0,1,0,0,1,13.41858951,52.49885683,2,0.5,20 to 24
12,12601236.0,8,20,3,3,2,6,1,0,1,0,1,0,0,1,13.33969837,52.5958451,2,0.0,20 to 24
11,11100307.0,8,15,5,3,5,3,0,1,1,0,0,0,0,0,13.50405929,52.5671478,2,0.5,12 to 16
4,4200310.0,8,10,4,3,5,3,0,0,1,0,0,0,0,1,13.26192666,52.51042946,1,0.0,08 to 12
12,12100101.0,8,15,2,3,2,6,0,0,1,0,1,0,0,1,13.3649392,52.56278046,2,0.0,12 to 16
6,6400842.0,8,19,4,3,5,2,0,1,0,0,0,0,1,0,13.26269979,52.45153723,2,0.5,16 to 20
4,4400834.0,8,18,3,3,5,3,0,1,1,0,0,0,0,0,13.31027007,52.47909897,2,0.5,16 to 20
4,4300416.0,8,7,3,3,5,7,0,1,1,0,0,0,0,1,13.29898776,52.50724095,2,0.5,04 to 08
8,8401243.0,8,16,2,3,5,3,0,1,1,0,0,0,0,0,13.49583664,52.43141961,2,0.5,16 to 20
6,6300528.0,8,10,4,3,2,6,0,0,1,0,0,1,0,0,13.27868046,52.43098258,2,0.0,08 to 12
4,4400831.0,8,12,3,3,5,3,0,0,1,0,0,0,0,1,13.28465643,52.47391881,1,0.0,12 to 16
1,1200520.0,8,11,3,3,2,6,0,0,1,0,0,0,1,1,13.33656673,52.52669934,2,0.0,08 to 12
3,3200308.0,8,8,2,3,2,6,0,0,1,0,1,0,0,0,13.43233757,52.59503232,2,0.0,08 to 12
1,1100415.0,8,13,4,3,5,3,0,1,1,0,0,0,0,1,13.3949538,52.53306498,2,0.5,12 to 16
7,7400721.0,8,18,3,3,5,3,0,1,1,0,0,0,0,0,13.38268025,52.47823211,2,0.5,16 to 20
11,11300722.0,8,19,7,3,5,2,1,1,1,0,0,0,0,1,13.47789414,52.51462771,2,0.5,16 to 20
4,4300416.0,8,12,6,3,2,6,0,0,1,0,0,0,0,0,13.3006602,52.50683826,1,0.0,12 to 16
2,2200208.0,8,8,3,3,5,2,0,1,1,0,0,0,0,1,13.38970239,52.49591504,2,0.5,08 to 12
1,1100206.0,8,19,3,3,0,1,0,1,0,0,0,0,0,0,13.38807328,52.5214293,1,1.0,16 to 20
8,8100520.0,8,10,5,3,0,1,0,1,0,0,0,0,0,0,13.46113007,52.47765515,1,1.0,08 to 12
9,9401433.0,8,8,4,3,5,3,0,1,1,0,0,0,0,1,13.5969378,52.43701383,2,0.5,08 to 12
1,2100102.0,8,14,2,3,5,2,0,1,0,0,0,0,1,0,13.39227946,52.50766867,2,0.5,12 to 16
2,2500832.0,8,18,4,3,2,6,0,1,1,0,0,0,0,0,13.47440716,52.51073135,2,0.5,16 to 20
2,2100105.0,8,17,3,3,0,3,0,1,1,0,0,0,0,0,13.40781619,52.49995869,2,0.5,16 to 20
4,4501042.0,8,4,3,3,2,6,2,0,1,0,0,0,0,0,13.3379938,52.50505994,1,0.0,04 to 08
9,9501737.0,8,12,1,3,0,6,0,1,0,0,0,0,0,0,13.62956015,52.44667517,1,1.0,12 to 16
9,9301126.0,8,18,6,3,0,1,0,1,0,0,0,0,0,0,13.57779392,52.4206496,1,1.0,16 to 20
1,1200517.0,8,8,4,3,5,2,0,0,1,0,0,0,0,0,13.32654738,52.53710071,1,0.0,08 to 12
6,6300632.0,8,12,7,2,1,5,0,1,1,0,0,0,0,0,13.29498366,52.43201749,2,0.5,12 to 16
12,12100204.0,8,19,5,3,5,3,0,0,1,0,0,0,0,0,13.35386108,52.56209076,1,0.0,16 to 20
2,2400625.0,8,17,4,3,5,3,0,1,0,0,0,0,1,1,13.44647623,52.502747,2,0.5,16 to 20
8,8100311.0,8,17,3,3,1,5,0,1,1,0,0,0,0,0,13.42754844,52.48713215,2,0.5,16 to 20
11,11501340.0,8,17,3,2,5,2,0,1,1,0,0,0,0,0,13.52939727,52.48346668,2,0.5,16 to 20
9,9200511.0,8,10,5,3,0,7,0,0,1,1,0,0,0,0,13.51873854,52.46052304,2,0.0,08 to 12
6,6200313.0,8,18,7,3,5,2,0,1,1,0,0,0,0,1,13.34835902,52.43787353,2,0.5,16 to 20
1,1100415.0,8,13,5,3,0,1,0,1,0,0,0,0,0,0,13.39670236,52.53246019,1,1.0,12 to 16
9,9200512.0,8,20,4,3,5,3,2,1,1,0,0,0,0,1,13.54219434,52.45761943,2,0.5,20 to 24
5,5100314.0,8,10,3,3,5,2,0,1,1,0,0,0,0,0,13.20131513,52.54775348,2,0.5,08 to 12
1,1100309.0,8,3,5,3,8,1,2,0,0,0,0,0,1,0,13.40340764,52.52686932,1,0.0,00 to 04
5,5300735.0,8,16,4,3,2,2,0,0,1,0,0,0,0,1,13.2274754,52.55890208,1,0.0,16 to 20
6,6100206.0,8,13,2,3,5,3,0,1,0,0,0,0,0,0,13.3350464,52.45107078,1,1.0,12 to 16
2,2200213.0,8,17,4,3,6,7,0,0,1,1,0,0,0,0,13.42268037,52.49065684,2,0.0,16 to 20
5,5100211.0,8,17,3,2,2,7,0,0,1,0,0,0,0,0,13.15728267,52.54321899,1,0.0,16 to 20
3,3601245.0,8,2,3,2,0,1,2,1,0,0,0,0,0,0,13.43613842,52.54519336,1,1.0,00 to 04
9,9200510.0,8,17,1,3,5,2,0,1,1,0,0,0,0,0,13.50279787,52.47026223,2,0.5,16 to 20
4,4200309.0,8,0,6,3,2,7,2,0,1,0,1,0,0,0,13.25793922,52.51803637,2,0.0,00 to 04
1,1300836.0,8,13,4,3,2,6,0,0,1,0,1,0,0,1,13.3711974,52.54009224,2,0.0,12 to 16
1,1100102.0,8,0,4,3,2,6,2,0,1,0,0,0,0,1,13.37174764,52.50946074,1,0.0,00 to 04
5,5100211.0,8,7,7,3,5,3,0,1,1,0,0,0,0,1,13.17174001,52.54974643,2,0.5,04 to 08
1,1300732.0,8,18,5,3,5,2,0,1,1,0,0,0,0,0,13.39043348,52.56296069,2,0.5,16 to 20
3,3601450.0,8,17,4,3,5,2,0,1,1,0,0,0,0,1,13.45794683,52.52882551,2,0.5,16 to 20
5,5200629.0,8,7,3,3,5,2,0,1,1,0,0,0,0,0,13.19867732,52.53278934,2,0.5,04 to 08
6,6400841.0,8,16,3,3,5,2,0,1,1,0,0,0,0,0,13.2615954,52.43688183,2,0.5,16 to 20
8,8100521.0,8,9,5,3,5,3,0,1,1,0,0,0,0,0,13.45398375,52.46920355,2,0.5,08 to 12
7,7601546.0,8,15,3,3,5,3,0,1,1,0,0,0,0,0,13.39754052,52.38218763,2,0.5,12 to 16
7,7601545.0,8,22,2,3,1,5,2,0,1,0,0,1,0,0,13.41712865,52.3946434,2,0.0,20 to 24
3,3601244.0,8,15,4,3,5,3,0,1,1,0,0,0,0,0,13.42700854,52.55220976,2,0.5,12 to 16
9,9200613.0,8,15,3,2,5,3,0,1,0,0,0,0,1,0,13.51256921,52.45915468,2,0.5,12 to 16
4,4501152.0,8,16,1,3,5,3,0,1,1,0,0,0,0,0,13.3310104,52.49312338,2,0.5,16 to 20
5,5100315.0,8,6,6,3,5,3,0,1,1,0,0,0,0,0,13.20363178,52.54338962,2,0.5,04 to 08
9,9100101.0,8,15,3,3,5,3,0,1,0,0,0,0,0,0,13.45376058,52.49546842,1,1.0,12 to 16
4,4300517.0,8,15,4,3,5,7,0,0,1,0,1,0,0,1,13.2981408,52.52433704,2,0.0,12 to 16
3,3300516.0,8,13,2,3,5,2,0,1,1,0,0,0,0,0,13.44444965,52.56528399,2,0.5,12 to 16
8,8300934.0,8,16,4,2,5,2,0,0,1,0,1,0,0,0,13.46006947,52.43197028,2,0.0,16 to 20
3,3500934.0,8,15,2,3,5,3,0,0,1,0,0,0,0,0,13.43316268,52.55783292,1,0.0,12 to 16
6,6400844.0,8,10,1,3,3,6,0,1,1,0,0,0,0,0,13.29307365,52.46266109,2,0.5,08 to 12
2,2400521.0,8,8,6,3,5,2,0,1,1,0,0,0,0,0,13.42963185,52.52112415,2,0.5,08 to 12
12,12200411.0,8,13,4,3,2,6,0,0,1,0,0,0,0,1,13.32599201,52.56144778,1,0.0,12 to 16
7,7100205.0,8,22,3,3,5,3,2,1,1,0,0,0,0,1,13.36670981,52.4969445,2,0.5,20 to 24
9,9200613.0,8,15,3,2,6,4,0,0,1,1,0,0,0,0,13.52866165,52.45226808,2,0.0,12 to 16
10,10100311.0,8,20,7,3,0,7,0,1,0,0,0,0,0,0,13.51904206,52.51681064,1,1.0,20 to 24
4,4200207.0,8,17,5,3,2,6,0,1,1,0,0,0,0,0,13.25766193,52.48722784,2,0.5,16 to 20
1,1200626.0,8,12,4,3,5,3,0,0,1,0,1,0,0,1,13.34580044,52.52501881,2,0.0,12 to 16
3,3601141.0,8,8,3,3,5,3,0,1,0,0,0,0,1,0,13.410983,52.55407775,2,0.5,08 to 12
5,5100316.0,8,13,5,3,3,6,0,0,1,0,1,0,0,0,13.20391412,52.54012643,2,0.0,12 to 16
5,5100316.0,8,13,2,1,5,3,0,1,1,0,0,0,0,0,13.19927533,52.53481205,2,0.5,12 to 16
1,1300834.0,8,20,2,3,5,3,2,1,1,0,0,0,0,0,13.39279177,52.54253093,2,0.5,20 to 24
1,1100308.0,8,14,4,3,5,2,0,0,1,0,1,0,0,0,13.37588772,52.52846049,2,0.0,12 to 16
2,2400521.0,8,9,2,2,0,2,0,1,0,0,0,0,1,0,13.44049317,52.51851783,2,0.5,08 to 12
12,12601235.0,8,13,1,3,5,5,0,0,1,0,0,0,0,0,13.35393979,52.59657009,1,0.0,12 to 16
11,11300618.0,8,12,6,3,5,2,0,1,1,0,0,0,0,0,13.45882805,52.52659694,2,0.5,12 to 16
1,1100313.0,8,12,3,3,5,2,0,1,1,0,0,0,0,0,13.42116893,52.50978613,2,0.5,12 to 16
5,5200634.0,8,19,3,3,3,2,0,0,1,0,1,0,0,1,13.20098565,52.51216943,2,0.0,16 to 20
7,7400721.0,8,12,3,3,2,6,0,0,1,0,0,0,0,0,13.37848683,52.47740217,1,0.0,12 to 16
1,1100310.0,8,15,5,3,6,4,0,1,0,1,0,0,0,0,13.40410934,52.52253538,2,0.5,12 to 16
1,1100313.0,8,15,3,3,5,2,0,1,1,0,0,0,0,0,13.42118332,52.50980631,2,0.5,12 to 16
7,7300619.0,8,20,3,3,5,2,0,0,1,0,0,0,0,1,13.3474614,52.47054774,1,0.0,20 to 24
12,12100101.0,8,22,3,3,5,2,2,0,1,0,0,0,0,0,13.36453938,52.56269048,1,0.0,20 to 24
1,1300834.0,8,21,6,3,1,5,2,0,1,0,0,0,0,0,13.38991473,52.54625947,1,0.0,20 to 24
12,12100101.0,8,15,5,3,5,3,0,0,1,0,0,0,0,0,13.37139424,52.56412925,1,0.0,12 to 16
9,9200511.0,8,11,4,3,2,6,0,0,1,0,0,0,0,1,13.5212017,52.46650458,1,0.0,08 to 12
1,1400942.0,8,19,2,3,5,7,0,1,0,0,0,0,0,0,13.35130192,52.54669371,1,1.0,16 to 20
12,12200515.0,8,7,4,3,6,7,0,0,1,1,0,0,0,0,13.28577377,52.58765677,2,0.0,04 to 08
5,5200631.0,8,11,2,1,6,4,0,0,0,1,0,0,1,0,13.19759384,52.52356261,2,0.0,08 to 12
2,2200208.0,8,7,2,3,5,2,0,1,0,0,0,0,1,0,13.38784098,52.49276645,2,0.5,04 to 08
1,1401045.0,8,11,4,3,2,2,0,0,1,0,1,0,0,0,13.37708124,52.55635961,2,0.0,08 to 12
3,3601245.0,8,9,2,3,5,2,0,0,1,0,0,0,0,0,13.44167884,52.54624892,1,0.0,08 to 12
8,8100312.0,8,18,7,3,5,3,0,1,0,0,0,0,1,1,13.44059284,52.48204442,2,0.5,16 to 20
9,9100407.0,8,10,6,3,5,3,0,0,1,0,1,0,0,0,13.50809736,52.45029743,2,0.0,08 to 12
1,1401045.0,8,12,3,3,2,6,0,0,0,0,1,0,1,0,13.38186488,52.55622214,2,0.0,12 to 16
2,2200210.0,8,8,5,3,0,1,0,1,0,0,0,0,0,0,13.40048616,52.49443354,1,1.0,08 to 12
7,7400823.0,8,8,4,3,2,6,0,0,1,0,0,0,0,0,13.37183903,52.46961897,1,0.0,08 to 12
9,9100304.0,8,13,2,3,5,2,0,0,1,0,0,0,0,0,13.4833603,52.46250898,1,0.0,12 to 16
8,8100418.0,8,17,4,3,5,3,0,1,1,0,0,0,0,0,13.44299358,52.48234859,2,0.5,16 to 20
2,2400625.0,8,10,2,3,3,2,0,1,0,0,0,1,0,0,13.44670452,52.50278534,2,0.5,08 to 12
2,2100102.0,8,14,3,3,2,7,0,1,0,0,0,0,1,0,13.39342599,52.50442961,2,0.5,12 to 16
10,10100103.0,8,16,1,3,6,7,0,0,1,1,0,0,0,0,13.56328748,52.56419743,2,0.0,16 to 20
8,8401242.0,8,15,6,3,5,3,0,0,1,0,0,0,0,0,13.47735349,52.41367572,1,0.0,12 to 16
4,4500936.0,8,10,4,3,5,3,0,0,1,0,0,0,0,1,13.30378649,52.49931339,1,0.0,08 to 12
9,9100306.0,8,14,2,3,6,7,0,1,0,1,0,0,0,0,13.48149808,52.45248148,2,0.5,12 to 16
6,6400736.0,8,19,4,2,0,1,0,1,0,0,0,0,0,0,13.22498517,52.422302,1,1.0,16 to 20
2,2500835.0,8,9,2,3,5,2,0,0,1,0,1,0,0,0,13.45463385,52.50290473,2,0.0,08 to 12
10,10100311.0,8,13,3,3,0,3,0,0,0,0,0,0,1,0,13.53366658,52.52555046,1,0.0,12 to 16
1,1400942.0,8,7,2,3,3,6,0,1,1,0,0,0,0,0,13.35876515,52.54653517,2,0.5,04 to 08
4,4100101.0,8,19,6,3,5,2,0,1,1,0,0,0,0,0,13.32610463,52.53837732,2,0.5,16 to 20
1,1100310.0,8,8,4,3,1,5,0,0,1,0,1,0,0,0,13.41020256,52.5247532,2,0.0,08 to 12
6,6300632.0,8,17,7,3,0,3,0,0,1,0,1,0,0,0,13.29442539,52.42701411,2,0.0,16 to 20
11,11401136.0,8,8,5,3,0,1,0,0,0,0,1,0,0,0,13.50181867,52.49830435,1,0.0,08 to 12
4,4400834.0,8,18,4,3,1,5,0,1,1,0,0,0,0,1,13.30992209,52.4787709,2,0.5,16 to 20
4,4501152.0,8,18,3,3,5,3,0,1,1,0,0,0,0,0,13.33203855,52.49316074,2,0.5,16 to 20
1,1300835.0,8,10,3,3,0,1,0,0,0,0,1,0,0,1,13.39275797,52.53714676,1,0.0,08 to 12
3,3300411.0,8,12,5,3,1,5,0,1,1,0,0,0,0,0,13.49516047,52.6121186,2,0.5,12 to 16
12,12601236.0,8,15,4,3,5,3,0,0,1,0,0,0,0,1,13.33918603,52.59583073,1,0.0,12 to 16
11,11200513.0,8,13,2,3,6,4,0,1,0,1,0,0,0,0,13.48009402,52.53827992,2,0.5,12 to 16
1,1100102.0,8,16,4,2,2,6,0,0,1,0,1,0,0,0,13.36671784,52.51038707,2,0.0,16 to 20
2,2400521.0,8,22,2,2,0,1,2,1,0,0,0,0,0,0,13.43541763,52.52336159,1,1.0,20 to 24
7,7400823.0,8,19,3,3,5,2,2,0,0,0,1,0,1,1,13.37816487,52.46630881,2,0.0,16 to 20
1,1100103.0,8,11,1,3,5,3,0,0,1,0,0,0,1,0,13.34975308,52.503063,2,0.0,08 to 12
12,12400720.0,8,13,6,3,5,3,0,1,1,0,0,0,0,0,13.28072921,52.63401665,2,0.5,12 to 16
9,9301126.0,8,13,4,3,5,3,0,0,1,0,0,0,0,1,13.57988077,52.41827338,1,0.0,12 to 16
1,1400937.0,8,8,3,3,0,6,0,1,0,0,0,0,0,0,13.33898533,52.55047154,1,1.0,08 to 12
4,4100101.0,8,9,3,3,5,2,0,0,1,0,0,0,0,1,13.31313654,52.54427836,1,0.0,08 to 12
1,1100308.0,8,21,7,3,1,5,2,1,1,0,0,0,0,0,13.37199445,52.53263612,2,0.5,20 to 24
4,4500939.0,8,17,5,3,0,3,0,0,1,0,1,0,0,0,13.30186532,52.49451492,2,0.0,16 to 20
1,1300732.0,8,13,4,3,2,6,0,0,1,0,0,0,0,1,13.38975079,52.56244312,1,0.0,12 to 16
2,2500726.0,8,4,3,3,0,7,2,1,0,0,0,0,0,0,13.45110426,52.52722643,1,1.0,04 to 08
9,9200510.0,8,14,4,3,5,2,0,1,1,0,0,0,0,1,13.512444,52.46280045,2,0.5,12 to 16
10,10400941.0,8,7,4,3,5,3,0,1,1,0,0,0,0,0,13.61592602,52.48470337,2,0.5,04 to 08
1,1200625.0,8,10,3,3,5,7,0,0,1,0,0,0,1,1,13.34528702,52.52620105,2,0.0,08 to 12
11,11200513.0,8,9,7,2,6,2,0,0,1,1,0,0,0,1,13.48926987,52.54241272,2,0.0,08 to 12
4,4500937.0,8,19,5,3,5,2,0,1,1,0,0,0,0,0,13.28685242,52.4956639,2,0.5,16 to 20
8,8100104.0,8,17,4,3,3,6,0,0,1,0,0,0,1,1,13.42913385,52.4715018,2,0.0,16 to 20
3,3601142.0,8,16,3,3,5,3,0,1,0,0,0,0,0,0,13.40426292,52.54058094,1,1.0,16 to 20
3,3400619.0,8,9,2,3,0,1,0,0,0,0,1,0,0,0,13.37992088,52.5910588,1,0.0,08 to 12
12,12200515.0,8,9,5,3,6,2,0,0,0,1,0,0,1,0,13.28352443,52.59005252,2,0.0,08 to 12
9,9100305.0,8,20,2,2,5,2,0,1,1,0,0,0,0,0,13.48974827,52.46786799,2,0.5,20 to 24
2,2100104.0,8,7,2,3,5,7,0,1,0,0,1,0,0,0,13.4114395,52.50489487,2,0.5,04 to 08
5,5100316.0,8,15,4,2,4,7,0,0,1,0,0,0,0,0,13.19078508,52.53649912,1,0.0,12 to 16
1,1300733.0,8,20,2,3,5,3,0,1,1,0,0,0,0,0,13.38384687,52.55516418,2,0.5,20 to 24
2,2300316.0,8,3,1,3,0,1,2,1,0,0,0,0,0,0,13.4419109,52.50110248,1,1.0,00 to 04
8,8401139.0,8,7,6,3,3,6,2,1,1,0,0,0,0,0,13.46769713,52.43367255,2,0.5,04 to 08
9,9200818.0,8,6,4,3,2,6,0,0,1,0,0,0,0,1,13.55910512,52.44846836,1,0.0,04 to 08
2,2400623.0,8,21,3,3,3,6,1,0,1,0,1,0,0,1,13.4347186,52.50864357,2,0.0,20 to 24
9,9100407.0,8,15,3,3,5,3,0,1,0,0,0,0,1,0,13.50810575,52.45032239,2,0.5,12 to 16
11,11100102.0,8,10,3,2,5,3,0,0,1,0,1,0,0,1,13.54391191,52.56807546,2,0.0,08 to 12
2,2300315.0,8,15,6,2,6,7,0,1,0,1,0,0,0,0,13.42877458,52.49938899,2,0.5,12 to 16
3,3200205.0,8,16,5,2,0,1,0,1,0,0,0,0,0,0,13.38821468,52.58872526,1,1.0,16 to 20
1,1300835.0,8,12,4,3,0,1,0,0,1,0,1,0,0,1,13.39262248,52.53706051,2,0.0,12 to 16
3,3500936.0,8,7,3,3,6,4,0,0,0,1,0,0,1,0,13.4583642,52.54995928,2,0.0,04 to 08
4,4500937.0,8,12,5,3,5,2,0,1,1,0,0,0,1,0,13.28674877,52.49585178,3,0.3333333333333333,12 to 16
3,3400620.0,8,19,2,3,5,3,0,1,1,0,0,0,0,0,13.39239506,52.57542493,2,0.5,16 to 20
1,1300733.0,8,9,2,3,5,3,0,1,0,0,0,0,1,0,13.38455166,52.55600891,2,0.5,08 to 12
8,8100104.0,8,13,4,3,2,7,0,0,1,0,0,0,1,0,13.42979254,52.46834341,2,0.0,12 to 16
4,4200203.0,8,14,5,3,2,3,0,1,1,0,0,0,0,0,13.2386082,52.52223836,2,0.5,12 to 16
2,2100101.0,8,18,2,3,2,6,0,1,0,0,0,0,0,0,13.38854267,52.50155521,1,1.0,16 to 20
2,2100106.0,8,11,2,3,5,3,0,0,1,0,1,0,0,0,13.41413699,52.49857936,2,0.0,08 to 12
12,12100204.0,8,15,4,3,2,6,0,0,1,0,0,0,0,0,13.3640468,52.56401334,1,0.0,12 to 16
10,10400939.0,8,18,2,2,5,3,0,0,1,0,0,0,0,0,13.61331933,52.50878781,1,0.0,16 to 20
10,10100316.0,8,15,1,3,5,3,0,0,1,0,0,0,0,0,13.57226128,52.54301785,1,0.0,12 to 16
5,5100105.0,8,5,6,3,5,3,0,0,1,0,0,0,1,0,13.19721294,52.56203931,2,0.0,04 to 08
1,1401045.0,8,15,3,3,5,2,0,1,1,0,0,0,0,0,13.38001716,52.55606115,2,0.5,12 to 16
6,6300632.0,8,20,3,2,5,2,0,1,1,0,0,0,0,1,13.29027306,52.42784756,2,0.5,20 to 24
1,1401046.0,8,13,3,3,0,3,0,1,0,0,1,0,0,0,13.3452287,52.53909214,2,0.5,12 to 16
5,5200629.0,8,9,3,3,5,2,0,0,0,0,0,1,1,1,13.19451794,52.53370424,2,0.0,08 to 12
2,2300314.0,8,20,6,3,1,5,0,1,1,0,0,0,0,0,13.41837281,52.50000457,2,0.5,20 to 24
4,4501045.0,8,15,5,3,5,2,0,1,1,0,0,0,0,0,13.32334949,52.49348436,2,0.5,12 to 16
9,9200819.0,8,10,4,3,4,6,0,0,1,0,0,0,0,1,13.56590832,52.43940238,1,0.0,08 to 12
4,4400726.0,8,16,2,3,5,3,0,1,1,0,0,0,0,0,13.28621811,52.48728431,2,0.5,16 to 20
1,1100416.0,8,20,4,3,4,6,1,1,0,0,0,0,1,0,13.39687602,52.53712066,2,0.5,20 to 24
3,3601450.0,8,15,2,2,5,2,0,1,1,0,0,0,0,0,13.45907266,52.52906964,2,0.5,12 to 16
1,1401046.0,8,14,3,3,6,4,0,0,1,1,0,0,0,0,13.35427718,52.54146092,2,0.0,12 to 16
4,4400832.0,8,18,2,3,6,7,0,1,0,1,0,0,0,0,13.29574881,52.47396193,2,0.5,16 to 20
2,2100102.0,8,9,4,3,1,5,0,1,1,0,0,0,0,0,13.39101672,52.50353951,2,0.5,08 to 12
11,11100204.0,8,17,2,2,6,4,0,0,1,1,0,0,0,0,13.52099931,52.56663751,2,0.0,16 to 20
4,4501153.0,8,18,7,3,5,2,0,0,1,0,0,0,0,1,13.33083254,52.48613328,1,0.0,16 to 20
5,5100315.0,8,19,5,2,9,1,0,0,0,0,1,0,0,0,13.19484915,52.54506394,1,0.0,16 to 20
9,9100305.0,8,21,4,3,5,2,2,0,1,0,0,0,0,1,13.49133714,52.46912448,1,0.0,20 to 24
11,11400930.0,8,11,3,3,2,6,0,0,1,0,1,0,0,0,13.51131908,52.50425112,2,0.0,08 to 12
4,4400727.0,8,17,2,3,5,2,0,0,1,0,1,0,0,0,13.29445085,52.49156765,2,0.0,16 to 20
9,9100306.0,8,16,7,2,0,3,0,0,1,0,0,0,1,0,13.48833902,52.45129124,2,0.0,16 to 20
2,2500835.0,8,12,6,3,0,1,0,0,0,0,1,0,0,0,13.4670384,52.50270067,1,0.0,12 to 16
2,2300314.0,8,9,3,3,0,5,0,1,1,0,0,0,0,1,13.42097226,52.50366873,2,0.5,08 to 12
11,11400927.0,8,20,3,3,5,2,1,1,1,0,0,0,0,1,13.47542954,52.50197252,2,0.5,20 to 24
12,12100205.0,8,14,5,2,6,4,0,0,1,1,0,0,0,0,13.34827629,52.56724255,2,0.0,12 to 16
8,8100314.0,8,9,4,3,6,7,0,0,0,1,0,0,1,1,13.43551748,52.48089729,2,0.0,08 to 12
4,4500939.0,8,15,2,3,5,3,0,0,1,0,1,0,0,0,13.30524414,52.49327928,2,0.0,12 to 16
1,1100206.0,8,17,4,3,3,6,0,1,0,0,0,0,1,0,13.38914767,52.51499298,2,0.5,16 to 20
11,11300620.0,8,17,2,3,5,2,0,1,0,0,0,0,1,0,13.4850016,52.5334623,2,0.5,16 to 20
7,7100101.0,8,13,3,3,2,6,0,1,0,0,0,0,0,0,13.34589302,52.49458149,1,1.0,12 to 16
8,8401241.0,8,7,2,3,5,3,0,0,1,0,0,0,0,0,13.47918609,52.4366601,1,0.0,04 to 08
11,11501339.0,8,18,6,3,5,3,0,1,1,0,0,0,0,0,13.52258766,52.48708948,2,0.5,16 to 20
6,6300527.0,8,8,4,2,5,2,0,1,1,0,0,0,0,0,13.26444459,52.43370524,2,0.5,08 to 12
7,7400927.0,8,9,3,3,5,3,0,0,1,0,0,0,0,1,13.40317365,52.46342973,1,0.0,08 to 12
8,8300935.0,8,14,7,3,2,6,0,0,1,0,0,0,0,0,13.45451222,52.42350682,1,0.0,12 to 16
9,9200818.0,8,19,5,3,5,3,0,1,1,0,0,0,0,0,13.56938603,52.44475373,2,0.5,16 to 20
1,1200624.0,8,18,4,3,0,6,0,0,1,0,0,0,1,1,13.36054991,52.53742649,2,0.0,16 to 20
10,10400837.0,8,17,3,3,5,3,0,0,1,0,1,0,0,0,13.58150857,52.50149177,2,0.0,16 to 20
4,4501149.0,8,9,3,3,0,5,0,1,1,0,0,0,0,1,13.3226605,52.48817325,2,0.5,08 to 12
11,11400931.0,8,10,5,3,5,7,0,0,1,0,0,0,1,0,13.51964723,52.50588133,2,0.0,08 to 12
4,4300619.0,8,15,4,3,5,2,0,1,1,0,0,0,0,1,13.30835572,52.51677178,2,0.5,12 to 16
2,2100101.0,8,13,2,3,8,1,0,0,1,0,0,0,0,0,13.38612439,52.50633129,1,0.0,12 to 16