bez,lor_ab_2021,umonat,ustunde,uwochentag,ukategorie,uart,utyp1,ulichtverh,istrad,istpkw,istfuss,istkrad,istgkfz,istsonstige,ustrzustand,xgcswgs84,ygcswgs84,all_acc,perc_bike_acc,rushhours
8,8401139.0,8,15,4,3,5,3,0,0,1,0,0,0,0,0,13.46635024,52.43350002,1,0.0,12 to 16
1,1100206.0,8,5,5,2,5,2,0,0,0,0,1,0,1,0,13.38803194,52.52166548,2,0.0,04 to 08
7,7601545.0,8,16,4,3,0,7,0,1,0,0,0,0,1,1,13.42029189,52.39481451,2,0.5,16 to 20
10,10100210.0,8,7,2,3,0,5,0,1,1,0,0,0,0,0,13.55352472,52.54605696,2,0.5,04 to 08
4,4400835.0,8,17,4,2,5,2,0,0,1,0,1,0,1,0,13.31258831,52.46864305,3,0.0,16 to 20
11,11100102.0,8,17,2,3,4,6,0,0,1,0,0,0,0,0,13.54426904,52.56798801,1,0.0,16 to 20
8,8401241.0,8,13,3,3,5,3,0,0,1,0,0,0,0,0,13.48358189,52.43127937,1,0.0,12 to 16
1,1100415.0,8,16,1,2,0,1,0,0,0,0,1,0,0,0,13.38330533,52.53064739,1,0.0,16 to 20
2,2300316.0,8,15,6,3,0,7,0,0,0,0,1,0,0,0,13.43433132,52.50406191,1,0.0,12 to 16
1,1100415.0,8,14,4,3,5,3,0,1,0,0,0,0,1,1,13.39902968,52.53264238,2,0.5,12 to 16
8,8401241.0,8,7,4,3,5,3,0,1,1,0,0,0,0,0,13.47466386,52.43885763,2,0.5,04 to 08
5,5200631.0,8,8,7,3,5,2,0,0,1,0,1,0,0,1,13.19769315,52.52298904,2,0.0,08 to 12
1,1200626.0,8,18,5,2,6,4,0,1,0,1,0,0,0,0,13.34545095,52.52506247,2,0.5,16 to 20
8,8100206.0,8,17,4,3,0,7,0,0,0,1,0,0,1,1,13.43407583,52.48023549,2,0.0,16 to 20
1,1100207.0,8,6,3,2,8,1,0,0,1,0,0,0,0,0,13.4012524,52.51095929,1,0.0,04 to 08
1,1100207.0,8,16,2,3,5,2,0,0,1,0,1,0,0,0,13.39803014,52.51289058,2,0.0,16 to 20
7,7100206.0,8,9,5,3,0,5,0,0,0,0,1,0,1,0,13.37193621,52.49245764,2,0.0,08 to 12
1,1300733.0,8,16,2,3,2,6,0,0,1,0,1,0,0,0,13.38473085,52.55599418,2,0.0,16 to 20
12,12200412.0,8,11,2,3,0,2,0,0,0,0,0,1,1,0,13.29793883,52.57818535,2,0.0,08 to 12
1,1100207.0,8,15,4,3,0,2,0,1,1,0,0,0,0,0,13.40118735,52.51041861,2,0.5,12 to 16
2,2400522.0,8,16,2,3,0,1,0,0,1,0,1,0,0,0,13.44794227,52.51750995,2,0.0,16 to 20
11,11501341.0,8,12,1,3,5,3,0,1,0,0,0,0,0,0,13.52297289,52.47666948,1,1.0,12 to 16
10,10100311.0,8,7,6,3,4,6,0,1,0,0,0,0,0,0,13.51929028,52.52712983,1,1.0,04 to 08
6,6300528.0,8,16,4,2,3,6,0,1,0,0,0,0,0,1,13.26428279,52.42071338,1,1.0,16 to 20
8,8100209.0,8,20,3,3,1,5,1,0,1,0,1,0,0,1,13.44131864,52.4665039,2,0.0,20 to 24
5,5400942.0,8,14,3,3,2,6,0,0,1,0,1,0,0,0,13.1811603,52.48129396,2,0.0,12 to 16
2,2400521.0,8,8,3,3,5,2,0,1,1,0,0,0,0,0,13.43288187,52.51782248,2,0.5,08 to 12
3,3300514.0,8,8,6,3,0,2,0,1,1,0,0,0,0,0,13.4423606,52.59090003,2,0.5,08 to 12
3,3701554.0,8,16,5,3,5,2,0,1,1,0,0,0,0,0,13.40966682,52.53850553,2,0.5,16 to 20
4,4200206.0,8,15,2,3,1,5,0,0,1,0,1,0,0,0,13.25692259,52.50744504,2,0.0,12 to 16
3,3400721.0,8,11,1,3,2,2,0,0,1,0,0,0,0,0,13.3958082,52.56594332,1,0.0,08 to 12
8,8200624.0,8,9,6,3,6,4,0,0,1,1,0,0,0,0,13.43293562,52.4606493,2,0.0,08 to 12
2,2500834.0,8,13,4,3,6,4,0,1,0,1,0,0,0,1,13.44997024,52.50752175,2,0.5,12 to 16
1,1100101.0,8,16,3,3,6,7,0,1,0,1,0,0,0,1,13.34139516,52.50513866,2,0.5,16 to 20
9,9501838.0,8,15,3,3,5,3,0,1,1,0,0,0,0,0,13.71105238,52.43281658,2,0.5,12 to 16
6,6200423.0,8,20,7,3,1,5,0,1,1,0,0,0,0,1,13.31965708,52.4125379,2,0.5,20 to 24
8,8200726.0,8,14,5,3,0,7,0,0,0,0,1,0,0,1,13.43346836,52.44406406,1,0.0,12 to 16
4,4300623.0,8,13,4,3,2,6,0,0,1,0,0,0,0,1,13.30993447,52.50643864,1,0.0,12 to 16
7,7400928.0,8,9,3,3,5,2,0,1,1,0,0,0,0,0,13.42146559,52.46524738,2,0.5,08 to 12
8,8401241.0,8,13,5,3,2,6,0,0,1,0,0,0,0,0,13.47296954,52.43749093,1,0.0,12 to 16
9,9501838.0,8,15,2,3,0,3,0,0,1,0,1,0,0,0,13.68402639,52.44344372,2,0.0,12 to 16
4,4300416.0,8,20,2,3,5,2,2,1,1,0,0,0,0,0,13.30296836,52.50553484,2,0.5,20 to 24
7,7100102.0,8,14,4,3,0,4,0,0,0,1,0,0,1,0,13.35040889,52.49751864,2,0.0,12 to 16
9,9300920.0,8,15,2,3,5,3,0,1,1,0,0,0,0,0,13.52667809,52.42458775,2,0.5,12 to 16
11,11100206.0,8,13,1,2,6,4,0,0,1,1,0,0,0,0,13.50396508,52.57411278,2,0.0,12 to 16
8,8100417.0,8,12,6,3,5,2,0,1,1,0,0,0,0,0,13.45581336,52.47378908,2,0.5,12 to 16
1,1100416.0,8,17,3,3,1,1,0,1,1,0,0,0,0,0,13.40183708,52.53045615,2,0.5,16 to 20
5,5200526.0,8,19,3,3,0,6,0,0,0,0,0,1,1,1,13.15472571,52.5217632,2,0.0,16 to 20
9,9100101.0,8,20,3,3,0,3,2,1,1,0,0,0,0,1,13.45790803,52.48614341,2,0.5,20 to 24
6,6100204.0,8,15,5,3,6,6,0,0,1,1,0,0,0,0,13.3448078,52.45168532,2,0.0,12 to 16
8,8100209.0,8,10,4,3,5,3,0,1,1,0,0,0,0,1,13.44236199,52.46586981,2,0.5,08 to 12
1,1100207.0,8,15,2,3,5,3,0,0,0,0,1,0,1,0,13.38995592,52.50944393,2,0.0,12 to 16
2,2400624.0,8,19,4,3,2,6,0,1,1,0,0,0,0,0,13.44904633,52.51303861,2,0.5,16 to 20
8,8100102.0,8,15,2,3,5,7,0,0,1,0,0,0,0,0,13.40795253,52.48229066,1,0.0,12 to 16
7,7400822.0,8,11,4,3,8,1,0,0,1,0,0,0,0,1,13.36944913,52.45838528,1,0.0,08 to 12
10,10400938.0,8,7,3,3,5,3,0,0,1,0,0,0,0,0,13.61987631,52.5169991,1,0.0,04 to 08
5,5100316.0,8,8,5,1,6,4,0,0,1,1,0,0,0,0,13.20532044,52.53955129,2,0.0,08 to 12
1,1100206.0,8,14,2,3,5,3,0,0,1,0,1,0,0,0,13.39146195,52.51221319,2,0.0,12 to 16
11,11300617.0,8,8,2,3,1,5,0,1,1,0,0,0,0,0,13.4654444,52.52873558,2,0.5,08 to 12
4,4200310.0,8,13,4,3,5,7,0,0,1,0,0,0,1,0,13.26767109,52.51228341,2,0.0,12 to 16
8,8200725.0,8,14,2,3,5,3,0,0,1,0,0,0,0,0,13.41972201,52.44070664,1,0.0,12 to 16
1,1100313.0,8,19,7,3,5,2,0,1,1,0,0,0,0,0,13.42121623,52.50985244,2,0.5,16 to 20
1,1100309.0,8,10,6,3,6,4,0,1,0,1,0,0,0,0,13.40210462,52.5287012,2,0.5,08 to 12
2,2500835.0,8,10,3,3,5,2,0,0,1,0,1,0,0,1,13.46661944,52.50125379,2,0.0,08 to 12
12,12400723.0,8,12,3,2,6,7,0,1,0,1,0,0,0,0,13.32167275,52.61393753,2,0.5,12 to 16
3,3701554.0,8,8,3,3,1,5,0,1,1,0,0,0,0,0,13.40864059,52.53753384,2,0.5,08 to 12
10,10100210.0,8,0,5,2,0,6,2,0,1,0,0,0,1,0,13.55889738,52.54784893,2,0.0,00 to 04
5,5200524.0,8,8,4,3,5,3,0,0,1,0,0,0,0,0,13.13962647,52.52497301,1,0.0,08 to 12
3,3400830.0,8,14,2,3,5,2,0,0,1,0,0,0,0,0,13.42765399,52.56793981,1,0.0,12 to 16
11,11401137.0,8,18,4,3,1,5,0,1,1,0,0,0,0,0,13.51993231,52.4947905,2,0.5,16 to 20
6,6400735.0,8,8,2,3,6,7,0,1,0,1,0,0,0,0,13.16177377,52.42051201,2,0.5,08 to 12
4,4200310.0,8,13,3,3,2,6,0,0,1,0,0,1,0,0,13.27361275,52.50873746,2,0.0,12 to 16
4,4501153.0,8,13,1,3,6,4,0,0,1,1,0,0,0,0,13.33298049,52.48037253,2,0.0,12 to 16
7,7501029.0,8,13,6,2,5,3,0,1,1,0,0,0,0,0,13.37832426,52.45180465,2,0.5,12 to 16
4,4501152.0,8,8,4,3,2,6,0,0,1,0,0,0,0,0,13.33099659,52.49362177,1,0.0,08 to 12
2,2500831.0,8,13,7,3,1,5,0,1,1,0,0,0,0,1,13.46699257,52.50931313,2,0.5,12 to 16
1,1300835.0,8,19,5,2,5,2,0,1,0,0,0,0,1,0,13.39114127,52.53621262,2,0.5,16 to 20
4,4500938.0,8,13,3,3,1,5,0,1,1,0,0,0,0,0,13.2960337,52.49660355,2,0.5,12 to 16
5,5100313.0,8,16,2,3,5,2,0,0,0,0,1,0,0,1,13.20978022,52.54789754,1,0.0,16 to 20
5,5100316.0,8,19,6,3,0,3,0,1,1,0,0,0,0,0,13.19776768,52.53503961,2,0.5,16 to 20
1,1401049.0,8,9,4,3,5,2,0,1,1,0,0,0,0,0,13.36574874,52.55713445,2,0.5,08 to 12
8,8100314.0,8,16,7,3,0,1,0,1,0,0,0,0,0,0,13.42417766,52.48663284,1,1.0,16 to 20
8,8100415.0,8,13,5,3,1,5,0,0,1,0,0,0,1,0,13.44211595,52.4806275,2,0.0,12 to 16
2,2400521.0,8,18,4,3,5,2,0,1,1,0,0,0,0,1,13.43288093,52.51781931,2,0.5,16 to 20
4,4501042.0,8,17,3,3,2,6,0,0,1,0,1,0,0,0,13.33084882,52.50363642,2,0.0,16 to 20
5,5100317.0,8,12,5,2,3,6,0,0,1,0,0,1,1,0,13.23010941,52.52811425,3,0.0,12 to 16
9,9100409.0,8,16,4,3,2,6,0,0,1,0,0,0,1,1,13.50088759,52.43541092,2,0.0,16 to 20
2,2400625.0,8,13,2,2,5,7,0,1,1,0,0,0,0,0,13.44210073,52.51258436,2,0.5,12 to 16
8,8301036.0,8,16,4,3,5,3,0,1,0,0,1,0,0,0,13.46811746,52.42783876,2,0.5,16 to 20
1,1401048.0,8,11,2,3,5,2,0,1,0,0,0,0,1,0,13.35858485,52.5541585,2,0.5,08 to 12
8,8200730.0,8,12,3,2,1,5,0,1,1,0,0,0,0,1,13.43642456,52.42498408,2,0.5,12 to 16
12,12100205.0,8,16,1,3,6,4,0,0,1,1,0,0,0,0,13.32885682,52.56506368,2,0.0,16 to 20
3,3500932.0,8,14,6,3,5,2,0,1,1,0,0,0,0,0,13.45705995,52.56092579,2,0.5,12 to 16
11,11300722.0,8,13,4,3,5,2,0,1,1,0,0,0,0,1,13.48596299,52.52076851,2,0.5,12 to 16
12,12200310.0,8,13,3,3,5,2,0,1,1,0,0,0,0,0,13.31043666,52.56795586,2,0.5,12 to 16
4,4300414.0,8,1,7,3,0,1,2,0,0,0,0,0,1,0,13.29157297,52.51081086,1,0.0,00 to 04
7,7200409.0,8,17,5,3,2,6,0,1,1,0,0,0,0,0,13.35878102,52.49045442,2,0.5,16 to 20
9,9200715.0,8,11,4,3,5,3,0,0,1,0,0,0,0,1,13.527163,52.43778323,1,0.0,08 to 12
3,3400722.0,8,7,3,3,5,3,0,1,1,0,0,0,0,0,13.40764665,52.57390702,2,0.5,04 to 08
2,2200207.0,8,8,5,3,5,3,0,1,0,0,0,0,1,0,13.37417835,52.50060623,2,0.5,08 to 12
2,2200213.0,8,8,2,3,3,6,0,0,0,0,0,0,1,0,13.42334283,52.48852043,1,0.0,08 to 12
8,8200832.0,8,22,2,3,5,3,2,0,1,0,1,0,0,0,13.43772155,52.42177256,2,0.0,20 to 24
2,2400625.0,8,17,4,3,5,2,0,1,1,0,0,0,0,1,13.44671639,52.50261777,2,0.5,16 to 20
10,10400940.0,8,17,3,3,5,3,0,0,1,0,0,0,0,0,13.59760277,52.48337143,1,0.0,16 to 20
7,7601443.0,8,7,2,3,2,2,0,0,1,0,0,0,0,0,13.4160474,52.40755557,1,0.0,04 to 08
4,4300623.0,8,10,5,3,5,2,0,0,1,0,0,0,0,0,13.31400143,52.50701279,1,0.0,08 to 12
11,11200514.0,8,7,2,3,2,2,0,0,1,0,0,0,0,0,13.47355395,52.53619197,1,0.0,04 to 08
1,1300836.0,8,14,4,3,1,5,0,0,1,0,1,0,0,1,13.37222149,52.54208488,2,0.0,12 to 16
8,8100105.0,8,12,2,3,6,4,0,0,1,1,0,0,0,0,13.43212443,52.46610015,2,0.0,12 to 16
5,5200632.0,8,15,4,3,0,7,0,0,0,0,0,1,0,0,13.20482514,52.5300486,1,0.0,12 to 16
3,3501038.0,8,5,2,3,2,6,1,0,1,0,0,1,0,0,13.46806067,52.55390374,2,0.0,04 to 08
12,12500928.0,8,6,1,3,1,1,0,0,1,0,0,0,0,0,13.32156977,52.60549585,1,0.0,04 to 08
1,1100313.0,8,8,6,3,5,5,0,0,1,0,1,0,0,0,13.42688879,52.50791854,2,0.0,08 to 12
6,6400735.0,8,7,4,3,1,5,0,1,1,0,0,0,0,0,13.18417958,52.42399637,2,0.5,04 to 08
7,7100205.0,8,21,3,2,6,4,1,0,1,1,0,0,0,1,13.36215326,52.49767295,2,0.0,20 to 24
1,1401048.0,8,15,3,3,5,3,0,0,1,0,0,0,1,0,13.36045047,52.54848581,2,0.0,12 to 16
9,9100202.0,8,19,7,3,0,1,0,1,1,0,0,0,0,1,13.45826517,52.48577828,2,0.5,16 to 20
6,6300634.0,8,20,5,2,5,2,0,1,1,0,0,0,0,0,13.30968227,52.43145548,2,0.5,20 to 24
12,12601235.0,8,12,4,3,5,3,0,0,1,0,0,0,1,1,13.3671532,52.59726164,2,0.0,12 to 16
4,4400830.0,8,7,3,3,6,4,0,0,1,1,0,0,0,0,13.29621246,52.48372553,2,0.0,04 to 08
6,6300632.0,8,13,5,3,1,5,0,0,1,0,0,1,0,0,13.28174725,52.43203588,2,0.0,12 to 16
7,7200410.0,8,0,2,3,5,3,2,0,1,0,0,0,0,0,13.35427124,52.48343034,1,0.0,00 to 04
7,7100103.0,8,19,2,3,0,1,0,1,1,0,0,0,0,0,13.35594308,52.49895543,2,0.5,16 to 20
2,2500834.0,8,12,4,3,0,1,0,1,0,0,0,0,0,0,13.45108694,52.50854173,1,1.0,12 to 16
11,11300617.0,8,13,2,3,3,6,0,0,1,0,1,0,0,0,13.46907938,52.53117868,2,0.0,12 to 16
7,7501134.0,8,10,7,2,3,6,0,0,0,0,0,0,1,1,13.39291733,52.43995713,1,0.0,08 to 12
1,1401044.0,8,11,6,3,5,3,0,1,1,0,0,0,0,0,13.37212526,52.5486445,2,0.5,08 to 12
2,2200211.0,8,13,3,3,6,4,0,1,0,1,0,0,0,0,13.38961788,52.48970639,2,0.5,12 to 16
5,5300838.0,8,15,4,3,2,6,0,0,1,0,1,0,0,0,13.24895574,52.55160286,2,0.0,12 to 16
10,10100311.0,8,12,2,3,5,3,0,0,1,0,1,0,0,0,13.53233976,52.52335462,2,0.0,12 to 16
2,2300315.0,8,15,1,3,6,7,0,1,0,1,0,0,0,0,13.42808473,52.49935408,2,0.5,12 to 16
1,1401046.0,8,6,6,3,2,3,0,1,0,0,0,0,0,0,13.3508775,52.53933632,1,1.0,04 to 08
1,1100309.0,8,12,3,3,0,1,0,1,0,0,0,0,0,0,13.40296935,52.5243961,1,1.0,12 to 16
12,12200412.0,8,20,3,3,1,5,1,0,1,0,0,0,0,1,13.27530511,52.57106564,1,0.0,20 to 24
7,7601238.0,8,13,3,3,2,6,0,0,1,0,0,0,0,0,13.39100217,52.41233812,1,0.0,12 to 16
12,12601134.0,8,20,6,3,1,5,2,0,1,0,0,0,0,0,13.35115926,52.60389449,1,0.0,20 to 24
12,12200308.0,8,16,5,3,6,7,0,0,1,1,0,0,0,0,13.31723295,52.57709915,2,0.0,16 to 20
1,1100311.0,8,10,4,3,2,6,0,0,1,0,0,0,0,1,13.42365774,52.51354862,1,0.0,08 to 12
1,1100102.0,8,9,2,3,1,5,0,1,1,0,0,0,0,0,13.37509242,52.50720549,2,0.5,08 to 12
6,6100102.0,8,20,4,2,5,3,0,1,1,0,0,0,0,0,13.32235445,52.45653689,2,0.5,20 to 24
4,4501150.0,8,12,2,3,0,4,0,0,1,1,0,0,0,0,13.32173719,52.4864176,2,0.0,12 to 16
9,9200510.0,8,18,2,3,2,6,0,0,1,0,0,0,0,0,13.50261897,52.48101146,1,0.0,16 to 20
5,5100316.0,8,9,4,3,5,2,0,0,1,0,0,0,0,0,13.20076048,52.53858902,1,0.0,08 to 12
11,11401136.0,8,11,2,3,5,2,0,1,1,0,0,0,0,0,13.50957556,52.49626329,2,0.5,08 to 12
11,11300620.0,8,18,7,3,5,2,0,1,1,0,0,0,0,1,13.485003,52.53345262,2,0.5,16 to 20
9,9200717.0,8,10,6,3,2,6,0,0,1,0,0,0,0,0,13.55837245,52.43471049,1,0.0,08 to 12
1,1100309.0,8,18,3,3,3,6,0,1,0,0,1,0,0,0,13.39865427,52.52340048,2,0.5,16 to 20
12,12400721.0,8,8,5,3,5,3,0,1,1,0,0,0,0,0,13.29507547,52.63721092,2,0.5,08 to 12
12,12500930.0,8,7,4,3,5,3,0,1,1,0,0,0,0,1,13.33391303,52.58249284,2,0.5,04 to 08
2,2400623.0,8,17,2,3,5,2,0,1,1,0,0,0,0,1,13.43871027,52.51252077,2,0.5,16 to 20
12,12500824.0,8,20,3,3,0,1,1,1,0,0,0,0,0,1,13.30120889,52.59953431,1,1.0,20 to 24
3,3601141.0,8,15,5,3,5,2,0,1,1,0,0,0,0,0,13.41049809,52.55098375,2,0.5,12 to 16
4,4501153.0,8,9,4,3,5,2,0,1,1,0,0,0,0,1,13.33132848,52.48610628,2,0.5,08 to 12
4,4501042.0,8,15,2,3,6,7,0,0,1,1,0,0,0,0,13.33209478,52.50622573,2,0.0,12 to 16
2,2100102.0,8,18,4,3,3,6,0,0,1,0,1,0,0,0,13.39569188,52.49835896,2,0.0,16 to 20
1,1300733.0,8,11,2,2,5,2,0,1,1,0,0,0,0,0,13.39157842,52.55542962,2,0.5,08 to 12
1,1100310.0,8,12,3,2,5,2,0,1,0,0,0,1,0,0,13.41597105,52.52709278,2,0.5,12 to 16
11,11400928.0,8,9,2,3,0,7,0,0,0,0,1,0,0,0,13.48447033,52.50224446,1,0.0,08 to 12
4,4501045.0,8,19,6,2,5,5,0,1,1,0,0,0,0,0,13.32430198,52.49745586,2,0.5,16 to 20
4,4200309.0,8,10,4,3,2,6,0,0,1,0,0,0,1,0,13.25987813,52.51672033,2,0.0,08 to 12
4,4300415.0,8,8,3,3,2,6,0,0,1,0,0,0,0,1,13.28830415,52.50656357,1,0.0,08 to 12
11,11300721.0,8,14,7,3,1,5,0,0,1,0,0,0,1,0,13.49691184,52.53190717,2,0.0,12 to 16
11,11200513.0,8,15,5,2,5,3,0,1,1,0,0,0,0,0,13.48118542,52.53867079,2,0.5,12 to 16
7,7200413.0,8,18,4,3,0,6,0,0,1,0,1,0,0,1,13.36698386,52.48168752,2,0.0,16 to 20
11,11501238.0,8,17,3,3,5,3,0,1,1,0,0,0,0,0,13.47539078,52.50139701,2,0.5,16 to 20
7,7300516.0,8,7,3,3,5,2,0,1,1,0,0,0,0,1,13.32846681,52.47022147,2,0.5,04 to 08
8,8200832.0,8,11,5,3,1,5,0,1,1,0,0,0,0,0,13.43542578,52.41680945,2,0.5,08 to 12
2,2300315.0,8,15,4,3,5,3,0,1,0,0,0,0,0,1,13.43122064,52.49917921,1,1.0,12 to 16
8,8200726.0,8,13,2,3,5,3,0,0,1,0,1,0,0,0,13.4373793,52.44845225,2,0.0,12 to 16
3,3200309.0,8,16,4,3,5,2,0,0,1,0,1,0,0,0,13.43174854,52.60359642,2,0.0,16 to 20
3,3100101.0,8,11,2,3,2,2,0,0,1,0,0,0,0,0,13.47963336,52.64366758,1,0.0,08 to 12
4,4300619.0,8,11,1,3,2,6,0,0,1,0,0,0,0,0,13.31823758,52.51857283,1,0.0,08 to 12
2,2200213.0,8,12,6,3,9,7,0,0,0,0,1,0,0,0,13.41849103,52.49392851,1,0.0,12 to 16
4,4501045.0,8,13,4,3,6,4,0,1,0,1,0,0,0,1,13.33483916,52.49898838,2,0.5,12 to 16
1,1100102.0,8,22,3,3,0,1,2,0,0,0,1,0,0,1,13.34902078,52.51474176,1,0.0,20 to 24
2,2100104.0,8,16,3,3,5,3,0,1,1,0,0,0,0,0,13.41029179,52.50378507,2,0.5,16 to 20
1,1100206.0,9,1,1,3,2,6,2,1,0,0,0,0,0,0,13.38089214,52.51626133,1,1.0,00 to 04
12,12100205.0,9,18,4,3,0,1,0,0,0,0,1,0,0,1,13.35213898,52.57374978,1,0.0,16 to 20
8,8200832.0,9,7,3,3,3,6,0,0,1,0,0,0,1,0,13.41696989,52.41834913,2,0.0,04 to 08
6,6400839.0,9,17,3,3,5,3,0,0,1,0,1,0,0,0,13.25836833,52.43570609,2,0.0,16 to 20
5,5300735.0,8,16,2,3,0,1,0,0,0,0,1,0,0,1,13.23618824,52.55017909,1,0.0,16 to 20
3,3200207.0,8,16,2,3,2,2,0,0,1,0,1,0,0,1,13.42585046,52.59487574,2,0.0,16 to 20
9,9200819.0,9,13,7,3,5,3,0,0,1,0,0,0,0,0,13.56215762,52.44525074,1,0.0,12 to 16
3,3601244.0,8,15,2,3,6,4,0,0,1,1,0,0,0,0,13.424806,52.54706498,2,0.0,12 to 16
8,8100417.0,9,15,6,3,2,6,0,0,1,0,0,0,0,0,13.45627774,52.47375308,1,0.0,12 to 16
8,8200730.0,8,8,2,3,6,4,0,0,1,1,0,0,0,0,13.43718514,52.43952952,2,0.0,08 to 12
10,10100311.0,9,5,3,3,0,1,2,1,0,0,0,0,0,1,13.51975676,52.52572644,1,1.0,04 to 08
7,7100205.0,9,17,1,3,0,3,0,0,1,0,1,0,0,0,13.36222238,52.49792584,2,0.0,16 to 20
5,5200524.0,9,15,5,3,5,2,0,0,1,0,0,0,0,0,13.13315912,52.52634542,1,0.0,12 to 16
2,2400625.0,9,5,3,3,4,6,2,0,1,0,0,1,0,0,13.44563415,52.50174288,2,0.0,04 to 08
9,9200715.0,8,8,2,3,5,3,0,0,1,0,0,0,0,1,13.52392207,52.42923838,1,0.0,08 to 12
7,7601544.0,9,20,7,3,5,2,2,0,1,0,0,0,0,0,13.40677256,52.3937682,1,0.0,20 to 24
11,11300617.0,9,22,4,3,5,3,2,1,1,0,0,0,0,1,13.46679749,52.52850547,2,0.5,20 to 24
1,1200517.0,9,13,3,3,3,6,0,0,1,0,0,0,0,0,13.32836025,52.53415141,1,0.0,12 to 16
2,2200210.0,8,7,2,3,5,2,0,0,1,0,1,0,0,0,13.39534008,52.49682549,2,0.0,04 to 08
12,12200412.0,8,7,2,3,0,2,0,0,1,0,1,0,0,1,13.29796285,52.57990644,2,0.0,04 to 08
11,11300617.0,9,13,6,3,2,6,0,0,1,0,0,0,0,0,13.47575782,52.53285621,1,0.0,12 to 16
2,2200210.0,8,7,2,3,5,3,0,1,1,0,0,0,0,0,13.4055685,52.49346849,2,0.5,04 to 08
1,1100102.0,8,7,2,3,0,1,0,1,0,0,0,0,0,1,13.34568165,52.51647839,1,1.0,04 to 08
4,4300412.0,9,15,2,3,0,1,0,0,0,0,1,0,0,0,13.28701366,52.51882737,1,0.0,12 to 16
2,2400623.0,9,19,5,3,5,3,0,1,1,0,0,0,0,0,13.42809369,52.51766032,2,0.5,16 to 20
8,8200831.0,8,7,2,3,0,6,0,0,1,0,1,0,0,1,13.40239532,52.41489685,2,0.0,04 to 08
8,8100520.0,8,6,2,3,5,3,0,0,1,0,1,0,0,1,13.46308399,52.46954381,2,0.0,04 to 08
6,6200311.0,9,16,2,2,5,3,0,0,1,0,0,0,0,0,13.35859135,52.4341783,1,0.0,16 to 20
3,3501037.0,9,22,5,3,5,7,2,1,1,0,0,0,0,1,13.46643161,52.55800986,2,0.5,20 to 24
3,3500934.0,8,4,2,2,5,3,2,0,1,0,1,0,0,1,13.43166676,52.5544627,2,0.0,04 to 08
12,12500930.0,9,16,1,3,5,2,0,0,1,0,0,0,0,0,13.31541547,52.57792798,1,0.0,16 to 20
9,9501939.0,9,13,5,3,5,2,0,1,1,0,0,0,0,0,13.56263231,52.45637012,2,0.5,12 to 16
4,4300416.0,9,13,3,3,5,2,0,1,1,0,0,0,0,0,13.29271352,52.50670308,2,0.5,12 to 16
5,5200525.0,8,10,2,2,2,6,0,0,1,0,0,0,1,0,13.14330636,52.52419135,2,0.0,08 to 12
3,3500936.0,9,21,7,3,5,2,2,0,1,0,0,0,0,0,13.46542338,52.55191662,1,0.0,20 to 24
12,12200412.0,9,14,4,3,2,6,0,0,1,0,0,1,0,1,13.27055071,52.57587132,2,0.0,12 to 16
4,4300622.0,9,0,3,3,2,6,2,0,1,0,0,0,0,0,13.32253922,52.51179506,1,0.0,00 to 04
3,3300411.0,8,10,2,3,6,2,0,0,0,1,0,1,0,0,13.48754338,52.61819331,2,0.0,08 to 12
11,11300721.0,8,9,2,3,3,6,0,0,1,0,0,0,0,0,13.51373192,52.53511277,1,0.0,08 to 12
2,2500726.0,9,11,6,3,5,2,0,1,1,0,0,0,0,1,13.45502856,52.52119118,2,0.5,08 to 12
6,6300631.0,8,9,2,3,5,3,0,0,1,0,1,0,0,0,13.30198271,52.42014528,2,0.0,08 to 12
1,1200628.0,9,13,2,3,0,3,0,0,1,0,0,0,1,0,13.36793036,52.52613297,2,0.0,12 to 16
3,3200205.0,9,18,5,3,2,6,0,0,1,0,1,0,0,0,13.40297831,52.5968196,2,0.0,16 to 20
2,2300315.0,8,9,2,2,5,2,0,1,1,0,0,0,0,0,13.42639089,52.4992682,2,0.5,08 to 12
4,4400832.0,9,12,1,3,5,2,0,1,1,0,0,0,0,0,13.29878147,52.4732455,2,0.5,12 to 16
3,3701554.0,9,8,5,3,5,2,0,1,1,0,0,0,0,0,13.41102486,52.53062293,2,0.5,08 to 12
9,9100408.0,9,0,3,3,1,7,2,0,1,0,0,0,0,0,13.51405291,52.4468267,1,0.0,00 to 04
2,2500830.0,9,17,3,3,0,1,0,1,0,0,0,0,0,0,13.46056555,52.51228995,1,1.0,16 to 20
1,1100312.0,8,9,2,3,5,2,0,1,1,0,0,0,0,0,13.40877143,52.51199155,2,0.5,08 to 12
1,1200520.0,9,5,7,3,5,3,1,0,1,0,0,0,0,1,13.34295536,52.52624476,1,0.0,04 to 08
6,6200421.0,9,7,4,3,0,1,0,1,0,0,0,0,0,1,13.32463002,52.4346144,1,1.0,04 to 08
5,5200633.0,9,12,3,3,5,2,0,0,1,0,1,0,0,0,13.18366686,52.51815373,2,0.0,12 to 16