bez,lor_ab_2021,umonat,ustunde,uwochentag,ukategorie,uart,utyp1,ulichtverh,istrad,istpkw,istfuss,istkrad,istgkfz,istsonstige,ustrzustand,xgcswgs84,ygcswgs84,all_acc,perc_bike_acc,rushhours
2,2500830.0,9,14,1,3,0,1,0,0,0,0,1,0,0,0,13.45793315,52.51274544,1,0.0,12 to 16
1,1100309.0,9,11,5,2,5,7,0,0,1,0,1,0,0,0,13.39975699,52.52955551,2,0.0,08 to 12
6,6200312.0,9,11,3,2,5,7,0,0,1,0,1,0,0,0,13.33995227,52.44398491,2,0.0,08 to 12
9,9502043.0,8,9,2,2,0,3,0,1,0,0,0,0,0,0,13.57960358,52.45886275,1,1.0,08 to 12
11,11300721.0,9,15,7,3,0,2,0,0,0,0,0,0,1,0,13.49969744,52.53449706,1,0.0,12 to 16
4,4500938.0,9,9,4,3,5,2,0,1,1,0,0,0,0,0,13.29965099,52.49510721,2,0.5,08 to 12
3,3601244.0,9,14,3,3,8,1,0,1,0,0,0,0,0,0,13.42432892,52.54647791,1,1.0,12 to 16
1,1100312.0,8,8,2,3,6,4,0,0,1,1,0,0,0,0,13.41729882,52.51243413,2,0.0,08 to 12
4,4500938.0,9,9,6,3,3,6,0,1,1,0,0,0,0,1,13.29289475,52.49657362,2,0.5,08 to 12
4,4501041.0,8,8,2,3,0,2,0,1,1,0,0,0,0,1,13.31726546,52.50433754,2,0.5,08 to 12
5,5200524.0,9,12,2,3,2,2,0,0,1,0,0,0,0,0,13.1292559,52.52717471,1,0.0,12 to 16
1,1100415.0,9,16,5,3,5,5,0,1,1,0,0,0,0,0,13.38819161,52.53058032,2,0.5,16 to 20
8,8100207.0,8,18,1,3,4,6,1,0,1,0,0,0,0,1,13.43728584,52.47452395,1,0.0,16 to 20
1,1100308.0,9,18,4,2,0,2,0,1,0,0,0,0,1,0,13.38318481,52.53061573,2,0.5,16 to 20
8,8200622.0,9,11,3,3,2,6,0,0,1,0,0,1,0,0,13.43497982,52.46115633,2,0.0,08 to 12
5,5100104.0,9,16,3,3,2,6,0,0,1,0,0,0,0,0,13.21477344,52.56080111,1,0.0,16 to 20
4,4300624.0,8,17,1,3,0,3,1,0,1,0,0,0,1,1,13.32553314,52.50841282,2,0.0,16 to 20
9,9200613.0,9,15,7,3,5,3,0,1,1,0,0,0,0,0,13.51924006,52.4540016,2,0.5,12 to 16
11,11400927.0,8,17,1,2,2,6,0,0,1,0,0,0,0,1,13.47261932,52.50507453,1,0.0,16 to 20
4,4200207.0,9,21,6,2,8,1,2,0,0,0,1,0,0,0,13.20521677,52.49835176,1,0.0,20 to 24
10,10300731.0,8,17,1,2,5,2,1,1,1,0,0,0,0,1,13.56618167,52.53425382,2,0.5,16 to 20
3,3601142.0,9,10,3,2,5,2,0,1,0,0,0,0,1,0,13.41206849,52.54313988,2,0.5,08 to 12
3,3400830.0,8,16,1,3,0,6,0,1,1,0,0,0,0,1,13.42770927,52.56793646,2,0.5,16 to 20
12,12200411.0,9,7,6,3,2,6,0,0,1,0,0,0,1,1,13.32650534,52.56209251,2,0.0,04 to 08
8,8100104.0,8,14,1,3,2,7,0,1,1,0,0,0,0,0,13.43007503,52.4696469,2,0.5,12 to 16
1,1400937.0,9,8,2,3,2,2,0,0,1,0,0,0,0,0,13.33693308,52.55253533,1,0.0,08 to 12
1,1100308.0,9,15,5,3,6,7,0,1,0,1,0,0,0,0,13.3827748,52.5305035,2,0.5,12 to 16
9,9501838.0,8,14,1,3,5,3,0,0,1,0,0,0,0,0,13.69733169,52.43638767,1,0.0,12 to 16
8,2300418.0,9,10,1,3,0,2,0,1,0,0,1,0,0,0,13.43530725,52.49133382,2,0.5,08 to 12
2,2400521.0,9,17,4,3,0,7,0,0,1,0,0,0,1,1,13.44070422,52.52440952,2,0.0,16 to 20
9,9200715.0,9,9,3,3,2,6,0,0,1,0,0,1,0,0,13.54710264,52.43140585,2,0.0,08 to 12
4,4300624.0,9,16,3,3,0,2,0,1,1,0,0,0,0,0,13.31765135,52.50614724,2,0.5,16 to 20
7,7501134.0,8,13,1,3,6,4,0,0,1,1,0,0,0,0,13.4038106,52.43957161,2,0.0,12 to 16
12,12400616.0,8,12,1,2,8,1,0,0,1,0,0,0,0,0,13.22920934,52.56864972,1,0.0,12 to 16
3,3601142.0,9,21,6,3,6,4,2,1,0,1,0,0,0,0,13.40592479,52.54090477,2,0.5,20 to 24
4,4400835.0,8,20,1,3,5,3,2,0,1,0,0,0,0,1,13.32015157,52.47346475,1,0.0,20 to 24
1,1100312.0,9,18,2,3,5,7,0,1,1,0,0,0,0,0,13.41217518,52.5054799,2,0.5,16 to 20
4,4300623.0,9,15,5,3,5,2,0,1,1,0,0,0,0,0,13.30922937,52.50643647,2,0.5,12 to 16
7,7400826.0,8,11,1,3,2,6,0,1,1,0,0,0,0,0,13.36436019,52.45057814,2,0.5,08 to 12
4,4300622.0,9,8,3,3,5,2,0,1,1,0,0,0,0,0,13.33028897,52.51307508,2,0.5,08 to 12
5,5200423.0,9,18,1,3,2,7,0,0,1,0,0,0,0,1,13.1589046,52.53065929,1,0.0,16 to 20
9,9501736.0,9,15,5,3,2,3,0,1,1,0,0,0,0,0,13.61238752,52.45424458,2,0.5,12 to 16
4,4300416.0,9,8,3,3,2,6,0,1,1,0,0,0,0,0,13.29876685,52.50675952,2,0.5,08 to 12
1,1100102.0,8,20,1,3,9,1,2,0,1,0,0,0,0,1,13.360888,52.5098284,1,0.0,20 to 24
5,5400942.0,9,23,7,2,1,5,2,0,1,0,0,0,0,0,13.16509285,52.4669684,1,0.0,20 to 24
11,11200411.0,9,20,4,3,2,6,2,0,1,0,0,0,0,0,13.50905665,52.54640373,1,0.0,20 to 24
7,7501031.0,9,8,3,2,5,2,0,0,1,0,0,0,0,0,13.4020257,52.44672599,1,0.0,08 to 12
6,6100205.0,8,19,1,3,6,4,2,0,1,1,0,0,0,1,13.34498246,52.44875975,2,0.0,16 to 20
5,5300737.0,9,12,2,3,0,7,0,1,0,0,0,0,0,0,13.24620982,52.53813372,1,1.0,12 to 16
3,3601243.0,9,7,5,3,0,1,1,1,0,0,0,0,0,1,13.41993539,52.54809584,1,1.0,04 to 08
3,3701659.0,9,7,3,3,1,5,0,1,1,0,0,0,0,0,13.42483258,52.52998312,2,0.5,04 to 08
12,12500930.0,8,19,1,3,4,6,1,0,1,0,0,0,0,1,13.33645577,52.58762919,1,0.0,16 to 20
2,2400521.0,9,18,1,3,5,2,0,0,1,0,0,0,0,0,13.44019315,52.51895467,1,0.0,16 to 20
4,4501151.0,9,15,4,3,5,3,0,0,1,0,0,0,0,1,13.32424386,52.47878889,1,0.0,12 to 16
1,1401045.0,9,7,3,3,1,5,0,0,1,0,0,0,0,0,13.38233012,52.55588146,1,0.0,04 to 08
1,1100101.0,8,10,1,3,0,7,0,0,0,0,0,0,1,0,13.34512855,52.50656398,1,0.0,08 to 12
9,9502043.0,8,2,1,2,8,1,2,0,1,0,0,0,0,0,13.59971951,52.47427754,1,0.0,00 to 04
3,3400620.0,9,14,6,3,5,3,0,1,0,0,1,0,0,0,13.37818732,52.5749147,2,0.5,12 to 16
8,8100415.0,8,10,7,2,1,5,0,1,0,0,0,0,1,0,13.44198301,52.47982735,2,0.5,08 to 12
1,1100205.0,8,15,7,3,2,6,0,0,1,0,0,0,0,0,13.37722621,52.51277129,1,0.0,12 to 16
1,1200629.0,9,19,2,3,5,2,1,1,1,0,0,0,0,0,13.3419764,52.51785152,2,0.5,16 to 20
2,2200209.0,9,21,5,3,5,2,2,1,1,0,0,0,0,1,13.37667229,52.48499269,2,0.5,20 to 24
2,2500834.0,8,15,7,3,5,2,0,0,1,0,0,0,1,0,13.45003087,52.50750494,2,0.0,12 to 16
8,8200622.0,9,15,1,3,2,6,0,0,1,0,0,0,0,0,13.4347506,52.46181253,1,0.0,12 to 16
2,2400623.0,9,13,5,3,5,3,0,1,0,0,0,0,0,0,13.43232172,52.50933189,1,1.0,12 to 16
2,2300418.0,9,20,3,3,1,5,2,0,1,0,1,0,0,0,13.43354849,52.49240136,2,0.0,20 to 24
5,5100209.0,8,14,7,3,5,2,0,0,1,0,0,0,0,0,13.18459469,52.5475137,1,0.0,12 to 16
7,7400823.0,9,19,7,3,5,3,1,0,1,0,0,0,0,0,13.37067706,52.46880019,1,0.0,16 to 20
7,7200308.0,9,13,4,3,6,4,0,0,1,1,0,0,0,1,13.34158341,52.47949605,2,0.0,12 to 16
3,3601243.0,9,20,3,3,5,3,1,1,1,0,0,0,0,0,13.42307681,52.55116692,2,0.5,20 to 24
8,8100206.0,8,14,7,3,5,7,0,0,1,0,1,0,0,0,13.42939416,52.48130387,2,0.0,12 to 16
5,5100316.0,8,14,7,3,0,3,0,0,1,0,1,0,0,0,13.18326032,52.53987103,2,0.0,12 to 16
1,1200626.0,9,11,6,3,6,7,0,0,1,1,0,0,0,1,13.3526111,52.52408914,2,0.0,08 to 12
4,4400835.0,8,14,7,3,1,5,0,1,1,0,0,0,0,0,13.31055809,52.46781532,2,0.5,12 to 16
5,5200423.0,9,14,2,2,6,4,0,0,1,1,0,0,0,0,13.14747925,52.53213855,2,0.0,12 to 16
2,2100105.0,9,17,5,3,5,3,0,0,1,0,0,0,1,0,13.40660966,52.50032508,2,0.0,16 to 20
9,9200717.0,8,11,7,3,2,6,0,0,1,0,0,0,0,0,13.55816972,52.43467261,1,0.0,08 to 12
3,3601449.0,9,12,6,2,0,7,0,1,0,0,0,0,0,0,13.45157145,52.54299638,1,1.0,12 to 16
8,8401243.0,8,10,7,3,1,5,0,1,1,0,0,0,0,0,13.49293983,52.42050685,2,0.5,08 to 12
7,7601544.0,8,9,7,3,0,5,0,0,1,0,0,0,1,0,13.4085774,52.38688018,2,0.0,08 to 12
11,11501341.0,9,15,2,3,2,6,0,0,1,0,0,0,0,0,13.52057629,52.48221508,1,0.0,12 to 16
3,3601141.0,9,18,5,3,2,7,0,0,1,0,0,0,0,0,13.40946216,52.55416746,1,0.0,16 to 20
3,3601243.0,8,7,7,2,5,3,0,0,1,0,0,0,0,0,13.42405077,52.55289005,1,0.0,04 to 08
1,1100101.0,9,13,1,3,5,2,0,1,1,0,0,0,0,0,13.35154221,52.50948887,2,0.5,12 to 16
2,2200209.0,9,10,5,3,1,5,0,1,1,0,0,0,0,0,13.38321231,52.49272958,2,0.5,08 to 12
6,6400842.0,9,19,3,3,2,7,0,1,1,0,0,0,0,0,13.26261347,52.45147964,2,0.5,16 to 20
2,2200210.0,8,7,7,3,5,3,1,0,1,0,0,0,0,0,13.40285999,52.49395052,1,0.0,04 to 08
1,1400938.0,9,12,7,3,2,6,0,0,1,0,0,0,0,0,13.33630478,52.54201422,1,0.0,12 to 16
3,3200207.0,9,12,4,3,5,3,0,1,1,0,0,0,0,0,13.40969569,52.58465898,2,0.5,12 to 16
1,1300834.0,9,18,3,3,5,3,0,1,1,0,0,0,0,0,13.3911877,52.54472711,2,0.5,16 to 20
8,8100103.0,8,22,7,3,1,5,2,1,1,0,0,0,0,0,13.42754425,52.47451491,2,0.5,20 to 24
5,5200629.0,9,9,6,3,5,2,0,1,1,0,0,0,0,1,13.18179172,52.53408237,2,0.5,08 to 12
2,2100106.0,8,22,7,2,5,3,2,0,1,0,1,0,0,0,13.41414087,52.49857963,2,0.0,20 to 24
4,4501040.0,9,11,2,3,2,2,0,0,1,0,0,0,0,0,13.30796385,52.50304654,1,0.0,08 to 12
11,11300620.0,9,16,5,3,3,6,0,0,1,0,1,0,0,0,13.48533725,52.53117285,2,0.0,16 to 20
9,9401534.0,8,6,7,2,5,4,0,0,0,1,0,0,1,0,13.5745041,52.44447958,2,0.0,04 to 08
2,2200210.0,9,19,4,3,5,2,1,1,1,0,0,0,0,1,13.39797907,52.49104417,2,0.5,16 to 20
7,7400823.0,8,18,2,3,3,2,0,0,1,0,0,0,0,0,13.37796842,52.46627677,1,0.0,16 to 20
3,3601142.0,9,16,3,3,5,3,0,1,1,0,0,0,0,0,13.40474729,52.54067646,2,0.5,16 to 20
8,8401243.0,8,21,7,3,0,7,2,0,0,0,1,0,0,0,13.49580325,52.41763393,1,0.0,20 to 24
12,12601235.0,8,20,7,3,5,7,2,0,1,0,0,0,0,0,13.35911517,52.59684158,1,0.0,20 to 24
1,1100415.0,9,12,1,2,5,2,0,1,0,0,0,0,1,0,13.38793692,52.53158028,2,0.5,12 to 16
9,9501939.0,9,9,4,3,0,7,0,1,0,0,0,0,0,0,13.57684005,52.45540663,1,1.0,08 to 12
1,1100103.0,8,18,2,2,1,5,2,1,1,0,0,0,0,0,13.36205719,52.50467898,2,0.5,16 to 20
4,4500939.0,9,15,3,3,0,7,0,0,1,0,0,0,0,0,13.31149418,52.48967443,1,0.0,12 to 16
2,2200212.0,8,20,7,3,1,5,2,1,1,0,0,0,0,0,13.41558881,52.49022423,2,0.5,20 to 24
9,9501736.0,9,0,7,3,6,4,2,0,1,1,0,0,0,0,13.60767003,52.45305839,2,0.0,00 to 04
8,8401243.0,9,7,4,3,2,6,0,0,1,0,1,0,0,0,13.49630139,52.43121218,2,0.0,04 to 08
10,10100205.0,8,20,7,3,0,1,2,0,0,0,1,0,0,0,13.53799054,52.55554831,1,0.0,20 to 24
10,10100316.0,9,5,6,3,9,1,2,0,0,0,0,1,0,1,13.58372037,52.5491854,1,0.0,04 to 08
5,5100316.0,8,19,7,3,5,3,0,1,1,0,0,0,0,0,13.20137959,52.53835368,2,0.5,16 to 20
6,6300632.0,9,10,4,3,1,5,0,1,1,0,0,0,0,0,13.30234869,52.42678298,2,0.5,08 to 12
7,7501032.0,9,13,2,3,2,6,0,0,1,0,0,1,1,0,13.40842439,52.45244919,3,0.0,12 to 16
7,7601442.0,9,8,5,3,2,6,0,0,1,0,0,0,1,0,13.40032106,52.41428573,2,0.0,08 to 12
12,12601134.0,8,19,7,3,2,6,0,0,1,0,1,0,0,0,13.34634667,52.60201531,2,0.0,16 to 20
7,7400720.0,9,19,1,2,5,2,0,1,1,0,0,0,0,0,13.37797648,52.47244968,2,0.5,16 to 20
4,4400727.0,9,17,4,3,0,6,0,0,1,0,1,0,0,1,13.28842151,52.48139624,2,0.0,16 to 20
1,1100102.0,8,12,2,3,5,2,0,1,1,0,0,0,0,0,13.37181906,52.50927202,2,0.5,12 to 16
11,11300722.0,9,15,3,3,6,2,0,0,1,1,0,0,0,0,13.47926508,52.52304618,2,0.0,12 to 16
2,2200210.0,8,19,7,3,4,6,0,1,0,0,0,0,0,0,13.40066591,52.49440361,1,1.0,16 to 20
8,8100314.0,8,19,7,3,3,6,0,0,1,0,1,0,0,0,13.42417928,52.48663482,2,0.0,16 to 20
11,11300620.0,9,15,6,3,2,6,0,0,1,0,0,0,0,0,13.4852961,52.53144023,1,0.0,12 to 16
3,3300517.0,9,9,4,3,5,3,0,0,1,0,0,1,0,0,13.46536053,52.56714365,2,0.0,08 to 12
5,5300841.0,8,18,7,3,3,6,0,0,1,0,0,0,1,0,13.27083823,52.53670471,2,0.0,16 to 20
9,9501941.0,9,18,2,3,5,2,0,1,1,0,0,0,0,0,13.59320595,52.45327763,2,0.5,16 to 20
4,4501153.0,9,22,5,2,5,3,2,1,1,0,0,0,0,1,13.3327829,52.47860866,2,0.5,20 to 24
1,1100206.0,8,18,7,3,4,6,0,1,0,0,0,0,1,0,13.39704054,52.5194513,2,0.5,16 to 20
8,8401241.0,8,18,7,3,1,7,0,0,1,0,0,1,0,0,13.48030169,52.42799748,2,0.0,16 to 20
6,6100103.0,9,14,7,3,5,2,0,1,1,0,0,0,0,0,13.31990138,52.46313366,2,0.5,12 to 16
1,1100308.0,9,9,4,3,0,5,0,1,1,0,0,0,0,0,13.37894959,52.52638793,2,0.5,08 to 12
4,4501042.0,8,17,7,3,2,6,0,0,1,0,1,0,0,0,13.32951692,52.50333949,2,0.0,16 to 20
4,4500939.0,9,16,6,3,5,2,0,1,1,0,0,0,0,0,13.29905684,52.49061909,2,0.5,16 to 20
1,1300730.0,8,17,7,2,1,5,0,1,1,0,0,0,0,0,13.37214584,52.5579186,2,0.5,16 to 20
8,8100206.0,8,16,2,3,0,7,0,1,0,0,0,0,0,0,13.42433037,52.48505094,1,1.0,16 to 20
8,8300935.0,9,12,2,3,5,2,0,0,1,0,0,0,1,0,13.44801749,52.4261831,2,0.0,12 to 16
11,11501340.0,9,15,5,3,5,3,0,1,1,0,0,0,0,0,13.52557,52.48158779,2,0.5,12 to 16
12,12200309.0,8,22,2,3,1,5,2,0,1,0,0,0,1,0,13.31650691,52.56708434,2,0.0,20 to 24
6,6300524.0,8,16,7,2,0,1,0,1,0,0,0,0,0,0,13.24540718,52.42171766,1,1.0,16 to 20
1,1100206.0,9,16,7,3,0,2,0,0,1,0,1,0,0,0,13.38885276,52.5168947,2,0.0,16 to 20
3,3701554.0,9,15,4,3,0,1,0,1,0,0,0,0,0,1,13.41029973,52.53911793,1,1.0,12 to 16
2,2500729.0,8,8,2,3,5,2,0,1,0,0,0,0,1,0,13.46960012,52.51409578,2,0.5,08 to 12
5,5200629.0,8,17,7,3,2,6,0,0,1,0,0,0,0,0,13.19531818,52.53361262,1,0.0,16 to 20
8,8401139.0,8,16,7,3,5,2,0,1,1,0,0,0,0,0,13.47127865,52.43332791,2,0.5,16 to 20
7,7501029.0,9,13,6,3,2,6,0,0,1,0,0,0,0,0,13.3796015,52.44481018,1,0.0,12 to 16
9,9501939.0,8,7,6,3,2,6,0,0,1,0,0,1,0,1,13.55830908,52.455584,2,0.0,04 to 08
3,3701660.0,9,14,3,3,2,6,0,0,1,0,0,0,0,0,13.43278047,52.53576421,1,0.0,12 to 16
1,1200628.0,8,20,6,3,1,5,1,1,1,0,0,0,0,0,13.36335992,52.52460141,2,0.5,20 to 24
8,8100520.0,9,20,2,3,5,2,2,0,1,0,1,0,0,0,13.46461695,52.47020017,2,0.0,20 to 24
6,6200317.0,9,19,5,3,5,2,1,1,1,0,0,0,0,0,13.36613555,52.43021205,2,0.5,16 to 20
11,11400928.0,8,21,6,3,0,7,2,1,0,0,0,0,0,0,13.48644617,52.50204451,1,1.0,20 to 24
7,7501032.0,9,15,1,3,1,5,0,1,1,0,0,0,0,0,13.41259145,52.45193876,2,0.5,12 to 16
4,4501153.0,9,12,5,3,2,6,0,0,1,0,0,0,0,0,13.33483409,52.48788008,1,0.0,12 to 16
4,4500936.0,8,21,2,2,5,2,1,0,1,0,0,0,0,0,13.30184875,52.49904702,1,0.0,20 to 24
11,11401137.0,8,14,6,3,5,3,0,1,0,0,0,0,1,0,13.51471098,52.49447903,2,0.5,12 to 16
7,7400823.0,9,17,7,3,6,7,1,0,1,1,0,0,0,0,13.37666704,52.46125463,2,0.0,16 to 20
7,7601340.0,9,16,1,2,1,5,0,1,1,0,0,0,0,0,13.3582835,52.41114687,2,0.5,16 to 20
1,1400938.0,9,13,5,3,5,3,0,1,1,0,0,0,0,0,13.3419281,52.55219737,2,0.5,12 to 16
10,10100206.0,8,21,2,3,9,1,2,0,1,0,0,0,0,1,13.57011632,52.55572147,1,0.0,20 to 24
5,5100211.0,8,20,6,3,5,2,1,0,1,0,0,0,0,0,13.17809999,52.54881004,1,0.0,20 to 24
2,2100106.0,9,22,7,2,5,3,2,0,1,0,1,0,0,0,13.4199161,52.49640469,2,0.0,20 to 24
3,3200308.0,9,14,4,3,2,6,0,0,1,0,0,0,0,0,13.43303379,52.59600358,1,0.0,12 to 16
11,11200513.0,8,20,2,3,2,7,2,1,1,0,0,0,0,1,13.49048155,52.53916759,2,0.5,20 to 24
10,10300731.0,8,10,6,3,6,4,0,0,0,1,1,0,0,1,13.55752959,52.52735558,2,0.0,08 to 12
3,11300617.0,8,10,6,2,6,4,0,0,0,1,1,0,0,0,13.46120912,52.52976015,2,0.0,08 to 12
3,3701660.0,9,12,6,3,1,5,0,1,0,0,0,0,1,1,13.4356972,52.5328647,2,0.5,12 to 16
6,6200315.0,8,8,6,2,5,3,0,1,1,0,0,0,0,0,13.34674263,52.43073218,2,0.5,08 to 12
4,4100101.0,9,14,3,3,2,6,0,0,1,0,0,0,0,0,13.292579,52.53426338,1,0.0,12 to 16
12,12100205.0,8,8,6,3,5,2,0,1,1,0,0,0,0,0,13.36337583,52.58066113,2,0.5,08 to 12
4,4500936.0,9,15,2,3,2,2,0,0,1,0,0,0,1,0,13.29658905,52.50148332,2,0.0,12 to 16
11,11200514.0,9,18,5,3,2,6,0,0,1,0,0,0,0,0,13.47684747,52.53713236,1,0.0,16 to 20
6,6400844.0,8,7,6,3,2,7,0,0,1,0,0,0,0,1,13.27551313,52.4505166,1,0.0,04 to 08
4,4300517.0,9,13,1,3,6,4,0,0,1,1,0,0,0,0,13.30199469,52.52341506,2,0.0,12 to 16
2,2400623.0,9,9,5,3,5,3,0,1,1,0,0,0,0,0,13.4325366,52.51732905,2,0.5,08 to 12
1,1300834.0,8,19,2,3,5,2,0,0,1,0,0,0,0,0,13.3960308,52.53824367,1,0.0,16 to 20
3,3601244.0,9,14,3,3,1,5,0,1,1,0,0,0,0,0,13.42679049,52.55254461,2,0.5,12 to 16
9,9401534.0,8,7,6,3,0,1,0,0,0,0,1,0,0,1,13.57357125,52.44446774,1,0.0,04 to 08
8,8200832.0,9,11,7,3,5,2,0,0,1,0,1,0,0,1,13.41684575,52.41828451,2,0.0,08 to 12
11,11100204.0,9,12,4,3,0,7,0,1,0,0,0,0,0,0,13.51481644,52.56745082,1,1.0,12 to 16
8,8100314.0,8,19,2,3,5,2,0,1,1,0,0,0,0,0,13.4245018,52.48635698,2,0.5,16 to 20
10,10100316.0,8,7,6,3,5,2,0,0,1,0,0,0,0,1,13.58319719,52.54923089,1,0.0,04 to 08
5,5300737.0,9,7,6,3,5,2,0,1,0,0,0,0,1,1,13.2474391,52.54147436,2,0.5,04 to 08
12,12200412.0,8,6,6,3,5,3,0,0,1,0,0,0,1,1,13.29738204,52.57785094,2,0.0,04 to 08
4,4501041.0,9,13,4,3,0,2,0,1,0,0,0,0,0,1,13.31678075,52.50115389,1,1.0,12 to 16
5,5100316.0,8,19,2,3,2,6,0,0,1,0,0,0,0,0,13.18770158,52.53748018,1,0.0,16 to 20
10,10400837.0,8,5,6,3,5,3,1,0,1,0,1,0,0,0,13.57598352,52.49112746,2,0.0,04 to 08
6,6300526.0,9,10,6,3,2,6,0,0,1,0,1,0,0,1,13.25936213,52.43067379,2,0.0,08 to 12
7,7300619.0,8,4,6,3,1,5,2,0,1,0,0,0,0,1,13.3477785,52.46559242,1,0.0,04 to 08
4,4501043.0,9,13,2,3,2,2,0,0,1,0,0,0,0,0,13.31424836,52.49027642,1,0.0,12 to 16
6,6200314.0,9,17,5,3,6,7,0,1,0,1,0,0,0,0,13.34065759,52.43335797,2,0.5,16 to 20
11,11200513.0,8,17,6,2,6,4,0,1,0,1,0,0,0,0,13.49024608,52.53902364,2,0.5,16 to 20
2,2100105.0,9,10,1,2,5,3,0,1,1,0,0,0,0,0,13.40311069,52.4985392,2,0.5,08 to 12
9,9100407.0,9,15,4,3,5,3,0,1,1,0,0,0,0,1,13.49898595,52.43645706,2,0.5,12 to 16
4,4300416.0,8,18,2,3,2,6,0,1,1,0,0,0,0,0,13.29552263,52.50334769,2,0.5,16 to 20
5,5100317.0,9,14,3,3,5,3,0,0,1,0,0,0,0,0,13.20993344,52.53309413,1,0.0,12 to 16
1,1401045.0,8,17,6,3,5,2,0,1,1,0,0,0,0,0,13.37395639,52.55648523,2,0.5,16 to 20
4,4100101.0,9,15,7,3,5,3,0,0,1,0,0,0,0,0,13.31099926,52.54756686,1,0.0,12 to 16
4,4501041.0,9,12,3,3,3,6,0,1,1,0,0,0,0,0,13.32068177,52.49976404,2,0.5,12 to 16
4,4100101.0,8,17,6,2,5,2,0,0,1,0,0,0,0,0,13.32624894,52.53801288,1,0.0,16 to 20
11,11100102.0,9,21,6,2,1,5,2,0,1,0,0,0,1,0,13.56122516,52.57956169,2,0.0,20 to 24
3,3200205.0,8,16,6,3,6,4,0,0,1,1,0,0,0,0,13.3902575,52.58511286,2,0.0,16 to 20
4,4300518.0,9,7,3,3,5,3,0,1,1,0,0,0,0,0,13.30621591,52.52329042,2,0.5,04 to 08
1,1300835.0,9,13,2,3,0,1,0,0,0,0,1,0,0,1,13.39127436,52.53620227,1,0.0,12 to 16
2,2500832.0,9,8,5,3,3,6,0,1,1,0,0,0,0,1,13.47549768,52.51195826,2,0.5,08 to 12
11,11400929.0,8,16,6,3,1,5,0,1,1,0,0,0,0,0,13.48980458,52.50174558,2,0.5,16 to 20
9,9200715.0,9,18,1,3,2,6,0,1,1,0,0,0,0,0,13.52063561,52.42837203,2,0.5,16 to 20
7,7200409.0,9,9,2,3,5,3,0,1,0,0,0,0,0,0,13.35476452,52.48739398,1,1.0,08 to 12
8,8100520.0,9,15,5,2,6,7,0,0,0,1,1,0,0,0,13.46335291,52.47074908,2,0.0,12 to 16
9,9300920.0,8,15,6,3,1,5,0,1,1,0,0,0,0,0,13.54508945,52.41706408,2,0.5,12 to 16
2,2100101.0,9,2,1,2,0,1,2,0,0,0,0,0,1,0,13.3884385,52.49940044,1,0.0,00 to 04
7,7100103.0,9,18,4,2,2,6,0,1,1,0,0,0,0,1,13.35689892,52.49901891,2,0.5,16 to 20
6,6200311.0,8,17,2,3,2,2,0,0,1,0,0,0,0,0,13.36383028,52.43486644,1,0.0,16 to 20
8,8200832.0,9,13,3,3,5,2,0,1,1,0,0,0,0,0,13.42711486,52.42129598,2,0.5,12 to 16
4,4501045.0,8,14,6,3,5,2,0,1,1,0,0,0,0,0,13.33693583,52.49788854,2,0.5,12 to 16
1,1401049.0,8,14,6,3,2,6,0,0,1,0,0,0,0,0,13.3657779,52.55654532,1,0.0,12 to 16
3,3500935.0,9,14,6,3,4,6,0,1,1,0,0,0,0,0,13.44577384,52.54804735,2,0.5,12 to 16
12,12200412.0,8,14,6,3,2,2,0,0,1,0,0,0,1,0,13.27761614,52.5757352,2,0.0,12 to 16
1,1100206.0,9,18,2,3,5,3,0,1,1,0,0,0,0,0,13.38892963,52.51562095,2,0.5,16 to 20
4,4300416.0,9,21,5,3,0,1,2,0,0,0,1,0,0,1,13.29456947,52.50676125,1,0.0,20 to 24
2,2200210.0,8,14,6,3,5,2,0,1,1,0,0,0,0,0,13.39059156,52.49247877,2,0.5,12 to 16
1,1300733.0,8,17,2,3,0,6,0,0,1,0,1,0,0,1,13.38484136,52.55078015,2,0.0,16 to 20
6,6100206.0,9,11,1,3,0,7,0,0,1,0,0,0,0,0,13.33781567,52.45053353,1,0.0,08 to 12
12,12200515.0,9,15,5,3,5,2,0,1,1,0,0,0,0,0,13.28083204,52.59373812,2,0.5,12 to 16
12,12200515.0,8,17,2,2,0,1,0,1,0,0,0,0,0,1,13.29048874,52.5819816,1,1.0,16 to 20
3,3400619.0,8,14,6,3,5,3,0,0,1,0,1,0,0,0,13.36843386,52.58971033,2,0.0,12 to 16
10,10400939.0,9,22,7,3,5,2,2,0,1,0,0,0,0,0,13.61314286,52.50853402,1,0.0,20 to 24
9,9200512.0,9,20,4,2,5,7,2,1,1,0,0,0,0,0,13.55433491,52.45570156,2,0.5,20 to 24
6,6200314.0,8,17,2,3,5,3,0,1,1,0,0,0,0,0,13.34328784,52.43375098,2,0.5,16 to 20
8,8100209.0,8,13,6,3,5,3,0,1,1,0,0,0,0,0,13.44742082,52.46420692,2,0.5,12 to 16