bez,lor_ab_2021,umonat,ustunde,uwochentag,ukategorie,uart,utyp1,ulichtverh,istrad,istpkw,istfuss,istkrad,istgkfz,istsonstige,ustrzustand,xgcswgs84,ygcswgs84,all_acc,perc_bike_acc,rushhours
7,7300517.0,8,13,6,3,1,5,0,1,1,0,0,0,0,0,13.33365723,52.46985617,2,0.5,12 to 16
8,8200622.0,9,12,6,3,6,2,0,0,1,1,0,0,0,0,13.43506228,52.46091412,2,0.0,12 to 16
4,4300622.0,8,13,6,3,2,6,0,0,1,0,0,0,0,1,13.32253473,52.51180564,1,0.0,12 to 16
3,3400721.0,9,18,3,3,1,5,0,1,1,0,0,0,0,0,13.40265006,52.56498205,2,0.5,16 to 20
1,1100205.0,8,13,6,3,2,6,0,0,1,0,1,0,0,0,13.38249262,52.51317732,2,0.0,12 to 16
4,4500937.0,9,16,4,2,6,4,0,0,1,1,0,0,0,1,13.2941354,52.49773341,2,0.0,16 to 20
11,11300725.0,8,17,2,3,0,4,0,1,0,1,0,0,0,1,13.50572504,52.51785722,2,0.5,16 to 20
11,11300725.0,8,12,6,3,1,7,0,0,1,0,0,0,1,0,13.49624531,52.5182283,2,0.0,12 to 16
3,3200205.0,8,12,6,2,5,2,0,0,1,0,1,0,0,0,13.40155758,52.59295857,2,0.0,12 to 16
3,3500934.0,9,14,6,3,2,7,0,0,1,0,1,0,0,0,13.43560216,52.55649885,2,0.0,12 to 16
8,8100312.0,8,11,6,3,1,5,0,1,1,0,0,0,0,0,13.4388654,52.48438439,2,0.5,08 to 12
1,1100206.0,8,11,6,3,5,2,0,1,1,0,0,0,0,0,13.39377486,52.52031021,2,0.5,08 to 12
9,9501939.0,9,18,2,3,5,7,0,0,1,0,0,0,1,0,13.56965487,52.45280307,2,0.0,16 to 20
1,1100308.0,9,21,5,3,5,7,2,0,0,0,1,0,1,1,13.38299312,52.53061619,2,0.0,20 to 24
10,10200423.0,8,10,6,3,0,1,0,0,0,0,1,0,0,1,13.63081263,52.54011607,1,0.0,08 to 12
10,10200417.0,9,16,1,3,5,3,0,1,1,0,0,0,0,0,13.59067945,52.54706308,2,0.5,16 to 20
1,1100103.0,9,13,5,3,5,3,0,0,1,0,1,0,0,0,13.35218331,52.50550796,2,0.0,12 to 16
10,10300731.0,8,17,2,3,5,2,0,1,1,0,0,0,0,1,13.55703334,52.52516636,2,0.5,16 to 20
1,1300732.0,8,10,6,3,6,4,0,0,1,1,0,0,0,0,13.39109522,52.56332091,2,0.0,08 to 12
1,1100415.0,9,20,7,3,1,5,2,1,1,0,0,0,0,0,13.40102786,52.52999458,2,0.5,20 to 24
1,1401044.0,9,14,4,3,5,3,0,0,1,0,0,0,0,1,13.369806,52.55295231,1,0.0,12 to 16
12,12400723.0,8,17,2,3,5,3,0,0,1,0,0,0,0,1,13.31042982,52.62480103,1,0.0,16 to 20
2,3601452.0,8,8,5,3,3,6,0,0,1,0,0,0,0,0,13.45233316,52.52774846,1,0.0,08 to 12
1,1100308.0,8,7,5,3,0,5,0,1,0,0,0,0,1,0,13.38094048,52.52998047,2,0.5,04 to 08
1,1100310.0,9,11,6,3,1,5,0,1,0,0,0,0,1,1,13.40505285,52.52210384,2,0.5,08 to 12
8,8200623.0,8,12,5,3,5,2,0,1,1,0,0,0,0,1,13.45559736,52.45311786,2,0.5,12 to 16
1,1400942.0,9,22,2,3,5,3,2,0,1,0,0,0,1,0,13.34394846,52.54643529,2,0.0,20 to 24
3,3100102.0,9,17,5,2,6,4,0,0,1,1,0,0,0,0,13.49822528,52.63508183,2,0.0,16 to 20
1,1100103.0,8,18,5,3,5,2,0,1,1,0,0,0,0,0,13.35087016,52.50438934,2,0.5,16 to 20
4,4200206.0,9,12,1,2,5,3,0,1,1,0,0,0,0,0,13.22847484,52.50633832,2,0.5,12 to 16
2,2200210.0,9,8,5,3,5,3,0,1,1,0,0,0,0,0,13.40449403,52.4951633,2,0.5,08 to 12
5,5100105.0,8,16,2,3,2,6,0,0,1,0,0,0,0,0,13.20326653,52.56218997,1,0.0,16 to 20
1,1100101.0,9,15,2,3,5,2,0,0,1,0,0,0,0,0,13.35139769,52.50960982,1,0.0,12 to 16
10,10100316.0,9,18,5,3,5,2,0,1,1,0,0,0,0,0,13.5755737,52.54645435,2,0.5,16 to 20
11,11300722.0,8,14,5,2,5,3,0,0,1,0,0,0,1,0,13.48178484,52.51371134,2,0.0,12 to 16
9,9100306.0,9,14,1,3,2,2,0,0,1,0,0,0,0,0,13.46177062,52.4544294,1,0.0,12 to 16
4,4200310.0,9,11,5,3,5,3,0,0,1,0,0,0,0,0,13.26451915,52.50897028,1,0.0,08 to 12
9,9200715.0,8,16,2,3,2,6,0,0,1,0,0,0,0,0,13.54032937,52.43598139,1,0.0,16 to 20
6,6200421.0,8,20,5,3,2,2,1,0,1,0,0,0,0,0,13.31062455,52.42119536,1,0.0,20 to 24
11,11200411.0,9,12,7,3,0,2,0,1,1,0,0,0,0,1,13.49716123,52.54998249,2,0.5,12 to 16
8,8100520.0,9,8,4,3,0,2,0,1,1,0,0,0,0,0,13.4647855,52.47029988,2,0.5,08 to 12
3,3701554.0,8,16,2,3,1,5,0,1,1,0,0,0,0,0,13.40938149,52.53823537,2,0.5,16 to 20
12,12400722.0,8,20,5,3,0,3,1,0,1,0,1,0,0,0,13.30282081,52.61812305,2,0.0,20 to 24
1,1100206.0,9,9,6,3,0,1,0,0,0,0,1,0,0,1,13.3918136,52.52106425,1,0.0,08 to 12
6,6300632.0,8,19,5,3,5,3,0,1,1,0,0,0,0,0,13.2806249,52.42959923,2,0.5,16 to 20
1,1200522.0,9,18,3,3,3,7,0,1,0,0,0,0,0,0,13.33489804,52.52477457,1,1.0,16 to 20
6,6400838.0,9,11,2,2,3,6,0,1,0,0,0,0,0,0,13.23671279,52.44038713,1,1.0,08 to 12
3,3400829.0,9,16,5,3,0,3,0,0,1,0,1,0,0,0,13.42144766,52.56275575,2,0.0,16 to 20
7,7100101.0,8,19,5,2,5,2,0,1,1,0,0,0,0,0,13.33860409,52.49433784,2,0.5,16 to 20
11,11400927.0,9,19,4,3,2,6,2,0,1,0,0,0,1,1,13.47403002,52.50297122,2,0.0,16 to 20
7,7400927.0,8,15,2,3,5,2,0,1,0,0,0,0,1,0,13.40057821,52.45919409,2,0.5,12 to 16
5,5300736.0,9,21,3,2,5,2,2,0,1,0,0,0,0,0,13.2172733,52.53777903,1,0.0,20 to 24
2,2500831.0,8,15,5,3,0,1,0,1,0,0,0,0,0,0,13.46502177,52.50952814,1,1.0,12 to 16
1,1100311.0,9,14,7,3,6,7,0,0,1,1,0,0,0,0,13.41472805,52.51936995,2,0.0,12 to 16
1,1100206.0,8,11,5,3,0,2,0,1,0,0,0,0,0,0,13.38778622,52.51199887,1,1.0,08 to 12
1,2100101.0,9,20,3,3,5,3,1,1,1,0,0,0,0,0,13.37771301,52.5078079,2,0.5,20 to 24
6,6400842.0,8,17,5,3,2,7,0,0,1,0,1,0,0,0,13.26860746,52.45448622,2,0.0,16 to 20
9,9100101.0,9,3,7,2,1,5,2,0,1,0,1,0,0,0,13.44971808,52.48868402,2,0.0,00 to 04
9,9200819.0,9,7,4,3,6,4,0,0,1,1,0,0,0,1,13.56731223,52.44035473,2,0.0,04 to 08
11,11401137.0,8,17,5,3,1,5,0,0,1,0,1,0,0,0,13.52199432,52.49472748,2,0.0,16 to 20
4,4300416.0,9,6,6,3,5,3,1,1,0,0,1,0,0,1,13.30170476,52.50989021,2,0.5,04 to 08
11,11100204.0,8,16,5,3,0,2,0,1,1,0,0,0,0,0,13.52744872,52.55750818,2,0.5,16 to 20
3,3601346.0,9,0,2,2,1,5,2,1,1,0,0,0,0,0,13.41848387,52.54675351,2,0.5,00 to 04
8,8200726.0,9,15,5,3,5,2,0,1,1,0,0,0,0,0,13.43866738,52.44822823,2,0.5,12 to 16
3,3200207.0,8,16,5,2,5,3,0,0,1,0,0,0,0,0,13.42166073,52.58838124,1,0.0,16 to 20
7,7400927.0,9,19,1,3,5,7,1,0,1,0,1,0,0,0,13.39459496,52.46543731,2,0.0,16 to 20
8,8200623.0,9,17,4,3,2,6,0,0,1,0,0,0,0,1,13.44949995,52.45239159,1,0.0,16 to 20
1,1100310.0,8,14,2,3,5,2,0,1,0,0,0,1,0,0,13.41575977,52.52669175,2,0.5,12 to 16
1,1100313.0,9,19,3,3,5,2,1,1,0,0,0,0,0,0,13.4142734,52.50790621,1,1.0,16 to 20
10,10200418.0,8,16,5,2,6,6,0,1,0,1,0,0,0,0,13.59502566,52.54452696,2,0.5,16 to 20
4,4300622.0,8,16,5,3,5,7,0,1,0,0,1,0,0,0,13.31729494,52.51393174,2,0.5,16 to 20
1,1100207.0,9,16,6,3,5,2,0,1,1,0,0,0,0,0,13.40560284,52.51417192,2,0.5,16 to 20
7,7400720.0,8,16,5,3,5,2,0,1,0,0,1,0,0,0,13.38571966,52.48163831,2,0.5,16 to 20
11,11300722.0,9,16,2,3,8,1,0,0,1,0,0,0,0,0,13.48032055,52.52100319,1,0.0,16 to 20
12,12400722.0,9,7,5,3,5,3,0,1,1,0,0,0,0,0,13.30748899,52.6163357,2,0.5,04 to 08
1,1300834.0,8,16,5,3,0,2,0,1,1,0,0,0,0,0,13.40159182,52.53976,2,0.5,16 to 20
5,5200423.0,9,16,1,3,5,2,0,0,1,0,0,0,0,0,13.14158548,52.53242747,1,0.0,16 to 20
11,11300620.0,9,15,5,3,2,6,0,0,1,0,0,0,0,0,13.48517389,52.53227464,1,0.0,12 to 16
12,12200307.0,8,14,2,3,6,4,0,0,0,1,0,0,1,0,13.32969647,52.57358618,2,0.0,12 to 16
8,8401243.0,8,7,5,3,0,3,0,0,1,0,1,0,0,1,13.49573807,52.43192499,2,0.0,04 to 08
9,9100304.0,9,10,6,3,5,2,0,1,1,0,0,0,0,0,13.48572668,52.46447593,2,0.5,08 to 12
2,2200209.0,8,7,5,3,5,2,0,1,1,0,0,0,0,0,13.38231493,52.48984635,2,0.5,04 to 08
12,12200307.0,8,12,2,3,5,2,0,0,1,0,1,0,0,0,13.32346463,52.57582242,2,0.0,12 to 16
1,1200627.0,9,12,2,3,5,2,0,1,1,0,0,0,0,0,13.35644591,52.52556154,2,0.5,12 to 16
2,2200209.0,9,6,5,3,0,5,0,0,1,0,1,0,0,1,13.38293875,52.48499423,2,0.0,04 to 08
2,2200208.0,8,12,2,3,5,7,0,1,1,0,0,0,0,0,13.38271524,52.49699083,2,0.5,12 to 16
7,7400928.0,8,0,5,3,2,2,2,1,1,0,0,0,0,1,13.42146215,52.46527678,2,0.5,00 to 04
12,12500927.0,9,1,7,3,3,6,2,1,1,0,0,0,0,0,13.32329144,52.60336825,2,0.5,00 to 04
11,11200410.0,9,15,4,3,4,6,0,1,0,0,0,0,0,0,13.51627137,52.55192897,1,1.0,12 to 16
4,4100101.0,8,11,2,2,5,2,0,0,1,0,1,0,0,0,13.32610463,52.53837732,2,0.0,08 to 12
5,5100317.0,8,15,5,3,2,6,0,0,1,0,0,0,1,0,13.23996937,52.52626735,2,0.0,12 to 16
1,1100101.0,8,7,5,3,6,7,0,0,0,1,0,0,1,0,13.34218959,52.5049337,2,0.0,04 to 08
10,10200627.0,9,14,6,2,6,4,0,0,1,1,0,0,0,0,13.5888863,52.52675788,2,0.0,12 to 16
3,3400619.0,8,14,5,3,1,5,0,1,1,0,0,0,0,0,13.3637346,52.58510698,2,0.5,12 to 16
7,7601442.0,8,0,5,3,5,3,2,0,1,0,0,0,0,1,13.39269657,52.41257641,1,0.0,00 to 04
4,4501042.0,9,16,2,3,5,3,0,1,1,0,0,0,0,0,13.33090111,52.50041404,2,0.5,16 to 20
1,1200629.0,9,20,5,3,5,2,2,1,1,0,0,0,0,0,13.33971042,52.51891412,2,0.5,20 to 24
5,5100105.0,8,14,5,3,2,6,0,0,1,0,0,0,0,1,13.20648593,52.55568973,1,0.0,12 to 16
4,4200311.0,9,15,1,3,0,1,0,0,1,0,1,0,0,0,13.28096045,52.51281249,2,0.0,12 to 16
3,3200205.0,9,13,5,3,5,2,0,1,1,0,0,0,0,0,13.39841355,52.59242586,2,0.5,12 to 16
1,1100206.0,8,11,2,3,5,3,0,0,1,0,0,0,0,0,13.39312432,52.51501402,1,0.0,08 to 12
5,5300839.0,8,14,5,3,5,3,0,1,1,0,0,0,0,0,13.26234944,52.54132209,2,0.5,12 to 16
1,1100206.0,9,18,7,3,2,7,0,0,0,0,1,0,1,1,13.39107756,52.52208138,2,0.0,16 to 20
10,10400836.0,9,9,4,2,5,2,0,1,1,0,0,0,0,0,13.58725653,52.51114364,2,0.5,08 to 12
8,8200831.0,8,10,2,3,5,3,0,1,1,0,0,0,0,0,13.40606481,52.41576049,2,0.5,08 to 12
1,1200626.0,8,13,5,3,5,2,0,0,1,0,0,0,0,0,13.3538957,52.52394023,1,0.0,12 to 16
11,11400931.0,9,10,6,3,6,7,0,0,1,1,0,0,0,1,13.51389786,52.50548884,2,0.0,08 to 12
1,1100415.0,9,22,7,3,5,2,2,1,0,0,1,0,0,0,13.39743663,52.52965774,2,0.5,20 to 24
6,6400844.0,9,14,4,3,5,3,0,0,1,0,0,0,0,1,13.28171912,52.46307899,1,0.0,12 to 16
8,8401243.0,8,10,2,3,5,5,0,1,1,0,0,0,0,0,13.50971225,52.42299248,2,0.5,08 to 12
5,5100101.0,8,13,5,3,0,1,0,1,0,0,0,0,0,0,13.19189537,52.56752168,1,1.0,12 to 16
6,6300525.0,8,13,5,3,8,1,0,0,1,0,0,0,0,0,13.25960148,52.41359564,1,0.0,12 to 16
12,12400723.0,9,12,6,3,0,3,0,1,0,0,1,0,0,1,13.30582574,52.62041454,2,0.5,12 to 16
7,7400826.0,8,12,5,3,5,2,0,0,1,0,0,0,1,0,13.37669626,52.4541868,2,0.0,12 to 16
8,8100417.0,8,12,5,3,6,4,0,0,1,1,0,0,0,0,13.45589488,52.473907,2,0.0,12 to 16
6,6300527.0,9,15,2,3,5,3,0,0,1,0,0,0,0,0,13.27419922,52.4353735,1,0.0,12 to 16
8,8100102.0,9,18,5,2,2,6,0,0,1,0,0,0,0,0,13.41593834,52.48056941,1,0.0,16 to 20
6,6100103.0,8,11,5,3,6,2,0,0,0,1,0,1,0,0,13.3250847,52.46169363,2,0.0,08 to 12
4,4501045.0,9,13,1,2,3,6,0,0,1,0,0,0,1,0,13.33103874,52.49509814,2,0.0,12 to 16
7,7300517.0,9,9,5,3,5,3,0,1,1,0,0,0,0,0,13.33273003,52.47546945,2,0.5,08 to 12
1,1100313.0,8,10,2,3,1,5,0,1,1,0,0,0,0,0,13.42394336,52.50902135,2,0.5,08 to 12
12,12601236.0,8,10,5,3,4,6,0,0,1,0,0,0,0,0,13.34622569,52.59728076,1,0.0,08 to 12
4,4300416.0,9,12,7,3,2,6,0,1,1,0,0,0,0,1,13.30003207,52.5047467,2,0.5,12 to 16
9,9300920.0,9,8,4,3,0,1,0,1,0,0,0,0,0,1,13.54108642,52.41954453,1,1.0,08 to 12
1,1300836.0,8,10,2,2,5,3,0,0,1,0,1,0,0,0,13.37560818,52.5402368,2,0.0,08 to 12
4,4400727.0,8,9,5,3,2,6,0,0,1,0,0,0,0,0,13.286124,52.4801803,1,0.0,08 to 12
2,2300417.0,9,8,6,3,3,6,0,0,1,0,1,0,0,1,13.42908351,52.49848967,2,0.0,08 to 12
4,4200308.0,8,8,5,3,5,2,0,1,1,0,0,0,0,0,13.27188644,52.51944888,2,0.5,08 to 12
8,8100209.0,9,11,2,3,5,3,0,0,1,0,0,0,0,0,13.43647279,52.46696276,1,0.0,08 to 12
7,7501029.0,9,16,5,3,2,2,0,0,1,0,0,0,0,0,13.37510004,52.43711952,1,0.0,16 to 20
8,8200832.0,8,7,5,3,5,2,0,1,0,0,0,1,0,0,13.41680919,52.41816889,2,0.5,04 to 08
2,2200210.0,8,7,5,2,5,3,0,0,1,0,0,0,0,0,13.39491272,52.49331474,1,0.0,04 to 08
12,12400722.0,9,13,2,3,5,3,0,1,1,0,0,0,0,0,13.30404562,52.61944762,2,0.5,12 to 16
4,4400833.0,9,17,5,3,6,4,0,1,0,1,0,0,0,0,13.30281636,52.47285804,2,0.5,16 to 20
1,1100309.0,8,5,5,3,5,2,2,1,1,0,0,0,0,0,13.40707771,52.52344071,2,0.5,04 to 08
1,1100206.0,9,11,1,2,5,2,0,1,1,0,0,0,0,0,13.39073323,52.51723131,2,0.5,08 to 12
5,5300737.0,9,16,4,3,6,4,0,0,1,1,0,0,0,1,13.24721941,52.54236915,2,0.0,16 to 20
11,11300620.0,8,10,2,3,6,4,0,0,1,1,0,0,0,0,13.47949759,52.52686342,2,0.0,08 to 12
1,1100206.0,9,12,3,3,5,3,0,1,1,0,0,0,0,0,13.38368886,52.51828695,2,0.5,12 to 16
4,4500937.0,8,18,4,3,3,6,0,1,1,0,0,0,0,0,13.29179017,52.49720761,2,0.5,16 to 20
1,1200628.0,9,0,7,3,0,2,2,0,1,0,1,0,0,0,13.36587654,52.52527011,2,0.0,00 to 04
3,3200207.0,9,11,4,2,5,3,0,0,1,0,0,1,0,1,13.41932797,52.59141739,2,0.0,08 to 12
8,8401243.0,9,18,3,3,3,6,0,1,0,0,0,0,1,0,13.49627294,52.43253533,2,0.5,16 to 20
1,1100415.0,8,9,4,3,5,2,0,1,1,0,0,0,0,0,13.39602983,52.53243075,2,0.5,08 to 12
5,5300736.0,9,13,6,3,2,6,0,0,1,0,0,0,0,0,13.2217999,52.5369128,1,0.0,12 to 16
2,2500727.0,8,11,4,3,5,2,0,1,1,0,0,0,0,0,13.46043556,52.51592014,2,0.5,08 to 12
7,7300619.0,9,18,3,3,2,6,0,0,1,0,0,0,0,0,13.35461722,52.47338224,1,0.0,16 to 20
3,3200310.0,9,13,2,3,5,2,0,1,1,0,0,0,0,0,13.42463969,52.60741556,2,0.5,12 to 16
6,6200313.0,9,8,5,3,5,2,0,1,0,0,0,0,1,1,13.34789161,52.4352081,2,0.5,08 to 12
1,1300733.0,8,16,4,3,5,2,0,1,1,0,0,0,0,1,13.38168117,52.55226423,2,0.5,16 to 20
3,3500936.0,9,18,1,3,1,5,0,1,1,0,0,0,0,0,13.46637163,52.55030566,2,0.5,16 to 20
4,4300624.0,9,17,4,3,5,3,0,0,1,0,0,0,0,1,13.31775785,52.50754798,1,0.0,16 to 20
5,5100101.0,8,16,2,3,1,5,0,0,1,0,1,0,0,1,13.2121228,52.56984376,2,0.0,16 to 20
9,9100407.0,8,23,4,2,8,1,2,0,0,0,1,0,0,1,13.49977159,52.45700503,1,0.0,20 to 24
8,8300935.0,8,21,4,3,2,6,2,1,1,0,0,0,0,1,13.45266564,52.42900253,2,0.5,20 to 24
1,1100103.0,9,13,6,3,5,2,0,0,1,0,0,0,0,0,13.35304186,52.50234929,1,0.0,12 to 16
9,9100202.0,9,11,4,3,5,2,0,1,1,0,0,0,0,1,13.45830821,52.48581095,2,0.5,08 to 12
2,2300314.0,9,14,5,2,1,5,0,1,0,0,0,0,1,0,13.41852735,52.50149175,2,0.5,12 to 16
6,6100102.0,9,17,4,3,2,6,0,0,1,0,0,0,0,0,13.32387375,52.4602578,1,0.0,16 to 20
9,9200715.0,9,22,5,3,5,2,2,0,1,0,0,0,0,0,13.52690216,52.4377166,1,0.0,20 to 24
6,6200313.0,9,17,1,3,5,2,0,1,1,0,0,0,0,0,13.34564432,52.4362128,2,0.5,16 to 20
2,2500727.0,9,9,3,3,2,7,0,0,1,0,0,0,1,0,13.46206138,52.51900778,2,0.0,08 to 12
1,3701554.0,9,14,7,3,3,6,0,1,1,0,0,0,0,0,13.40831965,52.53448241,2,0.5,12 to 16
3,3300413.0,9,15,4,3,3,6,0,1,1,0,0,0,0,0,13.47397993,52.60377406,2,0.5,12 to 16
7,7200308.0,9,14,6,3,5,2,0,1,1,0,0,0,0,0,13.34498562,52.48460621,2,0.5,12 to 16
9,9501939.0,9,16,4,3,4,6,0,1,0,0,0,0,0,0,13.55848615,52.45464581,1,1.0,16 to 20
1,1100312.0,9,8,2,2,5,2,0,1,0,0,0,1,0,0,13.41642065,52.51093728,2,0.5,08 to 12
11,11100205.0,9,16,4,3,5,3,0,1,0,0,1,0,0,0,13.51451857,52.57116228,2,0.5,16 to 20
7,7200409.0,9,12,1,3,0,7,0,0,1,0,0,0,1,0,13.35538867,52.48668323,2,0.0,12 to 16
4,4500937.0,9,18,3,3,2,6,0,1,1,0,0,0,0,0,13.28703819,52.49575655,2,0.5,16 to 20
4,4501041.0,9,21,6,3,0,1,2,0,0,0,1,0,0,0,13.32147212,52.50183451,1,0.0,20 to 24
6,6300525.0,9,17,2,3,2,6,0,0,1,0,0,0,0,0,13.26878638,52.40490683,1,0.0,16 to 20
8,8200832.0,9,12,3,3,1,5,0,1,1,0,0,0,0,0,13.43526487,52.42593802,2,0.5,12 to 16
12,12200309.0,9,9,6,3,5,2,0,1,1,0,0,0,0,0,13.33072481,52.56258789,2,0.5,08 to 12
7,7400720.0,9,20,2,2,4,6,1,0,1,0,0,0,0,0,13.3711102,52.48404266,1,0.0,20 to 24
3,3701556.0,9,7,6,3,6,7,0,1,0,1,0,0,0,0,13.41730243,52.53126645,2,0.5,04 to 08
12,12400619.0,9,15,4,3,4,6,0,0,1,0,0,0,0,0,13.25163291,52.59704534,1,0.0,12 to 16
12,12200515.0,9,10,2,3,6,3,0,0,1,1,0,0,0,0,13.28580531,52.59242524,2,0.0,08 to 12
9,9200819.0,9,14,4,3,3,6,0,1,0,0,0,0,0,0,13.57108603,52.44444472,1,1.0,12 to 16
9,9200819.0,9,7,1,3,1,5,0,0,1,0,0,0,0,0,13.57139514,52.4339037,1,0.0,04 to 08
8,8100208.0,9,16,3,3,0,7,0,0,1,0,1,0,0,0,13.44164753,52.46969476,2,0.0,16 to 20
5,5300737.0,9,18,6,2,6,4,0,0,1,1,0,0,0,0,13.23777411,52.54585575,2,0.0,16 to 20
2,2400623.0,9,18,2,3,1,5,0,1,1,0,0,0,0,0,13.42729987,52.51146496,2,0.5,16 to 20
11,11401136.0,9,12,5,3,1,5,0,1,1,0,0,0,0,0,13.50970173,52.50166546,2,0.5,12 to 16
7,7300619.0,9,21,4,2,5,3,2,1,1,0,0,0,0,0,13.35984255,52.47548319,2,0.5,20 to 24
2,2300315.0,9,20,5,3,5,3,1,0,1,0,1,0,0,0,13.43204847,52.49944118,2,0.0,20 to 24
6,6400838.0,9,12,1,3,5,3,0,0,1,0,0,0,0,0,13.24188749,52.44438689,1,0.0,12 to 16
8,8401139.0,9,13,4,3,4,2,0,0,1,0,1,0,0,0,13.45659202,52.43157937,2,0.0,12 to 16
2,2200211.0,9,2,6,3,1,5,2,0,1,0,0,0,1,0,13.39428492,52.49101103,2,0.0,00 to 04
4,4501042.0,9,13,4,3,0,2,0,1,1,0,0,0,0,0,13.33247219,52.50605002,2,0.5,12 to 16
11,11200513.0,9,13,2,3,0,2,0,1,1,0,0,0,0,0,13.48926649,52.54241101,2,0.5,12 to 16
2,2200210.0,9,13,4,3,5,3,0,0,1,0,1,0,1,0,13.3951457,52.49518129,3,0.0,12 to 16
6,6400735.0,9,14,7,2,5,3,0,1,1,0,0,0,0,0,13.17594591,52.41955465,2,0.5,12 to 16
7,7400822.0,9,15,3,2,6,4,0,0,1,1,0,0,0,0,13.36167462,52.45606168,2,0.0,12 to 16
7,7100205.0,9,13,6,2,2,2,0,0,1,0,1,0,0,0,13.36211667,52.49794559,2,0.0,12 to 16
1,1100207.0,9,15,2,3,0,3,0,1,0,0,1,0,0,0,13.40592289,52.5139253,2,0.5,12 to 16
1,1100309.0,9,15,5,3,1,5,0,0,1,0,0,0,1,0,13.3926794,52.52461385,2,0.0,12 to 16
9,9100304.0,9,20,4,3,5,2,2,0,1,0,0,0,1,0,13.48116515,52.46079448,2,0.0,20 to 24
1,1300732.0,9,20,5,3,6,4,1,0,1,1,0,0,0,0,13.3919891,52.56379706,2,0.0,20 to 24
2,2200210.0,9,20,1,3,5,3,2,0,1,0,0,0,0,0,13.40444708,52.49520871,1,0.0,20 to 24
6,6200422.0,9,9,3,3,5,3,0,0,1,0,0,0,0,0,13.32733839,52.42254718,1,0.0,08 to 12
9,9200512.0,9,15,7,3,3,6,0,0,1,0,1,0,0,0,13.55105284,52.45643995,2,0.0,12 to 16
3,3701660.0,9,11,4,3,0,7,0,1,0,0,0,0,0,0,13.42522485,52.52817321,1,1.0,08 to 12
3,3701554.0,9,7,6,3,5,2,0,1,1,0,0,0,0,0,13.41101761,52.5306177,2,0.5,04 to 08
6,6300526.0,9,18,7,2,5,3,0,1,1,0,0,0,0,0,13.25600084,52.43586001,2,0.5,16 to 20
3,3601141.0,9,11,2,3,5,3,0,0,1,0,0,0,1,0,13.41433483,52.55137877,2,0.0,08 to 12
9,9100407.0,9,14,6,3,0,3,0,0,1,0,0,0,1,0,13.50810026,52.45030605,2,0.0,12 to 16
11,11300826.0,9,12,2,3,5,2,0,0,1,0,1,0,0,0,13.48776786,52.51090926,2,0.0,12 to 16
1,1100102.0,9,13,5,3,6,4,0,0,1,1,0,0,0,0,13.35293921,52.51625474,2,0.0,12 to 16
1,1100102.0,9,11,4,3,2,2,0,1,0,0,0,0,1,0,13.35773141,52.50644328,2,0.5,08 to 12
7,7400927.0,9,19,5,3,5,7,1,0,1,0,0,0,0,0,13.39644847,52.46532584,1,0.0,16 to 20
12,12601032.0,9,16,1,3,2,6,0,0,1,0,0,0,0,0,13.33154021,52.6100528,1,0.0,16 to 20
8,8300934.0,9,11,3,3,2,6,0,0,1,0,0,0,0,0,13.46683484,52.42849981,1,0.0,08 to 12
5,5300735.0,9,13,7,3,5,3,0,1,1,0,0,0,0,0,13.23391788,52.55141774,2,0.5,12 to 16
10,10100313.0,9,10,4,3,5,2,0,0,1,0,0,0,1,0,13.54978419,52.54287477,2,0.0,08 to 12
3,3200205.0,9,5,6,3,5,3,2,1,1,0,0,0,0,0,13.40182787,52.58734022,2,0.5,04 to 08
9,9100203.0,9,9,4,3,5,2,0,0,1,0,0,0,0,0,13.47875344,52.47759436,1,0.0,08 to 12
8,8401244.0,9,7,2,3,5,3,0,1,0,0,0,0,1,0,13.49679738,52.41566845,2,0.5,04 to 08
5,5200629.0,9,9,4,3,6,4,0,0,0,1,0,0,1,0,13.18839522,52.53432244,2,0.0,08 to 12
7,7400720.0,9,9,4,3,5,7,0,0,1,0,0,0,1,0,13.38434051,52.48410957,2,0.0,08 to 12
7,7300619.0,9,9,2,3,0,1,0,1,0,0,0,0,0,0,13.34817167,52.4589323,1,1.0,08 to 12
2,2200213.0,9,11,5,2,1,5,0,1,1,0,0,0,0,0,13.41181679,52.49213314,2,0.5,08 to 12
5,5200423.0,9,8,4,3,2,2,0,0,1,0,0,0,0,0,13.15856821,52.53153618,1,0.0,08 to 12
2,2300418.0,9,13,1,3,5,3,0,1,1,0,0,0,0,0,13.4436865,52.49411783,2,0.5,12 to 16
11,11300616.0,9,17,3,2,0,1,0,1,0,0,0,0,0,0,13.47020435,52.53512894,1,1.0,16 to 20
9,9200819.0,9,16,6,3,5,2,0,1,1,0,0,0,0,0,13.5697022,52.44201918,2,0.5,16 to 20
3,3300514.0,9,18,2,2,5,2,0,0,1,0,1,0,0,0,13.46695634,52.5967149,2,0.0,16 to 20
1,1401049.0,9,14,6,3,0,2,0,1,1,0,0,0,0,0,13.3657224,52.55713266,2,0.5,12 to 16