bez,lor_ab_2021,umonat,ustunde,uwochentag,ukategorie,uart,utyp1,ulichtverh,istrad,istpkw,istfuss,istkrad,istgkfz,istsonstige,ustrzustand,xgcswgs84,ygcswgs84,all_acc,perc_bike_acc,rushhours
9,9100408.0,9,8,4,3,5,3,0,0,1,0,0,0,1,0,13.511433,52.44602792,2,0.0,08 to 12
6,6200312.0,9,12,2,3,5,2,0,0,1,0,0,0,0,0,13.33881515,52.44437538,1,0.0,12 to 16
4,4300622.0,9,8,4,2,2,6,0,0,1,0,0,0,1,0,13.31679789,52.51408943,2,0.0,08 to 12
8,8100313.0,9,15,1,3,1,5,0,1,1,0,0,0,0,0,13.44558844,52.48583108,2,0.5,12 to 16
1,1200518.0,9,15,3,2,5,2,0,0,1,0,1,0,0,0,13.32859935,52.5311334,2,0.0,12 to 16
5,5100101.0,9,17,6,3,0,1,1,1,0,0,0,0,0,0,13.20920728,52.58063592,1,1.0,16 to 20
1,1100101.0,9,11,1,3,0,1,0,1,0,0,0,0,0,0,13.35201237,52.50816137,1,1.0,08 to 12
1,1300835.0,9,18,3,3,5,3,0,1,1,0,0,0,0,0,13.38006741,52.54053532,2,0.5,16 to 20
4,4501146.0,9,18,6,3,0,2,0,0,1,0,1,0,0,0,13.32022081,52.48375698,2,0.0,16 to 20
9,9200510.0,9,16,2,3,1,5,0,1,1,0,0,0,0,0,13.50855787,52.46689405,2,0.5,16 to 20
8,8200624.0,9,16,5,2,0,7,0,1,0,0,0,0,0,1,13.42489914,52.45791803,1,1.0,16 to 20
2,2100101.0,9,8,4,3,0,1,0,1,0,0,0,0,0,0,13.38630096,52.50145203,1,1.0,08 to 12
5,5200630.0,9,13,2,3,1,5,0,0,1,0,0,0,1,0,13.19122689,52.52088667,2,0.0,12 to 16
11,11501340.0,9,6,4,3,5,2,0,1,1,0,0,0,0,0,13.52546987,52.48155537,2,0.5,04 to 08
1,1100309.0,9,20,7,3,2,2,1,1,1,0,0,0,0,0,13.39382623,52.52853729,2,0.5,20 to 24
10,10100312.0,9,15,2,3,0,2,0,1,0,0,0,0,1,0,13.54012811,52.52566483,2,0.5,12 to 16
1,1100308.0,9,12,6,3,5,7,0,1,1,0,0,0,0,0,13.38056808,52.52844875,2,0.5,12 to 16
3,3500934.0,9,14,2,3,5,3,0,1,1,0,0,0,0,0,13.43940874,52.55566765,2,0.5,12 to 16
3,3200310.0,9,14,5,3,5,2,0,1,1,0,0,0,0,0,13.4292066,52.60815207,2,0.5,12 to 16
11,11300617.0,9,5,4,2,6,4,1,0,0,1,1,0,0,0,13.46211274,52.52973029,2,0.0,04 to 08
7,7300516.0,9,18,5,3,1,5,0,1,1,0,0,0,0,0,13.33124179,52.4677758,2,0.5,16 to 20
1,1100309.0,9,20,1,3,5,7,2,0,1,0,0,0,1,0,13.39809522,52.52721603,2,0.0,20 to 24
1,1100207.0,9,16,2,3,2,6,0,0,1,0,0,0,0,0,13.40070281,52.51012218,1,0.0,16 to 20
9,9200715.0,9,6,5,2,5,2,0,0,1,0,1,0,0,0,13.52264924,52.42666082,2,0.0,04 to 08
5,5300736.0,9,14,3,2,1,7,0,0,1,0,0,0,1,0,13.2196161,52.53898422,2,0.0,12 to 16
1,1200518.0,9,18,5,3,2,6,0,0,1,0,0,0,1,0,13.32855123,52.53095396,2,0.0,16 to 20
2,2200209.0,9,19,1,3,5,3,0,1,0,0,0,0,1,0,13.38269106,52.49117876,2,0.5,16 to 20
4,4501041.0,9,18,7,3,5,2,0,1,1,0,0,0,0,0,13.32166963,52.50186486,2,0.5,16 to 20
4,4501042.0,9,10,5,3,1,5,0,1,1,0,0,0,0,0,13.33785224,52.50505537,2,0.5,08 to 12
2,2300316.0,9,21,2,3,1,5,2,1,1,0,0,0,0,0,13.42907641,52.50698481,2,0.5,20 to 24
2,2400521.0,9,11,6,3,5,2,0,1,1,0,0,0,0,0,13.42993047,52.52305143,2,0.5,08 to 12
5,5400943.0,9,8,2,3,5,3,0,1,1,0,0,0,0,0,13.12854814,52.46581653,2,0.5,08 to 12
5,5100316.0,9,12,5,3,0,1,0,0,0,0,1,0,0,0,13.20267584,52.53796916,1,0.0,12 to 16
11,11300721.0,9,12,3,3,5,2,0,1,1,0,0,0,0,0,13.50772105,52.53471192,2,0.5,12 to 16
5,5100316.0,9,18,5,3,3,6,1,0,1,0,1,0,0,0,13.2041868,52.54054934,2,0.0,16 to 20
1,1100309.0,9,15,1,2,0,6,0,1,1,0,0,0,0,0,13.4012368,52.52675576,2,0.5,12 to 16
3,3701556.0,9,9,5,3,5,3,0,0,1,0,1,0,0,0,13.41466458,52.53328552,2,0.0,08 to 12
1,1100310.0,9,12,3,2,5,3,0,0,1,0,0,0,1,0,13.41058306,52.51601622,2,0.0,12 to 16
10,10100316.0,9,8,7,2,6,4,0,0,0,1,0,0,1,0,13.58548418,52.54970134,2,0.0,08 to 12
6,6300524.0,9,10,5,3,6,3,0,0,1,1,0,0,0,0,13.2444827,52.42586437,2,0.0,08 to 12
8,8100417.0,9,9,3,3,2,2,0,0,1,0,1,0,0,0,13.45584078,52.47382819,2,0.0,08 to 12
8,8401241.0,9,14,7,3,2,2,0,0,1,0,0,0,0,0,13.48323781,52.42568994,1,0.0,12 to 16
12,12400720.0,9,12,3,3,1,5,0,1,0,0,0,0,1,0,13.28227126,52.63870088,2,0.5,12 to 16
5,5300737.0,9,10,6,3,0,6,0,0,1,0,0,0,1,0,13.23836023,52.54251582,2,0.0,08 to 12
1,1100205.0,9,12,3,3,2,6,0,1,0,0,0,0,0,0,13.38093044,52.51618765,1,1.0,12 to 16
3,3300517.0,9,9,2,3,5,3,0,1,1,0,0,0,0,0,13.4644384,52.57043241,2,0.5,08 to 12
1,1200522.0,9,10,5,3,5,2,0,0,1,0,0,0,0,0,13.32968636,52.52377319,1,0.0,08 to 12
7,7400822.0,9,11,3,2,2,6,0,0,0,0,1,0,1,0,13.36946386,52.45671996,2,0.0,08 to 12
4,4200310.0,9,13,1,3,6,4,0,0,1,1,0,0,0,0,13.2611542,52.51617614,2,0.0,12 to 16
7,7601544.0,9,9,5,3,5,2,0,0,1,0,0,0,0,0,13.40677871,52.39376832,1,0.0,08 to 12
2,2100104.0,9,19,3,3,1,5,0,1,1,0,0,0,0,0,13.41009349,52.50281347,2,0.5,16 to 20
9,9501737.0,9,21,6,2,7,7,2,0,0,0,1,0,0,0,13.64307585,52.45602324,1,0.0,20 to 24
3,3701555.0,9,17,2,2,5,2,0,1,1,0,0,0,0,0,13.42013288,52.53818231,2,0.5,16 to 20
4,4300517.0,9,23,6,3,5,3,2,1,1,0,0,0,0,0,13.30290608,52.53031726,2,0.5,20 to 24
3,3400620.0,9,11,3,3,3,2,0,1,1,0,0,0,0,0,13.38360893,52.57269488,2,0.5,08 to 12
5,5200420.0,9,14,2,3,5,3,0,1,1,0,0,0,0,0,13.16274727,52.53346334,2,0.5,12 to 16
2,2100101.0,9,20,2,2,1,5,2,1,1,0,0,0,0,0,13.38797681,52.50276601,2,0.5,20 to 24
1,1100309.0,9,9,6,3,0,1,0,1,0,0,0,0,0,0,13.40912632,52.52838274,1,1.0,08 to 12
7,7200409.0,9,10,3,3,2,7,0,1,1,0,0,0,0,0,13.35358477,52.48881079,2,0.5,08 to 12
4,4300517.0,9,7,2,3,2,2,0,0,1,0,0,0,0,0,13.30373993,52.52552512,1,0.0,04 to 08
12,12500926.0,9,10,3,3,5,2,0,0,1,0,0,0,0,0,13.33410806,52.58973891,1,0.0,08 to 12
5,5200629.0,9,9,1,3,5,3,0,1,0,0,0,0,0,0,13.19381429,52.53368414,1,1.0,08 to 12
2,2400521.0,9,9,5,3,5,2,0,1,1,0,0,0,0,0,13.42869085,52.51891748,2,0.5,08 to 12
7,7601544.0,9,17,3,2,5,2,0,0,1,0,0,0,0,0,13.40655073,52.39376359,1,0.0,16 to 20
5,5400942.0,9,18,6,3,0,2,0,1,1,0,0,0,0,0,13.18286856,52.48574664,2,0.5,16 to 20
5,5200633.0,9,16,2,3,2,6,0,0,1,0,1,0,0,0,13.18864639,52.52143508,2,0.0,16 to 20
11,11300724.0,9,8,5,3,5,3,0,1,1,0,0,0,0,0,13.49069934,52.51523176,2,0.5,08 to 12
5,5200420.0,9,9,3,3,5,3,0,0,1,0,0,0,0,0,13.15698226,52.5392285,1,0.0,08 to 12
2,2400521.0,9,17,5,3,5,2,0,1,1,0,0,0,0,0,13.42869775,52.51893444,2,0.5,16 to 20
4,4200310.0,9,12,2,3,0,6,0,0,0,0,1,0,0,0,13.27149901,52.51011787,1,0.0,12 to 16
1,1401046.0,9,9,3,3,0,6,0,0,1,0,1,0,0,0,13.34796053,52.54130802,2,0.0,08 to 12
4,4501042.0,9,19,7,2,5,3,1,0,1,0,0,0,1,0,13.33772453,52.50387276,2,0.0,16 to 20
3,3200207.0,9,10,2,3,5,3,0,0,1,0,0,0,0,0,13.40711292,52.58634127,1,0.0,08 to 12
3,3701554.0,9,9,3,3,5,2,0,1,1,0,0,0,0,0,13.41105138,52.53064206,2,0.5,08 to 12
9,9200715.0,9,15,7,2,4,6,0,1,0,0,0,0,0,0,13.55197472,52.42811715,1,1.0,12 to 16
9,9401432.0,9,15,3,3,2,2,0,0,1,0,0,0,0,0,13.59349829,52.44338441,1,0.0,12 to 16
7,7100102.0,9,17,6,3,5,2,0,0,1,0,0,0,0,0,13.34624714,52.5010527,1,0.0,16 to 20
12,12200515.0,9,15,2,3,2,6,0,0,1,0,0,0,0,0,13.28179563,52.59222226,1,0.0,12 to 16
9,9401534.0,9,15,5,3,5,3,0,1,1,0,0,0,0,0,13.57551195,52.44748283,2,0.5,12 to 16
6,6400840.0,9,8,3,3,5,2,0,0,1,0,0,0,0,0,13.25407414,52.45082736,1,0.0,08 to 12
4,4300517.0,9,17,5,3,5,2,0,0,1,0,0,0,0,0,13.29643491,52.52926971,1,0.0,16 to 20
6,6100103.0,9,22,1,2,2,6,2,0,1,0,0,0,1,0,13.31451704,52.46499973,2,0.0,20 to 24
1,1200628.0,9,9,5,3,6,4,0,1,0,1,0,0,0,0,13.37060892,52.52339,2,0.5,08 to 12
1,1100206.0,9,9,3,3,2,6,0,1,1,0,0,0,0,0,13.38645613,52.51191717,2,0.5,08 to 12
1,1100311.0,9,15,7,3,2,1,0,1,0,0,0,0,0,0,13.42107879,52.51748065,1,1.0,12 to 16
4,4501042.0,9,8,5,3,5,7,0,1,1,0,0,0,0,0,13.3403497,52.50400254,2,0.5,08 to 12
1,1100312.0,9,10,6,2,3,6,0,1,1,0,0,0,0,0,13.41419241,52.51131554,2,0.5,08 to 12
1,1400937.0,9,10,2,3,2,2,0,0,1,0,0,0,1,0,13.33502956,52.56014264,2,0.0,08 to 12
10,10300731.0,9,12,5,3,3,6,0,0,1,0,0,0,1,0,13.56557971,52.52941797,2,0.0,12 to 16
10,10200423.0,9,15,6,3,2,2,0,0,1,0,0,0,0,0,13.61980083,52.53942682,1,0.0,12 to 16
10,10100206.0,9,14,2,3,6,4,0,0,1,1,0,0,0,0,13.56105834,52.55933887,2,0.0,12 to 16
2,2500726.0,9,13,5,3,6,2,0,0,1,1,0,0,0,0,13.45063775,52.52740477,2,0.0,12 to 16
5,5200528.0,9,8,3,3,5,3,0,0,1,0,0,0,0,0,13.16243577,52.52012427,1,0.0,08 to 12
5,5100211.0,9,17,5,3,2,6,0,1,1,0,0,0,0,0,13.17644739,52.53968075,2,0.5,16 to 20
6,6300526.0,9,17,1,3,5,3,0,0,1,0,1,0,0,0,13.25628834,52.42886606,2,0.0,16 to 20
1,1200629.0,9,10,3,3,5,2,0,0,1,0,0,0,0,0,13.34204317,52.51790571,1,0.0,08 to 12
4,4300518.0,9,14,7,3,5,2,0,1,1,0,0,0,0,0,13.30597854,52.52563684,2,0.5,12 to 16
1,1400938.0,9,8,3,3,6,6,0,1,0,1,0,0,0,0,13.34340052,52.55316603,2,0.5,08 to 12
8,8100102.0,9,10,6,3,3,6,0,1,1,0,0,0,0,0,13.42638607,52.47702332,2,0.5,08 to 12
5,5100316.0,9,6,3,3,0,2,0,0,1,0,0,0,1,0,13.20069402,52.53873991,2,0.0,04 to 08
9,9200715.0,9,8,2,3,5,2,0,1,1,0,0,0,0,0,13.54654619,52.4263639,2,0.5,08 to 12
2,2500729.0,9,2,3,2,0,1,2,0,0,0,0,0,1,0,13.47252413,52.51504997,1,0.0,00 to 04
4,4400833.0,9,12,1,3,6,7,0,0,1,1,0,0,0,0,13.30818523,52.47425767,2,0.0,12 to 16
2,2500835.0,9,8,5,3,8,1,0,0,0,0,1,0,0,0,13.45698657,52.5023304,1,0.0,08 to 12
9,9501737.0,9,18,3,3,5,2,0,1,1,0,0,0,0,0,13.62430937,52.44684986,2,0.5,16 to 20
7,7100205.0,9,20,3,2,3,6,1,0,1,0,1,0,0,0,13.367596,52.49337017,2,0.0,20 to 24
12,12200309.0,9,13,1,3,3,6,0,0,1,0,0,0,1,0,13.32004008,52.56596787,2,0.0,12 to 16
12,12100205.0,9,12,3,3,0,1,0,0,0,0,1,0,0,0,13.34589709,52.58961122,1,0.0,12 to 16
9,9200819.0,9,16,6,3,5,2,0,1,1,0,0,0,0,0,13.56970364,52.44201651,2,0.5,16 to 20
2,2400623.0,9,18,2,3,5,3,0,0,1,0,0,0,1,0,13.4346492,52.50868263,2,0.0,16 to 20
11,11300722.0,9,3,6,3,0,1,2,1,0,0,0,0,0,0,13.47975122,52.52306578,1,1.0,00 to 04
4,4300619.0,9,20,3,3,6,4,1,1,0,1,0,0,0,0,13.30725689,52.51712209,2,0.5,20 to 24
1,1200522.0,9,10,2,3,5,3,0,1,1,0,0,0,0,0,13.330092,52.52257986,2,0.5,08 to 12
2,2400623.0,9,18,3,3,0,1,0,0,0,0,1,0,0,0,13.42846177,52.51484094,1,0.0,16 to 20
1,1200521.0,9,0,1,3,0,5,2,0,1,0,0,0,1,0,13.33044401,52.526779,2,0.0,00 to 04
1,1401045.0,9,16,3,3,5,3,0,0,1,0,0,0,0,0,13.37708685,52.55399506,1,0.0,16 to 20
4,4500937.0,9,17,6,3,2,7,0,0,1,0,0,0,0,0,13.29754687,52.49813718,1,0.0,16 to 20
2,2100102.0,9,16,2,3,2,6,0,0,1,0,0,0,0,0,13.3956833,52.49852176,1,0.0,16 to 20
10,10100311.0,9,16,5,2,5,2,0,1,1,0,0,0,0,0,13.52205644,52.53585818,2,0.5,16 to 20
6,6100206.0,9,18,3,3,5,3,0,1,0,0,0,0,0,0,13.33526087,52.45131144,1,1.0,16 to 20
1,1100206.0,9,21,6,3,0,2,2,1,0,0,1,0,0,0,13.38042925,52.51814108,2,0.5,20 to 24
1,1100313.0,9,16,2,3,5,3,0,1,1,0,0,0,0,0,13.42319646,52.50680107,2,0.5,16 to 20
2,2100105.0,9,1,6,3,5,2,2,0,1,0,1,0,0,0,13.40787261,52.50003066,2,0.0,00 to 04
12,12200309.0,9,0,3,3,5,2,2,0,0,0,0,0,1,0,13.31645409,52.56694048,1,0.0,00 to 04
5,5100208.0,9,13,2,3,5,3,0,0,1,0,0,0,0,0,13.16538035,52.55116515,1,0.0,12 to 16
1,1100313.0,9,17,3,3,3,6,0,1,0,0,0,0,0,0,13.42798723,52.50744677,1,1.0,16 to 20
9,9301126.0,9,23,7,2,5,2,2,1,1,0,0,0,0,0,13.57520752,52.42440961,2,0.5,20 to 24
4,4200311.0,9,8,5,2,2,6,0,0,1,0,1,0,0,0,13.28048857,52.5063603,2,0.0,08 to 12
1,1100102.0,9,23,2,3,2,6,2,0,1,0,0,1,0,0,13.35676366,52.50636984,2,0.0,20 to 24
9,9401534.0,9,13,6,3,2,7,0,1,0,0,0,0,1,0,13.5752033,52.44674247,2,0.5,12 to 16
1,1100206.0,9,15,2,3,2,2,0,1,1,0,0,0,0,0,13.38664992,52.51184393,2,0.5,12 to 16
5,5200634.0,9,15,5,3,0,2,0,1,1,0,0,0,0,0,13.20092095,52.51210163,2,0.5,12 to 16
3,3300413.0,9,17,3,3,2,6,0,0,1,0,0,0,0,0,13.48074479,52.60895277,1,0.0,16 to 20
12,12200411.0,9,16,5,2,5,2,0,0,1,0,0,0,0,0,13.32181125,52.56056258,1,0.0,16 to 20
9,9100304.0,9,20,1,3,2,6,2,0,1,0,0,1,0,0,13.47882981,52.45879307,2,0.0,20 to 24
11,11200514.0,9,9,3,3,6,2,0,0,1,1,0,0,0,0,13.47374092,52.53617217,2,0.0,08 to 12
4,4500938.0,9,15,7,2,5,7,0,0,1,0,1,0,0,0,13.29784772,52.49551812,2,0.0,12 to 16
11,11100203.0,9,16,5,3,5,2,0,1,1,0,0,0,0,0,13.54015721,52.56528317,2,0.5,16 to 20
1,1400940.0,9,13,1,3,5,2,0,0,1,0,1,0,0,0,13.36238973,52.55778006,2,0.0,12 to 16
2,2300315.0,9,18,7,3,5,3,0,0,1,0,0,0,1,0,13.43200863,52.49932717,2,0.0,16 to 20
1,1100102.0,9,22,2,3,3,6,2,0,1,0,1,0,0,0,13.37160151,52.51118607,2,0.0,20 to 24
1,1300836.0,9,11,6,3,5,7,0,1,1,0,0,0,0,0,13.37241321,52.53861743,2,0.5,08 to 12
4,4400727.0,9,7,2,3,1,7,0,1,1,0,0,0,0,0,13.28670746,52.48031065,2,0.5,04 to 08
4,4200311.0,9,10,5,3,5,2,0,1,1,0,0,0,0,0,13.28199884,52.50873928,2,0.5,08 to 12
11,11100307.0,9,16,3,3,2,6,0,0,1,0,0,0,0,0,13.50168847,52.57212682,1,0.0,16 to 20
1,1200519.0,9,18,4,3,2,7,0,1,1,0,0,0,0,0,13.33547673,52.52712959,2,0.5,16 to 20
4,4501042.0,9,15,1,3,5,2,0,1,1,0,0,0,0,0,13.32488177,52.50006419,2,0.5,12 to 16
4,4200308.0,9,12,3,3,2,6,0,0,1,0,1,0,0,0,13.27973341,52.51829172,2,0.0,12 to 16
9,9100408.0,9,10,7,3,5,2,0,1,1,0,0,0,0,0,13.51177717,52.44878869,2,0.5,08 to 12
1,1100206.0,9,14,6,3,5,3,0,1,1,0,0,0,0,0,13.39157629,52.51216174,2,0.5,12 to 16
9,9200715.0,9,16,3,3,5,2,0,1,1,0,0,0,0,0,13.5412926,52.43532149,2,0.5,16 to 20
12,12601133.0,9,15,3,3,7,7,0,0,0,0,1,0,0,0,13.36807509,52.60265911,1,0.0,12 to 16
6,6200317.0,9,11,6,3,5,3,0,0,1,0,0,0,0,0,13.35194228,52.41855965,1,0.0,08 to 12
10,10100101.0,9,15,3,3,2,6,0,0,1,0,0,0,0,0,13.55502513,52.56605298,1,0.0,12 to 16
3,3400619.0,9,9,2,3,1,5,0,0,1,0,1,0,0,0,13.37705508,52.59096947,2,0.0,08 to 12
6,6100102.0,9,11,5,3,5,2,0,1,1,0,0,0,0,0,13.32402307,52.46041316,2,0.5,08 to 12
1,1401046.0,9,2,3,3,1,5,2,0,1,0,0,0,1,0,13.35536118,52.53956032,2,0.0,00 to 04
6,6400838.0,9,13,1,3,6,4,0,1,0,1,0,0,0,0,13.23608367,52.44009725,2,0.5,12 to 16
4,4501148.0,9,13,3,2,5,2,0,0,1,0,1,0,0,0,13.3127972,52.48047375,2,0.0,12 to 16
9,9301126.0,9,10,6,3,5,3,0,1,1,0,0,0,0,0,13.55893645,52.42361208,2,0.5,08 to 12
4,4501153.0,9,17,2,3,5,3,0,1,1,0,0,0,0,0,13.33304352,52.48393442,2,0.5,16 to 20
10,10400940.0,9,14,6,3,5,3,0,0,1,0,1,0,0,0,13.61433085,52.50307867,2,0.0,12 to 16
1,1100205.0,9,18,2,3,4,6,0,1,0,0,0,0,1,0,13.37763051,52.50828148,2,0.5,16 to 20
2,2100106.0,9,14,2,3,5,7,0,0,1,0,0,0,1,0,13.40667614,52.49832752,2,0.0,12 to 16
5,5200632.0,9,17,2,3,5,2,0,0,1,0,0,0,1,0,13.21607265,52.52699902,2,0.0,16 to 20
5,5200633.0,9,12,7,3,2,6,0,0,1,0,0,0,1,0,13.18842788,52.51489767,2,0.0,12 to 16
12,12400619.0,9,7,2,3,0,7,0,0,1,0,0,0,0,0,13.28184359,52.60074694,1,0.0,04 to 08
2,2300316.0,9,16,2,3,1,5,0,1,1,0,0,0,0,0,13.43859906,52.50282339,2,0.5,16 to 20
4,4200308.0,9,11,1,2,0,7,0,1,0,0,0,0,0,0,13.26719829,52.51471819,1,1.0,08 to 12
8,8200623.0,9,17,3,3,2,6,0,0,0,0,1,0,1,0,13.45293848,52.45267626,2,0.0,16 to 20
8,8100312.0,9,18,6,3,2,6,0,0,1,0,1,0,0,0,13.43514387,52.48406732,2,0.0,16 to 20
2,2400521.0,9,17,2,3,5,2,0,1,1,0,0,0,0,0,13.42950089,52.52310078,2,0.5,16 to 20
5,5200632.0,9,15,5,3,0,1,0,1,0,0,0,0,0,0,13.21685317,52.52696036,1,1.0,12 to 16
11,11200512.0,9,17,2,3,5,3,0,1,1,0,0,0,0,0,13.46746443,52.54794322,2,0.5,16 to 20
3,3400619.0,9,13,2,2,6,4,0,0,1,1,0,0,0,0,13.37458302,52.58295583,2,0.0,12 to 16
4,4501153.0,9,17,2,3,5,2,0,1,1,0,0,0,0,0,13.33325292,52.48304997,2,0.5,16 to 20
4,4300413.0,9,20,7,3,6,6,1,0,1,1,0,0,0,0,13.29379556,52.51757905,2,0.0,20 to 24
7,7200411.0,9,18,2,3,2,6,1,0,1,0,0,0,0,0,13.35765349,52.48667705,1,0.0,16 to 20
2,2200212.0,9,12,6,3,5,2,0,1,1,0,0,0,0,0,13.40543568,52.48885695,2,0.5,12 to 16
12,12500824.0,9,14,2,3,0,1,0,1,1,0,0,0,0,0,13.30088172,52.59947248,2,0.5,12 to 16
8,8100520.0,9,15,3,3,6,7,0,0,0,1,0,0,1,0,13.46462383,52.47633982,2,0.0,12 to 16
7,7200412.0,9,13,6,3,5,2,0,0,1,0,1,0,0,0,13.36229052,52.47640689,2,0.0,12 to 16
12,12500926.0,9,15,2,2,0,4,0,0,0,1,0,0,1,0,13.3328558,52.59542287,2,0.0,12 to 16
3,3601453.0,9,15,5,2,6,4,0,1,0,1,0,0,0,0,13.46405129,52.52279025,2,0.5,12 to 16
7,7300619.0,9,17,2,2,0,6,0,0,1,0,1,0,0,0,13.36024151,52.47529548,2,0.0,16 to 20
1,1100205.0,9,18,4,3,5,2,0,1,0,0,0,0,1,0,13.38421291,52.50996571,2,0.5,16 to 20
2,2300314.0,9,13,1,3,3,6,0,1,0,0,0,0,0,0,13.42137854,52.49903451,1,1.0,12 to 16
2,2500830.0,9,6,5,3,0,1,1,0,0,0,1,0,0,1,13.45474285,52.51381771,1,0.0,04 to 08
7,7501031.0,9,15,7,3,2,6,0,0,1,0,0,0,0,0,13.40769809,52.45239028,1,0.0,12 to 16
3,3601348.0,9,0,5,3,1,5,2,1,1,0,0,0,0,1,13.42590562,52.54317855,2,0.5,00 to 04
7,7200412.0,9,14,6,3,6,7,0,1,0,1,0,0,0,0,13.36342444,52.47715397,2,0.5,12 to 16
1,1400938.0,9,10,2,3,2,7,0,0,1,0,0,0,0,0,13.33570827,52.54196115,1,0.0,08 to 12
3,3601142.0,9,12,5,3,1,5,0,1,1,0,0,0,0,0,13.39966771,52.54645947,2,0.5,12 to 16
7,7400721.0,9,17,2,3,5,3,0,0,1,0,0,0,1,0,13.37917949,52.48051353,2,0.0,16 to 20
11,11100102.0,9,14,1,3,8,1,0,1,0,0,0,0,0,0,13.55833937,52.57500162,1,1.0,12 to 16
1,1100102.0,9,18,1,3,5,2,0,0,1,0,1,0,0,0,13.3707944,52.51777916,2,0.0,16 to 20
2,2500833.0,9,19,4,3,0,1,1,1,1,0,0,0,0,0,13.45227722,52.51064275,2,0.5,16 to 20
9,9100203.0,9,9,1,3,5,2,0,0,1,0,0,0,0,0,13.47866932,52.47754922,1,0.0,08 to 12
1,1300834.0,9,17,1,3,7,7,0,0,0,0,1,0,0,0,13.39945181,52.54259795,1,0.0,16 to 20
5,5400943.0,9,11,2,3,5,3,0,0,1,0,0,0,1,0,13.12301037,52.47193538,2,0.0,08 to 12
9,9200819.0,9,17,1,3,2,7,0,0,1,0,1,0,0,0,13.55962394,52.44661087,2,0.0,16 to 20
1,1100416.0,9,18,4,3,0,5,0,1,1,0,0,0,0,0,13.40469826,52.53538832,2,0.5,16 to 20
12,12500930.0,9,17,1,3,5,2,0,1,1,0,0,0,0,0,13.32373872,52.58750981,2,0.5,16 to 20
3,3601245.0,9,15,4,3,3,6,0,0,0,0,1,0,0,0,13.43391612,52.54300773,1,0.0,12 to 16
6,6300528.0,9,17,1,3,5,3,0,0,1,0,0,0,0,0,13.27173792,52.42730196,1,0.0,16 to 20
12,12100204.0,9,3,4,3,1,5,2,0,1,0,0,0,0,0,13.35541819,52.56212011,1,0.0,00 to 04
6,6200421.0,9,17,7,3,3,6,0,1,1,0,0,0,0,0,13.32556636,52.43897587,2,0.5,16 to 20
12,12500824.0,9,15,2,3,2,6,0,0,1,0,1,0,0,0,13.29383243,52.59631052,2,0.0,12 to 16
1,1100310.0,9,23,7,3,8,1,2,1,0,0,0,0,0,0,13.41820512,52.52567002,1,1.0,20 to 24
12,12200411.0,9,22,7,3,3,6,2,0,1,0,0,0,0,0,13.32611813,52.5616564,1,0.0,20 to 24
10,10100314.0,9,15,2,3,0,1,0,0,0,0,1,0,0,0,13.55686658,52.53412078,1,0.0,12 to 16
12,12601134.0,9,19,7,3,0,1,2,1,1,0,0,0,0,0,13.34967321,52.60386845,2,0.5,16 to 20
4,4300416.0,9,18,7,3,5,3,0,1,0,0,0,0,0,0,13.30040925,52.50790505,1,1.0,16 to 20
2,2300314.0,9,17,7,3,2,6,0,1,1,0,0,0,0,0,13.41826295,52.50156599,2,0.5,16 to 20
1,1200520.0,9,9,4,3,5,2,0,0,1,0,1,0,0,0,13.34316297,52.52623804,2,0.0,08 to 12
3,3400723.0,9,17,7,3,5,3,0,0,1,0,0,0,0,0,13.42210628,52.57344535,1,0.0,16 to 20
4,4100101.0,9,8,4,3,1,5,0,0,1,0,0,0,0,0,13.28107008,52.53997649,1,0.0,08 to 12
2,2200212.0,9,15,7,3,5,2,0,1,1,0,0,0,0,0,13.40763226,52.48892418,2,0.5,12 to 16
9,9200510.0,9,14,2,3,5,3,0,0,1,0,0,0,0,0,13.5048923,52.46807267,1,0.0,12 to 16
12,12200310.0,9,15,7,3,2,6,0,0,1,0,0,0,0,0,13.31159999,52.56790371,1,0.0,12 to 16
12,12200309.0,9,14,7,3,1,5,0,1,1,0,0,0,0,0,13.32450525,52.5649765,2,0.5,12 to 16
1,1100308.0,9,13,7,3,6,4,0,1,0,1,0,0,0,0,13.38312431,52.5305112,2,0.5,12 to 16
3,3200206.0,9,8,4,3,5,3,0,0,1,0,0,0,0,0,13.39261872,52.58218627,1,0.0,08 to 12
12,12200515.0,9,13,1,3,2,7,0,1,0,0,0,0,0,0,13.28315975,52.59141033,1,1.0,12 to 16
1,1200629.0,9,13,7,3,5,3,0,0,1,0,0,0,1,0,13.34196462,52.51789627,2,0.0,12 to 16
3,3200206.0,9,7,2,3,0,6,0,1,0,0,0,0,1,0,13.40507743,52.58157298,2,0.5,04 to 08
12,12601235.0,9,8,4,3,0,3,0,0,1,0,0,0,1,0,13.35489408,52.59662669,2,0.0,08 to 12