bez,lor_ab_2021,umonat,ustunde,uwochentag,ukategorie,uart,utyp1,ulichtverh,istrad,istpkw,istfuss,istkrad,istgkfz,istsonstige,ustrzustand,xgcswgs84,ygcswgs84,all_acc,perc_bike_acc,rushhours
3,3300514.0,9,11,7,3,2,6,0,0,1,0,1,0,0,0,13.46179013,52.59395142,2,0.0,08 to 12
1,1100312.0,9,8,4,2,6,4,0,1,0,1,0,0,0,0,13.41723356,52.51255233,2,0.5,08 to 12
12,12601031.0,9,11,7,3,8,1,0,0,0,0,1,0,0,0,13.32653152,52.60465522,1,0.0,08 to 12
10,10100102.0,9,6,3,3,5,2,0,0,1,0,0,0,0,0,13.56851339,52.56950081,1,0.0,04 to 08
5,5100317.0,9,8,4,3,5,5,0,0,1,0,1,0,0,0,13.21233593,52.53210878,2,0.0,08 to 12
3,3701555.0,9,11,7,2,5,2,0,1,1,0,0,0,0,0,13.41589287,52.53652308,2,0.5,08 to 12
1,1100206.0,9,13,2,3,2,6,0,1,1,0,0,0,0,0,13.39111974,52.51469544,2,0.5,12 to 16
2,2300417.0,9,10,7,3,5,3,0,1,1,0,0,0,0,0,13.42770468,52.49625403,2,0.5,08 to 12
1,1100416.0,9,10,7,3,5,3,0,0,1,0,0,0,0,0,13.39995682,52.53786063,1,0.0,08 to 12
11,11200513.0,9,9,7,3,5,3,0,0,1,0,0,0,0,0,13.49866634,52.54449152,1,0.0,08 to 12
2,2200212.0,9,8,4,3,5,3,0,1,1,0,0,0,0,0,13.41928649,52.48758968,2,0.5,08 to 12
1,1100309.0,9,13,1,3,1,7,0,0,1,0,1,0,0,0,13.40318461,52.52473835,2,0.0,12 to 16
7,7200308.0,9,3,7,3,0,1,2,0,0,0,0,0,1,0,13.33828136,52.48572192,1,0.0,00 to 04
5,5100210.0,9,12,2,3,5,3,0,0,1,0,0,0,0,0,13.19115778,52.54981704,1,0.0,12 to 16
5,5100316.0,9,23,7,3,0,6,2,0,1,0,0,0,1,0,13.20205493,52.53955332,2,0.0,20 to 24
6,6200313.0,9,7,4,2,5,2,0,1,1,0,0,0,0,0,13.34450247,52.43776555,2,0.5,04 to 08
6,6200312.0,9,8,6,3,1,5,0,1,1,0,0,0,0,0,13.33340178,52.43919794,2,0.5,08 to 12
12,12200411.0,9,16,6,3,5,2,0,0,1,0,0,0,0,0,13.32191449,52.56051543,1,0.0,16 to 20
4,4300414.0,9,18,2,3,5,2,0,1,1,0,0,0,0,0,13.29722826,52.51172096,2,0.5,16 to 20
6,6100206.0,9,16,6,3,5,3,0,1,1,0,0,0,0,0,13.33712832,52.44557056,2,0.5,16 to 20
3,3601243.0,9,20,6,2,0,1,2,1,0,0,0,0,0,0,13.42426672,52.55211971,1,1.0,20 to 24
1,1100313.0,9,18,6,3,6,4,1,1,0,1,0,0,0,0,13.4187702,52.50788105,2,0.5,16 to 20
7,7100206.0,9,6,4,3,5,3,0,1,1,0,0,0,0,0,13.37092847,52.49260063,2,0.5,04 to 08
1,1400939.0,9,12,1,3,5,3,0,0,1,0,0,0,0,0,13.35293519,52.55325481,1,0.0,12 to 16
3,3500934.0,9,10,6,2,5,2,0,1,1,0,0,0,0,0,13.43886336,52.555456,2,0.5,08 to 12
6,6400735.0,9,12,2,2,0,1,0,1,0,0,0,0,0,0,13.18433132,52.42406775,1,1.0,12 to 16
9,9200715.0,9,9,6,3,6,4,0,0,0,1,0,1,0,0,13.54029417,52.43496216,2,0.0,08 to 12
7,7400927.0,9,4,4,3,8,7,2,0,1,0,0,0,0,0,13.40163895,52.45934604,1,0.0,04 to 08
9,9301025.0,9,8,6,3,5,3,0,1,1,0,0,0,0,0,13.57395122,52.4018658,2,0.5,08 to 12
12,12200412.0,9,14,4,3,5,3,0,1,0,0,0,0,0,0,13.30006829,52.56978739,1,1.0,12 to 16
2,2300315.0,9,8,6,3,5,3,0,1,1,0,0,0,0,0,13.42642976,52.4993734,2,0.5,08 to 12
2,2500726.0,9,13,4,3,5,2,0,0,1,0,0,0,1,0,13.45079565,52.52719813,2,0.0,12 to 16
9,9200717.0,9,13,4,3,2,3,0,0,1,0,0,1,0,0,13.55350714,52.44624098,2,0.0,12 to 16
9,9100304.0,9,7,6,3,0,1,0,1,0,0,0,0,0,0,13.49419163,52.46056565,1,1.0,04 to 08
5,5100316.0,9,7,6,3,5,5,0,0,1,0,1,0,0,0,13.19274875,52.53601832,2,0.0,04 to 08
2,2100102.0,9,15,4,2,5,3,0,1,1,0,0,0,0,0,13.39425865,52.50695281,2,0.5,12 to 16
10,10200627.0,9,7,6,3,0,6,0,0,1,0,0,0,1,0,13.5904128,52.52975809,2,0.0,04 to 08
7,7501133.0,9,16,2,3,5,2,0,1,1,0,0,0,0,0,13.38308078,52.43396372,2,0.5,16 to 20
2,2200209.0,9,8,6,3,2,6,0,0,1,0,0,0,0,0,13.3783134,52.48501903,1,0.0,08 to 12
5,5200629.0,9,17,6,3,5,2,0,1,1,0,0,0,0,0,13.19547677,52.5291661,2,0.5,16 to 20
12,12400723.0,9,22,6,3,5,3,2,0,1,0,0,0,0,0,13.31034934,52.62469464,1,0.0,20 to 24
4,4500936.0,9,13,4,3,3,6,0,0,1,0,1,0,0,0,13.30451748,52.50354539,2,0.0,12 to 16
8,8100310.0,9,21,6,3,6,4,2,0,1,1,0,0,0,0,13.42239286,52.49534252,2,0.0,20 to 24
4,4501153.0,9,13,4,3,5,2,0,1,0,0,0,0,0,0,13.32990043,52.4821338,1,1.0,12 to 16
10,10100208.0,9,22,6,3,5,3,2,1,1,0,0,0,0,0,13.56175255,52.54994788,2,0.5,20 to 24
7,7400826.0,9,14,2,3,5,2,0,0,1,0,1,0,0,0,13.36583167,52.44916953,2,0.0,12 to 16
11,11100203.0,9,1,6,3,8,1,2,0,1,0,0,0,0,0,13.52708985,52.56932554,1,0.0,00 to 04
4,4501040.0,9,18,6,3,0,5,0,1,0,0,0,0,1,0,13.30845045,52.50006732,2,0.5,16 to 20
5,5200630.0,9,15,2,3,2,6,0,0,1,0,0,0,0,0,13.1889692,52.52176657,1,0.0,12 to 16
5,5200632.0,9,7,6,2,5,3,0,1,1,0,0,0,0,0,13.20782588,52.52834441,2,0.5,04 to 08
3,3601449.0,9,1,6,3,8,1,2,0,1,0,0,0,0,0,13.45543422,52.5412883,1,0.0,00 to 04
3,3701556.0,9,0,6,2,0,1,2,1,0,0,0,0,0,0,13.41545066,52.5339901,1,1.0,00 to 04
4,4501041.0,9,14,4,3,3,6,0,1,1,0,0,0,0,0,13.32421857,52.50225717,2,0.5,12 to 16
11,11501339.0,9,14,6,2,2,6,0,0,1,0,0,0,0,0,13.527303,52.49143187,1,0.0,12 to 16
3,3601450.0,9,2,3,3,8,1,2,0,1,0,0,0,0,0,13.46284434,52.53218693,1,0.0,00 to 04
3,3400831.0,9,12,4,2,5,2,0,1,1,0,0,0,0,0,13.42679336,52.57181288,2,0.5,12 to 16
7,7200409.0,9,13,6,3,1,5,0,1,1,0,0,0,1,0,13.34955176,52.48943232,3,0.3333333333333333,12 to 16
2,2100106.0,9,20,2,3,5,3,1,1,1,0,0,0,0,0,13.4185562,52.49873933,2,0.5,20 to 24
5,5100316.0,9,14,6,3,5,3,0,0,1,0,1,0,0,0,13.20059567,52.53427855,2,0.0,12 to 16
2,2200210.0,9,13,6,3,5,3,0,1,0,0,0,0,0,0,13.40670568,52.49503303,1,1.0,12 to 16
12,12100205.0,9,13,6,2,6,4,0,0,1,1,0,0,0,0,13.33149908,52.56306712,2,0.0,12 to 16
11,11501339.0,9,12,4,2,5,3,0,1,1,0,0,0,0,0,13.52601003,52.49346188,2,0.5,12 to 16
9,9300922.0,9,16,1,2,5,3,0,0,1,0,1,0,0,0,13.53138381,52.40509364,2,0.0,16 to 20
12,12400617.0,9,13,6,2,5,2,0,1,1,0,0,0,0,0,13.21723959,52.61119603,2,0.5,12 to 16
7,7100102.0,9,13,6,3,2,6,0,0,1,0,0,0,0,0,13.34965975,52.50257511,1,0.0,12 to 16
1,1401047.0,9,12,6,3,5,3,0,1,1,0,0,0,0,0,13.36572026,52.54241081,2,0.5,12 to 16
10,10300731.0,9,11,4,3,5,3,0,1,1,0,0,0,0,0,13.55611112,52.52007803,2,0.5,08 to 12
1,1100101.0,9,15,1,2,5,2,0,1,1,0,0,0,0,0,13.35111536,52.50963081,2,0.5,12 to 16
6,6200420.0,9,12,6,3,5,3,0,0,1,0,0,0,0,0,13.30496921,52.41014904,1,0.0,12 to 16
11,11200513.0,9,13,2,3,0,3,0,0,1,0,0,0,0,0,13.48663575,52.54094376,1,0.0,12 to 16
5,5100314.0,9,12,6,2,6,4,0,0,1,1,0,0,0,0,13.20236888,52.54653735,2,0.0,12 to 16
8,8100520.0,9,17,2,3,5,2,0,1,1,0,0,0,0,0,13.46325693,52.47077625,2,0.5,16 to 20
9,9200511.0,9,17,2,3,2,4,0,0,1,1,0,0,0,0,13.51440249,52.46235677,2,0.0,16 to 20
1,1100206.0,9,11,6,3,5,2,0,1,1,0,0,0,0,0,13.38091894,52.5163701,2,0.5,08 to 12
1,1401044.0,9,11,6,3,5,3,0,0,1,0,1,0,0,0,13.36979472,52.55294578,2,0.0,08 to 12
1,1100310.0,9,11,6,3,5,2,0,1,0,0,0,0,1,0,13.40090489,52.52083929,2,0.5,08 to 12
1,1100311.0,9,6,4,3,5,2,0,1,1,0,0,0,0,0,13.41808519,52.51566861,2,0.5,04 to 08
5,5200528.0,9,13,1,3,2,6,0,0,1,0,1,0,0,0,13.17049042,52.51844613,2,0.0,12 to 16
12,12400723.0,9,10,6,2,5,3,0,0,1,0,0,0,1,0,13.30444592,52.62184783,2,0.0,08 to 12
2,2200209.0,9,6,2,3,5,2,2,1,1,0,0,0,0,0,13.38582718,52.48503473,2,0.5,04 to 08
11,11401034.0,9,16,2,2,1,5,0,0,1,0,0,0,0,0,13.53151358,52.5093862,1,0.0,16 to 20
11,11300721.0,9,10,6,3,5,2,0,0,1,0,0,0,1,0,13.4917368,52.5341706,2,0.0,08 to 12
3,3601142.0,9,12,2,3,0,1,0,1,0,0,0,0,0,0,13.41246617,52.54525403,1,1.0,12 to 16
6,6100101.0,9,16,2,2,1,5,0,1,1,0,0,0,0,0,13.31386626,52.45936948,2,0.5,16 to 20
4,4300619.0,9,15,6,3,5,3,0,1,1,0,0,0,0,0,13.31355449,52.51528413,2,0.5,12 to 16
9,9200613.0,9,15,4,2,6,4,0,0,1,1,0,0,0,0,13.51136186,52.45788663,2,0.0,12 to 16
5,5200423.0,9,15,6,3,5,3,0,1,1,0,0,0,0,0,13.15930846,52.52965849,2,0.5,12 to 16
6,6100102.0,9,17,4,3,0,4,0,0,0,1,0,0,1,0,13.32372047,52.45619197,2,0.0,16 to 20
1,1401047.0,9,15,6,3,5,2,0,0,1,0,0,0,0,0,13.35713501,52.5451552,1,0.0,12 to 16
3,3400620.0,9,15,6,2,0,6,0,1,0,0,0,0,1,0,13.38184012,52.5736725,2,0.5,12 to 16
4,4100101.0,9,17,4,3,5,7,0,0,1,0,1,0,0,0,13.29663268,52.54817676,2,0.0,16 to 20
9,9100407.0,9,16,6,3,2,6,0,1,1,0,0,0,0,0,13.50050075,52.44735697,2,0.5,16 to 20
3,3701657.0,9,15,2,3,5,3,0,1,1,0,0,0,0,0,13.42623543,52.54304896,2,0.5,12 to 16
1,1200626.0,9,23,2,3,5,2,2,1,0,0,1,0,0,0,13.35095673,52.52438487,2,0.5,20 to 24
1,1300733.0,9,16,6,3,3,6,0,1,0,0,0,0,1,0,13.38535436,52.55030194,2,0.5,16 to 20
12,12100204.0,9,15,6,3,5,2,0,0,1,0,1,0,0,0,13.35387526,52.56209047,2,0.0,12 to 16
1,1100206.0,9,16,6,3,1,5,0,1,1,0,0,0,0,0,13.39115165,52.51448566,2,0.5,16 to 20
9,9200716.0,9,16,4,3,5,2,0,1,1,0,0,0,0,0,13.54503014,52.43683208,2,0.5,16 to 20
4,4200309.0,9,17,6,3,2,6,0,0,1,0,0,0,0,0,13.25828841,52.51824852,1,0.0,16 to 20
1,1100104.0,9,15,6,3,5,2,0,0,1,0,0,0,1,0,13.37110824,52.5012069,2,0.0,12 to 16
2,2200213.0,9,17,6,3,5,2,0,1,0,0,1,0,0,0,13.41969942,52.49552391,2,0.5,16 to 20
1,1100207.0,9,16,4,3,0,2,0,1,1,0,0,0,0,0,13.39418569,52.50791873,2,0.5,16 to 20
11,11300619.0,9,17,6,3,5,2,0,1,1,0,0,0,0,0,13.47946036,52.52321522,2,0.5,16 to 20
4,4501041.0,9,15,4,3,5,2,0,0,1,0,0,0,1,0,13.31992723,52.50175674,2,0.0,12 to 16
5,5200423.0,9,17,6,2,5,3,0,0,1,0,1,0,0,0,13.15868278,52.53313611,2,0.0,16 to 20
1,1100309.0,9,14,2,2,6,4,0,1,0,1,0,0,0,0,13.4005034,52.52364693,2,0.5,12 to 16
9,9501941.0,9,9,2,2,5,3,0,1,1,0,0,0,0,0,13.58355995,52.45158286,2,0.5,08 to 12
1,1200520.0,9,14,6,3,3,6,0,1,1,0,0,0,0,0,13.33670265,52.52658411,2,0.5,12 to 16
4,4300620.0,9,14,6,2,6,4,0,0,1,1,0,0,0,0,13.32214337,52.52108866,2,0.0,12 to 16
1,1100312.0,9,19,6,3,6,7,2,0,1,1,0,0,0,0,13.40731628,52.51297599,2,0.0,16 to 20
11,11300618.0,9,15,4,3,5,2,0,1,1,0,0,0,0,0,13.45904486,52.52610547,2,0.5,12 to 16
12,12200309.0,9,12,1,3,5,2,0,1,1,0,0,0,0,0,13.31651046,52.5668233,2,0.5,12 to 16
4,4500937.0,9,19,6,3,5,3,0,1,1,0,0,0,0,0,13.28667832,52.49589282,2,0.5,16 to 20
1,1100310.0,9,21,2,2,6,4,2,0,1,1,0,0,0,0,13.40595243,52.5192298,2,0.0,20 to 24
3,3200206.0,9,14,3,3,6,7,0,1,0,1,0,0,0,0,13.39656902,52.58026967,2,0.5,12 to 16
11,11501339.0,9,18,6,3,5,3,0,1,1,0,0,0,0,0,13.51949653,52.48734149,2,0.5,16 to 20
1,1100104.0,9,19,2,3,5,3,1,1,0,0,1,0,0,0,13.3637418,52.50078193,2,0.5,16 to 20
1,1400942.0,9,7,3,2,0,1,0,0,0,0,1,0,0,0,13.34701137,52.54391081,1,0.0,04 to 08
2,2200213.0,9,18,3,3,2,6,1,0,1,0,0,0,0,0,13.42234319,52.49276495,1,0.0,16 to 20
4,4400835.0,9,8,6,3,0,3,0,1,0,0,0,0,0,0,13.31983026,52.46880718,1,1.0,08 to 12
10,10200629.0,9,13,2,3,5,2,0,0,1,0,0,0,0,0,13.58791724,52.52077754,1,0.0,12 to 16
1,1100308.0,9,18,6,3,5,3,0,1,1,0,0,0,0,0,13.379669,52.52131941,2,0.5,16 to 20
1,1100207.0,9,18,6,3,0,3,0,1,1,0,0,0,0,0,13.40583785,52.51047949,2,0.5,16 to 20
6,6200421.0,9,17,6,2,5,3,0,0,1,0,1,0,0,0,13.32170953,52.4356671,2,0.0,16 to 20
12,12500928.0,9,13,3,3,2,6,0,1,1,0,0,0,0,0,13.31046117,52.60387609,2,0.5,12 to 16
4,4501152.0,9,1,1,2,9,1,2,1,0,0,0,0,0,0,13.33103068,52.48930867,1,1.0,00 to 04
5,5400944.0,9,17,6,2,1,5,0,1,1,0,0,0,0,0,13.1447701,52.45247824,2,0.5,16 to 20
9,9200819.0,9,12,2,3,2,6,0,1,1,0,0,0,0,0,13.56918446,52.44435517,2,0.5,12 to 16
4,4300620.0,9,9,2,3,5,2,0,1,1,0,0,0,0,0,13.33578065,52.51369902,2,0.5,08 to 12
11,11300826.0,9,9,5,3,0,6,0,1,0,0,0,0,1,0,13.48282131,52.50634232,2,0.5,08 to 12
9,9200512.0,9,9,2,3,5,2,0,0,0,0,0,1,1,0,13.55437701,52.45569575,2,0.0,08 to 12
4,4100101.0,9,12,5,3,5,3,0,1,1,0,0,0,0,0,13.31137982,52.54686119,2,0.5,12 to 16
10,10300731.0,9,15,5,3,3,6,0,1,1,0,0,0,0,0,13.55090172,52.51510996,2,0.5,12 to 16
2,2100105.0,9,15,5,3,5,3,0,1,1,0,0,0,0,0,13.41452431,52.50012217,2,0.5,12 to 16
3,3400725.0,9,17,5,3,5,3,0,1,1,0,0,0,0,0,13.42882999,52.58450672,2,0.5,16 to 20
3,3500936.0,9,13,5,3,4,5,0,0,0,0,0,0,1,0,13.46241794,52.54997646,1,0.0,12 to 16
8,8100314.0,9,19,5,3,5,2,1,1,0,0,0,0,1,0,13.42401752,52.48652401,2,0.5,16 to 20
9,9200715.0,9,10,3,3,0,2,0,1,1,0,0,0,0,0,13.5445093,52.43314083,2,0.5,08 to 12
9,9401329.0,9,23,1,2,8,1,2,1,0,0,0,0,0,0,13.65565803,52.42054554,1,1.0,20 to 24
12,12500926.0,9,23,5,3,1,5,2,0,1,0,0,0,0,0,13.33209536,52.59019136,1,0.0,20 to 24
8,8100209.0,9,17,2,3,2,7,0,0,1,0,0,1,0,0,13.442969,52.4678221,2,0.0,16 to 20
1,1401047.0,9,22,5,3,5,3,2,0,1,0,0,0,0,0,13.35708407,52.54506056,1,0.0,20 to 24
3,3500932.0,9,7,3,3,5,2,0,0,1,0,0,0,1,0,13.45719298,52.56099331,2,0.0,04 to 08
1,1400937.0,9,21,5,3,0,1,2,0,0,0,1,0,0,0,13.34160889,52.55376868,1,0.0,20 to 24
11,11200513.0,9,7,3,3,1,6,0,1,1,0,0,0,0,0,13.49021661,52.53900561,2,0.5,04 to 08
9,9200818.0,9,20,5,3,2,6,2,0,1,0,0,0,0,0,13.55908146,52.4485181,1,0.0,20 to 24
5,5400942.0,9,7,3,3,0,1,0,0,0,0,1,0,0,0,13.18206802,52.48697878,1,0.0,04 to 08
8,8100415.0,9,20,5,3,2,6,2,0,1,0,0,0,0,0,13.44609321,52.47883351,1,0.0,20 to 24
12,12100205.0,9,15,2,3,2,6,0,0,1,0,0,0,0,0,13.34459351,52.58917631,1,0.0,12 to 16
9,9502043.0,9,7,2,2,5,3,0,1,1,0,0,0,0,0,13.55328761,52.46958191,2,0.5,04 to 08
2,2400625.0,9,7,3,3,5,3,0,1,1,0,0,0,0,0,13.44054237,52.51349144,2,0.5,04 to 08
4,4400832.0,9,19,5,3,6,2,1,0,1,1,0,0,0,0,13.29055785,52.47522807,2,0.0,16 to 20
4,4200308.0,9,16,2,3,3,6,0,0,1,0,1,0,0,0,13.28007213,52.51847611,2,0.0,16 to 20
2,2500832.0,9,19,5,3,5,2,1,1,1,0,0,0,0,0,13.47178602,52.50777016,2,0.5,16 to 20
11,11100203.0,9,18,5,3,5,2,0,1,1,0,0,0,0,0,13.54007038,52.56527258,2,0.5,16 to 20
3,3601141.0,9,18,5,3,1,6,0,1,1,0,0,0,0,0,13.41435733,52.55209279,2,0.5,16 to 20
10,10100102.0,9,7,3,2,5,2,0,0,1,0,1,0,0,0,13.56562399,52.57043807,2,0.0,04 to 08
1,1401044.0,9,16,5,3,5,2,0,1,1,0,0,0,0,0,13.36925825,52.54619484,2,0.5,16 to 20
11,11300619.0,9,7,3,3,3,6,0,1,0,0,0,0,0,0,13.47924934,52.52531568,1,1.0,04 to 08
7,7200412.0,9,18,5,3,5,3,0,0,1,0,1,0,0,0,13.36360398,52.47671923,2,0.0,16 to 20
7,7400823.0,9,14,2,3,5,3,0,1,1,0,0,0,0,0,13.37222948,52.45571701,2,0.5,12 to 16
3,3400721.0,9,17,5,3,5,3,0,0,1,0,1,0,0,0,13.40037011,52.56920634,2,0.0,16 to 20
8,8100103.0,9,17,5,3,5,3,0,1,1,0,0,0,0,0,13.4280662,52.47355407,2,0.5,16 to 20
7,7200307.0,9,17,5,3,6,4,0,1,0,1,0,0,0,0,13.34041202,52.48785156,2,0.5,16 to 20
6,6400844.0,9,7,3,3,5,2,0,1,1,0,0,0,0,0,13.30608077,52.46587695,2,0.5,04 to 08
2,2100106.0,9,16,5,3,2,6,0,1,1,0,0,0,0,0,13.41551347,52.4959374,2,0.5,16 to 20
1,1100308.0,9,12,5,3,5,3,0,0,1,0,0,0,0,0,13.37869191,52.52819948,1,0.0,12 to 16
4,4400835.0,9,11,5,3,0,6,0,1,1,0,0,0,0,0,13.31442998,52.47333369,2,0.5,08 to 12
2,2400623.0,9,23,3,3,5,2,2,1,1,0,0,0,0,0,13.42627778,52.51588907,2,0.5,20 to 24
2,2200210.0,9,11,5,3,5,2,0,1,0,0,0,0,1,0,13.40285454,52.49403916,2,0.5,08 to 12
4,4200308.0,9,6,3,2,5,2,0,0,1,0,1,0,0,0,13.27991659,52.52059777,2,0.0,04 to 08
1,1200623.0,9,23,3,3,5,2,2,1,1,0,0,0,0,0,13.35066131,52.53244618,2,0.5,20 to 24
2,2200208.0,9,11,5,3,5,3,0,1,1,0,0,0,0,0,13.38743896,52.4928489,2,0.5,08 to 12
2,2500833.0,9,21,2,3,2,7,2,1,1,0,0,0,0,0,13.46133889,52.51174685,2,0.5,20 to 24
1,1300834.0,9,7,2,3,0,2,0,1,1,0,0,0,0,0,13.40039885,52.53949949,2,0.5,04 to 08
2,2300315.0,9,10,5,3,5,3,0,0,1,0,0,0,1,0,13.43577576,52.49987827,2,0.0,08 to 12
1,1400942.0,9,10,5,3,2,3,0,1,1,0,0,0,0,0,13.34787969,52.54850083,2,0.5,08 to 12
6,6400844.0,9,10,5,2,5,2,0,1,1,0,0,0,0,0,13.272083,52.45345607,2,0.5,08 to 12
8,8200623.0,9,21,3,3,0,2,2,0,1,0,1,0,0,0,13.4521609,52.4526015,2,0.0,20 to 24
5,5100316.0,9,20,1,3,6,2,1,0,1,1,0,0,0,0,13.19928821,52.53480898,2,0.0,20 to 24
6,6300632.0,9,9,5,3,5,2,0,0,1,0,0,0,1,0,13.28694437,52.42249638,2,0.0,08 to 12
1,1100103.0,9,12,2,3,6,4,0,1,0,1,0,0,0,0,13.3569884,52.50470161,2,0.5,12 to 16
3,3701554.0,9,8,5,3,5,2,0,0,1,0,1,0,0,0,13.41042474,52.53923918,2,0.0,08 to 12
1,1100308.0,9,20,1,3,1,5,1,0,1,0,0,0,1,0,13.37942237,52.5334826,2,0.0,20 to 24
7,7100103.0,9,8,5,3,1,5,0,1,1,0,0,0,0,0,13.36107569,52.4978923,2,0.5,08 to 12
4,4501150.0,9,19,2,3,6,2,1,0,1,1,0,0,0,0,13.32274741,52.48643806,2,0.0,16 to 20
5,5200629.0,9,8,5,3,3,2,0,0,1,0,1,0,0,0,13.19862049,52.53280469,2,0.0,08 to 12
1,1300834.0,9,18,2,3,5,3,0,0,1,0,0,0,1,0,13.39431822,52.54741344,2,0.0,16 to 20
2,2500832.0,9,15,5,3,0,3,0,0,1,0,1,0,0,0,13.47009853,52.50629302,2,0.0,12 to 16
1,1100102.0,9,15,5,3,2,6,0,0,1,0,0,0,0,0,13.35059064,52.51225784,1,0.0,12 to 16
5,5100314.0,9,14,5,2,5,3,0,0,1,0,1,0,0,0,13.20555103,52.54167994,2,0.0,12 to 16
3,3601245.0,9,18,3,3,6,4,0,1,0,1,0,0,0,0,13.43866207,52.54799116,2,0.5,16 to 20
5,5100209.0,9,18,1,2,5,2,1,0,1,0,0,0,0,0,13.18459307,52.54750687,1,0.0,16 to 20
12,12400616.0,9,14,5,2,5,3,0,0,1,0,0,0,0,0,13.229096,52.5732058,1,0.0,12 to 16
4,4200308.0,9,11,2,3,2,2,0,0,1,0,0,0,0,0,13.28036817,52.51825952,1,0.0,08 to 12
12,12400619.0,9,14,5,2,5,3,0,0,1,0,0,0,0,0,13.23714134,52.61161771,1,0.0,12 to 16
4,4500939.0,9,14,5,3,5,2,0,1,1,0,0,0,0,0,13.30476531,52.49343104,2,0.5,12 to 16
6,6200422.0,9,20,3,3,2,6,2,1,1,0,0,0,0,0,13.33225643,52.4178613,2,0.5,20 to 24
1,1401048.0,9,14,3,3,2,6,0,1,0,0,0,0,0,0,13.35887335,52.5542336,1,1.0,12 to 16
6,6100101.0,9,13,5,3,6,2,0,0,0,1,0,0,1,0,13.32088501,52.45681926,2,0.0,12 to 16
7,7601442.0,9,7,3,3,5,3,0,1,1,0,0,0,0,0,13.40210311,52.41313752,2,0.5,04 to 08
7,7400927.0,9,13,5,3,1,5,0,0,1,0,0,0,0,0,13.38930879,52.45698429,1,0.0,12 to 16
4,4100101.0,9,12,5,2,5,3,0,0,1,0,0,0,0,0,13.29493386,52.53962644,1,0.0,12 to 16
1,1100104.0,9,6,3,3,5,7,1,1,1,0,0,0,0,0,13.37118123,52.50392947,2,0.5,04 to 08
12,12100205.0,9,13,5,2,5,2,0,1,0,0,0,1,0,0,13.36098923,52.57703522,2,0.5,12 to 16
11,11100309.0,9,13,2,3,6,4,0,0,1,1,0,0,0,0,13.5048631,52.56338934,2,0.0,12 to 16
1,1100207.0,9,8,5,3,3,2,0,1,0,0,1,0,0,0,13.39203867,52.50958029,2,0.5,08 to 12
1,1100310.0,9,7,5,3,0,6,0,0,1,0,1,0,0,0,13.40977616,52.52862844,2,0.0,04 to 08
4,4501153.0,9,7,5,3,2,6,0,1,1,0,0,0,0,0,13.33326966,52.48111078,2,0.5,04 to 08
1,1100206.0,9,6,3,2,5,3,0,0,1,0,1,0,0,0,13.39079144,52.51573857,2,0.0,04 to 08
11,11400931.0,9,7,5,3,5,3,0,0,1,0,0,0,0,0,13.51644768,52.50562212,1,0.0,04 to 08
4,4200310.0,9,7,3,3,5,2,0,1,1,0,0,0,0,0,13.26372065,52.51463401,2,0.5,04 to 08
3,3400619.0,9,5,3,3,2,6,0,0,1,0,0,0,1,0,13.38503586,52.5912075,2,0.0,04 to 08
6,6200421.0,9,6,5,3,2,2,0,0,1,0,1,0,0,0,13.316803,52.4257572,2,0.0,04 to 08
3,3601243.0,9,6,5,3,2,6,0,0,1,0,0,0,0,0,13.41506104,52.55383425,1,0.0,04 to 08
9,9100101.0,9,0,3,2,8,1,2,1,0,0,0,0,0,0,13.45499802,52.49699649,1,1.0,00 to 04
12,12200515.0,9,15,4,3,2,7,0,0,1,0,0,0,0,0,13.28656657,52.59138511,1,0.0,12 to 16
7,7601341.0,9,14,2,3,2,6,0,0,1,0,0,0,0,0,13.38219296,52.39932926,1,0.0,12 to 16
1,1300835.0,9,15,4,3,0,3,0,1,0,0,0,0,1,0,13.3862471,52.53874,2,0.5,12 to 16
11,11401135.0,9,10,4,2,6,7,0,1,0,1,0,0,0,0,13.50951004,52.4961343,2,0.5,08 to 12
1,1100308.0,9,21,4,3,2,6,2,0,1,0,0,0,1,0,13.38714754,52.526834,2,0.0,20 to 24
1,1100206.0,9,8,3,3,1,5,0,1,0,0,0,0,1,0,13.38899772,52.51598071,2,0.5,08 to 12
8,8100104.0,9,14,4,3,4,6,0,0,0,0,1,0,1,0,13.42131757,52.46738921,2,0.0,12 to 16
9,9200613.0,9,0,3,3,2,6,2,0,1,0,1,0,0,0,13.50334431,52.46059052,2,0.0,00 to 04
2,2400623.0,9,7,3,3,5,2,0,1,1,0,0,0,0,0,13.43027202,52.51535903,2,0.5,04 to 08
5,5300840.0,9,8,4,3,6,7,0,1,0,1,0,0,0,0,13.26687156,52.53236604,2,0.5,08 to 12
4,4300623.0,9,20,2,3,5,2,1,0,1,0,0,0,0,0,13.30796791,52.50656675,1,0.0,20 to 24
12,12400721.0,9,20,4,2,7,7,0,1,0,0,0,0,0,0,13.29551446,52.64246198,1,1.0,20 to 24