bez,lor_ab_2021,umonat,ustunde,uwochentag,ukategorie,uart,utyp1,ulichtverh,istrad,istpkw,istfuss,istkrad,istgkfz,istsonstige,ustrzustand,xgcswgs84,ygcswgs84,all_acc,perc_bike_acc,rushhours
1,1200521.0,9,17,3,3,6,4,0,1,0,1,0,0,0,0,13.3305009,52.5270142,2,0.5,16 to 20
12,12200414.0,9,16,4,3,5,2,0,1,1,0,0,0,0,0,13.30671947,52.55517033,2,0.5,16 to 20
1,1200522.0,9,13,5,2,6,7,0,1,0,1,0,0,0,0,13.33650062,52.52014442,2,0.5,12 to 16
4,4300619.0,9,17,3,3,0,7,0,1,1,0,0,0,0,0,13.31618931,52.51595899,2,0.5,16 to 20
2,2200210.0,9,12,6,3,5,2,0,1,0,0,0,0,0,1,13.40193931,52.49261944,1,1.0,12 to 16
1,1300733.0,9,18,2,3,2,6,1,0,1,0,0,0,0,0,13.38539894,52.55027533,1,0.0,16 to 20
7,7501029.0,9,18,3,3,3,6,0,1,1,0,0,0,0,0,13.37569826,52.44378231,2,0.5,16 to 20
3,3601244.0,9,14,5,3,5,3,0,0,1,0,0,0,1,0,13.42741554,52.55241015,2,0.0,12 to 16
9,9200819.0,9,8,7,3,0,1,0,0,0,0,1,0,0,1,13.57048169,52.44068313,1,0.0,08 to 12
5,5100316.0,9,19,3,3,0,6,2,0,1,0,1,0,0,0,13.20313931,52.53990046,2,0.0,16 to 20
1,1100102.0,9,17,3,3,5,3,0,0,1,0,0,0,0,0,13.37446124,52.50637833,1,0.0,16 to 20
10,10300733.0,9,10,6,3,2,7,0,0,1,0,1,0,0,1,13.55300855,52.50859815,2,0.0,08 to 12
6,6400842.0,9,8,2,3,5,3,0,1,1,0,0,0,0,0,13.27811538,52.46848298,2,0.5,08 to 12
9,9200715.0,9,0,4,3,9,7,2,0,1,0,0,0,0,0,13.53882755,52.43432742,1,0.0,00 to 04
2,2100101.0,9,17,3,3,5,2,0,1,1,0,0,0,0,0,13.38771116,52.50327601,2,0.5,16 to 20
7,7200409.0,9,17,5,3,5,3,0,1,0,0,0,0,0,0,13.34805298,52.48540007,1,1.0,16 to 20
8,8200622.0,9,21,1,2,2,6,2,0,1,0,0,0,0,0,13.43489413,52.46140495,1,0.0,20 to 24
1,1200628.0,9,16,3,2,5,3,0,0,1,0,0,0,0,0,13.35969358,52.52344828,1,0.0,16 to 20
6,6400843.0,9,9,6,3,2,6,0,0,1,0,0,0,0,1,13.30002278,52.45506432,1,0.0,08 to 12
2,2200210.0,9,10,3,3,0,5,0,1,1,0,0,0,0,0,13.40299386,52.48999042,2,0.5,08 to 12
4,4300416.0,9,17,3,3,3,6,0,0,0,0,0,0,1,0,13.3018854,52.50995471,1,0.0,16 to 20
8,8100314.0,9,13,7,3,2,6,0,1,1,0,0,0,0,1,13.4375418,52.48121823,2,0.5,12 to 16
3,3500933.0,9,19,3,2,5,3,2,1,0,0,1,0,0,0,13.45997075,52.55695127,2,0.5,16 to 20
9,9200819.0,9,17,3,3,5,2,0,1,0,0,1,0,0,0,13.56193585,52.43675796,2,0.5,16 to 20
1,1100205.0,9,8,6,3,5,3,0,1,1,0,0,0,0,1,13.37643871,52.51009258,2,0.5,08 to 12
4,4501150.0,9,7,2,3,6,4,0,1,0,1,0,0,0,1,13.32919973,52.48624698,2,0.5,04 to 08
3,3200207.0,9,7,4,3,5,3,0,1,1,0,0,0,0,0,13.40628687,52.58834981,2,0.5,04 to 08
7,6100210.0,9,1,3,2,9,1,2,0,1,0,0,0,0,0,13.34775077,52.45921508,1,0.0,00 to 04
8,8100416.0,9,16,5,3,2,6,0,0,1,0,1,0,0,0,13.43985588,52.47591437,2,0.0,16 to 20
11,11200411.0,9,14,1,2,5,3,0,1,1,0,0,0,0,0,13.5118283,52.55064087,2,0.5,12 to 16
1,1200626.0,9,15,3,3,5,2,0,1,1,0,0,0,0,0,13.3423218,52.52418741,2,0.5,12 to 16
4,4100102.0,9,15,4,3,5,3,0,1,1,0,0,0,0,0,13.30397554,52.53949017,2,0.5,12 to 16
1,1100311.0,9,13,6,3,1,5,0,1,1,0,0,0,0,1,13.42007527,52.51730162,2,0.5,12 to 16
12,12400616.0,9,8,3,3,5,3,0,0,1,0,0,0,0,0,13.22609696,52.58721663,1,0.0,08 to 12
2,2100106.0,9,17,3,3,6,4,0,0,1,1,0,0,0,0,13.4176417,52.49885366,2,0.0,16 to 20
3,3100103.0,9,14,6,3,0,7,0,0,0,0,0,0,1,1,13.50021481,52.63284933,1,0.0,12 to 16
2,2300417.0,9,13,4,3,6,2,0,0,1,1,0,0,0,0,13.42874262,52.49387285,2,0.0,12 to 16
6,6100209.0,9,11,2,3,1,5,0,0,1,0,0,0,0,0,13.33464452,52.46092459,1,0.0,08 to 12
1,1401049.0,9,11,4,3,5,2,0,1,0,0,0,0,1,0,13.36571346,52.55713205,2,0.5,08 to 12
7,7200308.0,9,15,5,3,4,5,0,1,1,0,0,0,0,0,13.35057346,52.47958092,2,0.5,12 to 16
1,1100205.0,9,7,6,2,5,2,0,1,1,0,0,0,0,1,13.37703864,52.5124555,2,0.5,04 to 08
2,2400623.0,9,12,4,3,6,4,0,0,1,1,0,0,0,0,13.43168449,52.51518043,2,0.0,12 to 16
4,4501042.0,9,12,2,3,2,6,0,0,1,0,0,0,0,0,13.33183994,52.50400172,1,0.0,12 to 16
4,4300622.0,9,13,4,3,3,6,0,1,1,0,0,0,0,0,13.32818403,52.50555305,2,0.5,12 to 16
9,9301126.0,9,16,5,3,5,2,0,0,1,0,0,0,0,0,13.57432305,52.41386541,1,0.0,16 to 20
1,1200522.0,9,23,7,3,6,2,2,0,1,1,0,0,0,1,13.32976393,52.52392817,2,0.0,20 to 24
5,5100317.0,9,14,3,3,2,6,0,0,1,0,0,0,0,0,13.22750089,52.52854436,1,0.0,12 to 16
11,11300617.0,9,17,6,3,5,3,0,0,1,0,0,0,0,0,13.47151001,52.53208058,1,0.0,16 to 20
10,10200418.0,9,15,2,3,5,7,0,0,1,0,0,0,1,0,13.5849008,52.53953473,2,0.0,12 to 16
6,6400844.0,9,16,3,3,2,6,0,1,0,0,0,0,1,0,13.28844601,52.45822003,2,0.5,16 to 20
6,6200421.0,9,13,6,3,2,6,0,0,1,0,0,0,1,0,13.31101361,52.42140922,2,0.0,12 to 16
12,12601235.0,9,12,4,3,2,6,0,0,1,0,0,0,1,0,13.36274023,52.59703244,2,0.0,12 to 16
9,9100409.0,9,20,2,3,9,1,2,0,0,0,1,0,0,0,13.50385824,52.43669611,1,0.0,20 to 24
7,7100103.0,9,8,4,3,3,5,0,1,1,0,0,0,0,0,13.35686933,52.49452475,2,0.5,08 to 12
11,11100204.0,9,18,5,3,5,3,0,1,1,0,0,0,0,0,13.52416549,52.56460487,2,0.5,16 to 20
1,1100311.0,9,18,7,3,3,6,1,0,1,0,1,0,0,1,13.41561356,52.52059838,2,0.0,16 to 20
5,5200629.0,9,12,3,3,6,2,0,0,1,1,0,0,0,0,13.19818734,52.53303587,2,0.0,12 to 16
8,8200831.0,9,16,3,3,5,2,0,1,1,0,0,0,0,0,13.40696283,52.41584725,2,0.5,16 to 20
1,1100416.0,9,10,6,3,2,6,0,0,1,0,0,0,0,1,13.39669193,52.53736754,1,0.0,08 to 12
10,10100209.0,9,11,2,3,5,5,0,0,1,0,0,0,0,0,13.5693927,52.55058674,1,0.0,08 to 12
4,4300517.0,9,19,7,3,5,3,2,0,1,0,0,0,0,1,13.30371471,52.52560613,1,0.0,16 to 20
1,1200520.0,9,8,3,3,0,6,0,1,0,0,0,0,0,0,13.34322467,52.53181786,1,1.0,08 to 12
1,1100207.0,9,16,3,3,0,3,0,1,1,0,0,0,0,0,13.40021877,52.50950305,2,0.5,16 to 20
2,2200208.0,9,14,3,3,5,2,0,1,1,0,0,0,0,0,13.38783859,52.49276699,2,0.5,12 to 16
2,2100106.0,9,14,6,3,3,6,0,1,0,0,0,0,0,1,13.41215034,52.49871256,1,1.0,12 to 16
11,11200513.0,9,7,2,3,6,4,0,0,1,1,0,0,0,0,13.48699242,52.53797818,2,0.0,04 to 08
2,2300419.0,9,16,3,3,5,7,0,0,1,0,0,0,0,0,13.44718327,52.49825219,1,0.0,16 to 20
12,12100102.0,9,12,6,2,5,3,0,0,1,0,1,0,0,1,13.37741486,52.57130574,2,0.0,12 to 16
4,4501042.0,9,17,2,3,5,2,0,0,1,0,1,0,0,0,13.33921964,52.50313903,2,0.0,16 to 20
1,1401045.0,9,20,3,3,5,7,2,0,1,0,0,0,0,0,13.37964395,52.55293861,1,0.0,20 to 24
2,2500830.0,9,12,5,3,0,1,0,1,1,0,0,0,0,0,13.45602898,52.51337719,2,0.5,12 to 16
8,8100314.0,9,15,7,3,2,6,0,0,1,0,0,0,0,1,13.43754256,52.48121835,1,0.0,12 to 16
1,1100311.0,9,9,3,2,2,2,0,0,1,0,0,0,0,0,13.42054011,52.51764064,1,0.0,08 to 12
9,9200512.0,9,16,3,3,2,6,0,0,1,0,0,0,0,0,13.54523245,52.45715172,1,0.0,16 to 20
3,3400828.0,9,9,6,3,5,3,0,0,1,0,1,0,0,1,13.42223513,52.55988278,2,0.0,08 to 12
7,7601443.0,9,6,4,3,5,3,0,0,1,0,0,0,0,0,13.41109754,52.40015541,1,0.0,04 to 08
1,1100102.0,9,18,3,3,2,6,0,0,1,0,0,0,0,0,13.35180585,52.50962617,1,0.0,16 to 20
2,2400623.0,9,17,5,3,6,4,0,0,1,1,0,0,0,0,13.43173558,52.51517382,2,0.0,16 to 20
6,6300526.0,9,14,4,3,0,4,0,0,0,1,0,0,1,0,13.26001226,52.43411694,2,0.0,12 to 16
1,1300733.0,9,18,3,3,5,3,0,0,1,0,1,0,0,0,13.39212961,52.55420547,2,0.0,16 to 20
4,4300622.0,9,18,5,3,3,6,0,1,1,0,0,0,0,0,13.32607653,52.50920497,2,0.5,16 to 20
8,8200832.0,9,13,1,3,0,5,0,1,0,0,0,0,1,0,13.42872502,52.42110045,2,0.5,12 to 16
8,8100415.0,9,17,3,3,2,6,0,0,1,0,1,0,0,0,13.44350494,52.48010992,2,0.0,16 to 20
1,1300834.0,9,13,5,3,5,7,0,0,0,0,1,0,1,0,13.39526162,52.53911282,2,0.0,12 to 16
1,1401049.0,9,13,7,3,2,6,0,0,1,0,0,0,0,1,13.36387096,52.55640775,1,0.0,12 to 16
8,8401243.0,9,17,3,3,1,5,0,1,1,0,0,0,0,0,13.49258499,52.42001046,2,0.5,16 to 20
6,6400840.0,9,15,3,3,5,2,0,0,1,0,0,0,0,0,13.25110649,52.44998683,1,0.0,12 to 16
1,1300836.0,9,7,6,3,2,6,0,0,1,0,0,0,0,1,13.37931396,52.54053369,1,0.0,04 to 08
1,1300733.0,9,13,2,2,6,4,0,0,0,1,0,0,1,0,13.38545156,52.55024393,2,0.0,12 to 16
4,4300623.0,9,2,4,3,5,3,2,1,1,0,0,0,0,0,13.31385456,52.50615836,2,0.5,00 to 04
8,8200624.0,9,18,3,3,2,2,0,0,1,0,1,0,0,0,13.43705627,52.45267464,2,0.0,16 to 20
2,2200209.0,9,16,5,3,2,6,0,0,1,0,0,0,0,0,13.37660046,52.48572695,1,0.0,16 to 20
6,6300633.0,9,10,1,3,5,3,0,1,1,0,0,0,0,0,13.31562781,52.44163655,2,0.5,08 to 12
2,2300316.0,9,15,3,3,5,3,0,1,0,0,0,0,0,0,13.44434773,52.50075298,1,1.0,12 to 16
1,1100102.0,9,19,6,3,2,6,2,0,1,0,0,0,0,1,13.3660029,52.50582142,1,0.0,16 to 20
4,4300518.0,9,8,3,3,5,2,0,1,0,0,0,1,0,0,13.30653204,52.52879239,2,0.5,08 to 12
1,1100102.0,9,18,1,3,5,2,1,1,1,0,0,0,0,1,13.37190639,52.50899952,2,0.5,16 to 20
9,9100101.0,9,16,3,3,5,2,0,1,1,0,0,0,0,0,13.4565736,52.48711554,2,0.5,16 to 20
4,4200311.0,9,9,6,3,5,2,0,1,0,0,0,1,0,1,13.27344124,52.49997271,2,0.5,08 to 12
7,7300517.0,9,8,3,3,2,6,0,0,1,0,0,1,0,0,13.32887112,52.47157953,2,0.0,08 to 12
9,9200613.0,9,18,3,2,0,1,0,0,0,0,1,0,0,0,13.50273092,52.46032716,1,0.0,16 to 20
1,1200629.0,9,6,6,3,5,3,1,0,1,0,0,0,0,1,13.33971761,52.51891102,1,0.0,04 to 08
1,1100206.0,9,21,4,2,2,2,2,1,0,0,0,0,0,0,13.38043848,52.51808883,1,1.0,20 to 24
12,12200309.0,9,12,2,2,5,7,0,0,1,0,1,0,0,0,13.32862075,52.56242066,2,0.0,12 to 16
1,1300834.0,9,12,4,3,3,6,0,0,0,0,1,0,1,0,13.39739274,52.53865497,2,0.0,12 to 16
7,7100102.0,9,15,4,3,2,6,0,0,1,0,1,0,0,0,13.34748445,52.50131179,2,0.0,12 to 16
4,4501043.0,9,12,5,3,5,3,0,1,1,0,0,0,0,0,13.3148964,52.49419585,2,0.5,12 to 16
1,1100101.0,9,21,7,3,2,5,2,0,1,0,0,0,0,1,13.33964059,52.50525611,1,0.0,20 to 24
8,8200726.0,9,15,3,3,5,3,0,1,1,0,0,0,0,0,13.43330933,52.44490376,2,0.5,12 to 16
1,1300835.0,9,15,4,3,2,7,0,1,1,0,0,0,0,0,13.38377402,52.53653046,2,0.5,12 to 16
2,2500831.0,9,16,6,2,6,4,0,0,1,1,0,0,0,0,13.46748023,52.5096296,2,0.0,16 to 20
5,5300841.0,9,20,2,3,0,7,2,1,0,0,0,0,0,0,13.2716733,52.53599761,1,1.0,20 to 24
4,4300412.0,9,17,3,3,1,5,0,1,1,0,0,0,0,0,13.28451582,52.51858751,2,0.5,16 to 20
1,1400938.0,9,13,6,3,5,2,0,1,1,0,0,0,0,1,13.3424521,52.54524727,2,0.5,12 to 16
4,4501042.0,9,18,2,3,1,5,1,1,1,0,0,0,0,0,13.33407337,52.50431777,2,0.5,16 to 20
3,3500934.0,9,7,3,3,0,7,0,1,0,1,0,0,0,0,13.44347229,52.55437456,2,0.5,04 to 08
6,6100208.0,10,21,6,3,5,7,2,0,1,0,0,0,0,0,13.33842439,52.45282445,1,0.0,20 to 24
11,11400929.0,10,16,4,3,0,1,0,1,0,0,0,0,0,1,13.49121518,52.50133204,1,1.0,16 to 20
1,1400942.0,10,18,3,2,5,2,0,0,1,0,0,0,1,0,13.34385028,52.54633449,2,0.0,16 to 20
8,8100314.0,10,18,3,3,5,3,2,0,1,0,0,0,1,1,13.42905465,52.48539214,2,0.0,16 to 20
2,2100101.0,10,16,6,3,2,6,0,0,1,0,0,0,0,0,13.38602532,52.50651884,1,0.0,16 to 20
10,10200418.0,10,17,4,3,1,5,0,0,1,0,0,0,1,0,13.58873399,52.5451481,2,0.0,16 to 20
6,6100101.0,10,16,6,3,4,6,0,0,1,0,1,0,0,0,13.31875307,52.45760447,2,0.0,16 to 20
1,1100308.0,10,13,3,2,5,3,0,0,0,0,1,0,0,0,13.38764487,52.52397279,1,0.0,12 to 16
1,1100101.0,10,19,7,3,0,1,2,0,0,0,0,0,1,0,13.35155569,52.5094323,1,0.0,16 to 20
3,3100101.0,10,17,3,3,5,2,1,1,1,0,0,0,0,0,13.45044528,52.64683587,2,0.5,16 to 20
9,9100409.0,10,20,6,2,0,1,2,1,0,0,0,0,0,0,13.51495655,52.44591331,1,1.0,20 to 24
7,7501134.0,10,13,6,3,6,4,0,0,1,1,0,0,0,0,13.40457627,52.43950863,2,0.0,12 to 16
3,3400725.0,10,12,4,3,6,4,0,0,1,1,0,0,0,0,13.41166742,52.58230649,2,0.0,12 to 16
3,3701554.0,10,13,3,3,5,7,0,1,1,0,0,0,0,0,13.41110822,52.53805404,2,0.5,12 to 16
3,3501037.0,10,15,6,3,5,3,0,1,1,0,0,0,0,0,13.47152233,52.55967763,2,0.5,12 to 16
9,9502043.0,10,7,4,3,5,3,0,0,1,0,1,0,0,0,13.55329268,52.46959418,2,0.0,04 to 08
12,12100205.0,10,14,6,3,5,3,0,1,1,0,0,0,0,0,13.3514229,52.5693655,2,0.5,12 to 16
8,8100105.0,10,7,4,3,2,6,0,0,1,0,0,0,1,1,13.43188121,52.46653754,2,0.0,04 to 08
8,8100314.0,10,9,6,3,5,3,0,0,1,0,0,0,1,0,13.42404307,52.48640172,2,0.0,08 to 12
4,4200309.0,10,14,7,2,2,6,0,1,0,0,1,0,0,0,13.2596274,52.51691273,2,0.5,12 to 16
8,8200624.0,10,13,3,3,5,3,0,1,1,0,0,0,0,0,13.43294746,52.45245865,2,0.5,12 to 16
1,1401048.0,10,2,6,3,0,7,2,0,1,0,0,0,0,0,13.35934089,52.54775831,1,0.0,00 to 04
8,8200832.0,10,6,6,3,5,2,0,0,1,0,0,0,0,0,13.41686175,52.41825878,1,0.0,04 to 08
7,7501031.0,10,11,4,3,1,7,0,0,1,0,0,0,0,0,13.39279773,52.44754654,1,0.0,08 to 12
9,9200717.0,10,17,3,2,3,6,0,0,1,0,1,0,0,0,13.55259997,52.43045613,2,0.0,16 to 20
1,1100207.0,10,8,6,3,5,2,0,1,1,0,0,0,0,0,13.39670904,52.51100544,2,0.5,08 to 12
1,1400937.0,10,0,4,3,9,1,2,0,0,0,0,0,1,1,13.33764846,52.5587087,1,0.0,00 to 04
7,7100102.0,10,7,6,3,0,1,0,0,0,0,1,0,0,0,13.34761215,52.50140417,1,0.0,04 to 08
3,3100101.0,10,9,7,2,5,3,0,0,1,0,0,0,0,0,13.47937622,52.64360175,1,0.0,08 to 12
8,8300934.0,10,19,5,3,8,1,1,0,1,0,0,0,0,1,13.46216594,52.43064752,1,0.0,16 to 20
1,1300731.0,10,14,3,2,6,4,0,0,1,1,0,0,0,0,13.38681033,52.56735854,2,0.0,12 to 16
4,4500936.0,10,18,3,3,1,5,1,1,1,0,0,0,0,0,13.30500765,52.50274197,2,0.5,16 to 20
11,11100102.0,10,10,6,3,5,2,0,1,1,0,0,0,0,0,13.55642211,52.5703895,2,0.5,08 to 12
6,6100209.0,10,19,4,3,2,2,2,0,1,0,0,0,1,1,13.3393324,52.46165562,2,0.0,16 to 20
2,2200210.0,10,17,3,3,6,4,0,0,1,1,0,0,0,0,13.40378063,52.4951421,2,0.0,16 to 20
12,12100102.0,10,13,7,3,5,3,0,0,1,0,1,0,0,0,13.36558775,52.56793409,2,0.0,12 to 16
11,11401032.0,10,21,5,2,0,4,2,0,0,1,1,0,0,1,13.51885641,52.51328855,2,0.0,20 to 24
10,10100311.0,10,6,3,3,0,2,0,1,1,0,0,0,0,0,13.51927827,52.53060642,2,0.5,04 to 08
5,5200632.0,10,14,6,3,2,6,0,0,1,0,0,0,0,0,13.20517792,52.5300495,1,0.0,12 to 16
12,12100102.0,10,8,4,3,1,5,0,1,1,0,0,0,0,0,13.37697259,52.57120324,2,0.5,08 to 12
4,4200206.0,10,14,3,3,2,6,0,0,1,0,1,0,0,0,13.21771488,52.50872996,2,0.0,12 to 16
5,5300840.0,10,14,6,3,5,2,0,0,1,0,0,0,0,0,13.26485675,52.53673842,1,0.0,12 to 16
8,8100313.0,10,16,4,3,3,6,0,1,1,0,0,0,0,1,13.44806218,52.48760183,2,0.5,16 to 20
2,2400521.0,10,19,1,3,6,4,2,0,1,1,0,0,0,0,13.43110955,52.52313954,2,0.0,16 to 20
7,7300517.0,10,14,6,3,5,3,0,1,1,0,0,0,0,0,13.32826263,52.47715341,2,0.5,12 to 16
1,1300733.0,10,20,6,3,1,5,2,1,1,0,0,0,0,0,13.38518342,52.55040397,2,0.5,20 to 24
6,6200311.0,10,18,5,2,5,3,2,1,1,0,0,0,0,1,13.35951828,52.43426394,2,0.5,16 to 20
9,9502042.0,10,17,3,3,0,1,0,1,0,0,0,0,0,1,13.5890015,52.45970189,1,1.0,16 to 20
11,11200513.0,10,20,3,2,6,4,2,0,1,1,0,0,0,0,13.49296914,52.54435689,2,0.0,20 to 24
3,3500936.0,10,14,6,3,5,2,0,1,1,0,0,0,0,0,13.45899364,52.55014431,2,0.5,12 to 16
7,7100101.0,10,17,4,3,2,6,0,1,1,0,0,0,0,1,13.3418122,52.50227062,2,0.5,16 to 20
2,2400623.0,10,14,6,3,2,6,0,0,1,0,0,0,1,0,13.42796128,52.51762033,2,0.0,12 to 16
8,8100418.0,10,6,3,3,4,2,0,1,0,0,0,0,1,0,13.45509038,52.47924681,2,0.5,04 to 08
4,4300620.0,10,4,1,3,5,3,2,0,1,0,0,0,0,0,13.33576482,52.51367022,1,0.0,04 to 08
2,2500833.0,10,1,1,3,0,1,2,0,0,0,0,0,1,0,13.46029936,52.50891721,1,0.0,00 to 04
3,3400722.0,10,13,6,3,0,3,0,1,1,0,0,0,0,0,13.40849572,52.57214427,2,0.5,12 to 16
3,3200205.0,10,15,4,3,2,6,0,1,1,0,0,0,0,0,13.3856432,52.58312425,2,0.5,12 to 16
2,2300417.0,10,13,1,3,0,1,0,0,0,0,1,0,0,0,13.43182533,52.49714822,1,0.0,12 to 16
2,2300419.0,10,17,1,3,6,4,1,0,0,1,1,0,0,0,13.44533475,52.49930604,2,0.0,16 to 20
8,8100102.0,10,13,6,3,5,7,0,0,1,0,0,0,0,0,13.41624816,52.48050321,1,0.0,12 to 16
1,1200623.0,10,20,6,3,2,7,2,1,1,0,0,0,0,0,13.35858993,52.53464634,2,0.5,20 to 24
1,1200522.0,10,16,4,3,3,6,0,0,1,0,1,0,0,1,13.33931177,52.52568103,2,0.0,16 to 20
9,9200819.0,10,6,3,3,2,6,2,0,1,0,0,0,0,1,13.55925756,52.44652984,1,0.0,04 to 08
1,1100102.0,10,9,3,3,3,6,0,0,1,0,1,0,0,0,13.34902078,52.51474176,2,0.0,08 to 12
11,11300721.0,10,13,6,3,5,3,0,1,1,0,0,0,0,0,13.49122286,52.52654828,2,0.5,12 to 16
5,5100105.0,10,17,4,2,2,6,1,0,1,0,0,0,0,1,13.19804653,52.5577104,1,0.0,16 to 20
7,7400824.0,10,13,6,2,0,7,0,0,1,0,1,0,0,0,13.38554042,52.46858785,2,0.0,12 to 16
3,3601244.0,10,17,3,3,3,6,0,1,1,0,0,0,0,0,13.42697548,52.54592649,2,0.5,16 to 20
4,4501148.0,10,17,7,3,5,2,1,1,1,0,0,0,0,0,13.31271356,52.48042507,2,0.5,16 to 20
4,4300416.0,10,16,3,3,4,2,1,1,1,0,0,0,0,0,13.29549635,52.5058913,2,0.5,16 to 20
11,11300721.0,10,13,6,3,2,6,0,0,1,0,0,0,0,0,13.4970953,52.53413157,1,0.0,12 to 16
11,11501341.0,10,16,6,3,0,7,0,1,0,0,0,0,0,0,13.50541809,52.48413362,1,1.0,16 to 20
6,6400844.0,10,8,4,3,3,6,0,1,1,0,0,0,0,0,13.29342951,52.46730146,2,0.5,08 to 12
1,1400942.0,10,15,3,3,5,3,0,1,1,0,0,0,0,0,13.34611386,52.54492906,2,0.5,12 to 16
2,2200208.0,10,23,2,3,5,3,2,1,0,0,0,0,0,0,13.3892461,52.49605599,1,1.0,20 to 24
10,10400836.0,10,12,6,3,1,7,0,0,1,0,0,0,0,0,13.58977396,52.50774954,1,0.0,12 to 16
1,1100102.0,10,16,6,3,2,6,0,0,1,0,0,0,0,0,13.35068091,52.51262295,1,0.0,16 to 20
2,2200207.0,10,14,4,3,0,6,0,0,0,0,1,1,0,1,13.37397193,52.50362005,2,0.0,12 to 16
5,5300736.0,10,11,2,2,5,2,0,0,0,0,1,0,1,0,13.22882072,52.53788549,2,0.0,08 to 12
1,1100205.0,10,12,6,3,0,1,0,0,0,1,1,0,0,0,13.37726235,52.50841237,2,0.0,12 to 16
1,1400937.0,10,8,4,3,5,7,0,1,1,0,0,0,0,1,13.32573504,52.55853285,2,0.5,08 to 12
12,12500926.0,10,11,6,3,1,5,0,0,1,0,0,0,0,0,13.32550164,52.59048952,1,0.0,08 to 12
2,2100106.0,10,14,7,3,3,6,0,1,0,0,0,0,0,0,13.40440611,52.49831249,1,1.0,12 to 16
7,7200409.0,10,7,5,3,0,7,0,1,1,0,0,0,0,0,13.34564276,52.48474859,2,0.5,04 to 08
1,1200522.0,10,0,2,3,5,2,2,1,1,0,0,0,0,0,13.34299207,52.525463,2,0.5,00 to 04
4,4200308.0,10,11,6,3,5,2,0,1,1,0,0,0,0,0,13.27993568,52.52048354,2,0.5,08 to 12
2,2300314.0,10,9,4,3,5,2,0,1,1,0,0,0,0,0,13.41665462,52.50201758,2,0.5,08 to 12
1,1300733.0,10,18,2,3,5,2,1,1,1,0,0,0,0,1,13.39024897,52.55555111,2,0.5,16 to 20
7,7100204.0,10,21,5,3,5,3,2,1,0,0,0,0,0,0,13.35339267,52.49242007,1,1.0,20 to 24
3,3601449.0,10,16,4,2,6,4,0,0,1,1,0,0,0,1,13.45270038,52.53924113,2,0.0,16 to 20
6,6100101.0,10,8,5,3,0,1,0,0,0,0,1,0,0,0,13.30877398,52.46344487,1,0.0,08 to 12
11,11200411.0,10,6,4,3,5,2,1,0,1,0,0,0,0,1,13.51000724,52.55038685,1,0.0,04 to 08
1,1400938.0,10,13,5,3,6,7,0,0,1,1,0,0,0,0,13.34800944,52.55126719,2,0.0,12 to 16
2,2200210.0,10,15,7,3,5,3,0,1,1,0,0,0,0,0,13.39547957,52.49686236,2,0.5,12 to 16
8,8100105.0,10,20,5,3,2,6,2,0,1,0,0,0,0,1,13.43124144,52.46763813,1,0.0,20 to 24
9,9200717.0,10,19,2,3,0,4,2,0,0,1,1,0,0,1,13.55456659,52.43449358,2,0.0,16 to 20
3,3500936.0,10,17,5,3,5,3,0,1,1,0,0,0,0,0,13.4663402,52.5512732,2,0.5,16 to 20
1,1401049.0,10,20,4,3,5,3,2,0,1,0,0,0,0,1,13.36547062,52.55681716,1,0.0,20 to 24
2,2400521.0,10,16,2,3,5,2,0,1,0,0,0,0,1,1,13.43288304,52.51782642,2,0.5,16 to 20
9,9100409.0,10,17,5,2,5,3,0,0,1,0,1,0,0,0,13.49840047,52.43382166,2,0.0,16 to 20
4,4300414.0,10,15,4,3,1,5,0,1,1,0,0,0,0,0,13.29704685,52.51414589,2,0.5,12 to 16
6,6400840.0,10,17,1,3,1,1,0,1,1,0,0,0,0,0,13.26009129,52.4450039,2,0.5,16 to 20
2,2300419.0,10,17,5,3,1,5,0,1,1,0,0,0,0,0,13.44373088,52.4974932,2,0.5,16 to 20
4,4501042.0,10,10,6,3,0,6,0,0,1,0,0,0,1,0,13.33201053,52.50645172,2,0.0,08 to 12
9,9401432.0,10,9,5,1,5,2,0,1,0,0,0,1,0,0,13.59324592,52.44129326,2,0.5,08 to 12
8,8301036.0,10,8,2,3,5,2,0,1,0,0,0,0,1,0,13.46811074,52.42763426,2,0.5,08 to 12
2,2400624.0,10,9,3,3,1,5,0,1,1,0,0,0,0,0,13.44354902,52.51502676,2,0.5,08 to 12
5,5300737.0,10,17,5,3,6,7,0,0,1,1,0,0,0,0,13.24060012,52.54310203,2,0.0,16 to 20
8,8100415.0,10,22,7,3,5,3,2,1,1,0,0,0,0,0,13.43912316,52.48045416,2,0.5,20 to 24
2,2500832.0,10,18,5,3,0,1,2,0,0,0,1,0,0,1,13.46850706,52.50697586,1,0.0,16 to 20
7,7200412.0,10,15,2,3,0,7,0,1,0,0,0,0,0,1,13.36019656,52.47893543,1,1.0,12 to 16