bez,lor_ab_2021,umonat,ustunde,uwochentag,ukategorie,uart,utyp1,ulichtverh,istrad,istpkw,istfuss,istkrad,istgkfz,istsonstige,ustrzustand,xgcswgs84,ygcswgs84,all_acc,perc_bike_acc,rushhours
9,9501939.0,10,11,3,3,2,2,0,0,1,0,0,0,0,0,13.57215953,52.45085835,1,0.0,08 to 12
12,12500930.0,10,16,5,2,5,2,0,0,1,0,1,0,0,0,13.33407106,52.58239596,2,0.0,16 to 20
5,5300737.0,10,18,4,3,0,6,1,0,0,0,1,0,1,1,13.2471715,52.54258216,2,0.0,16 to 20
2,2500835.0,10,15,5,3,6,7,0,0,0,1,0,0,1,0,13.46591486,52.49958161,2,0.0,12 to 16
1,1100102.0,10,19,3,3,5,2,2,1,1,0,0,0,0,1,13.37189203,52.5090436,2,0.5,16 to 20
1,1100309.0,10,7,3,3,2,6,0,1,1,0,0,0,0,0,13.3975286,52.52948533,2,0.5,04 to 08
2,2100102.0,10,11,1,3,5,3,0,1,1,0,0,0,0,0,13.39584269,52.49902478,2,0.5,08 to 12
1,1100102.0,10,16,1,3,5,2,0,1,1,0,0,0,0,0,13.37190349,52.50900843,2,0.5,16 to 20
5,5200632.0,10,15,5,3,5,3,0,0,1,0,1,0,0,0,13.21169703,52.52741227,2,0.0,12 to 16
5,5100312.0,10,19,6,3,0,2,1,0,1,0,0,0,1,0,13.20056972,52.54940286,2,0.0,16 to 20
2,2500835.0,10,15,4,3,0,2,0,0,1,0,0,0,0,0,13.46468478,52.49748047,1,0.0,12 to 16
9,9401432.0,10,14,2,3,0,5,0,1,1,0,0,0,0,0,13.59734733,52.44154094,2,0.5,12 to 16
1,1100205.0,10,9,3,3,5,2,0,1,1,0,0,0,0,0,13.37657449,52.51005478,2,0.5,08 to 12
7,7200409.0,10,15,5,3,5,2,0,1,1,0,0,0,0,0,13.34919459,52.48883732,2,0.5,12 to 16
6,6100102.0,10,13,4,2,0,1,0,1,0,0,0,0,0,1,13.32394715,52.45616981,1,1.0,12 to 16
8,8200624.0,10,8,3,3,2,6,0,0,1,0,0,1,0,0,13.43261686,52.45272519,2,0.0,08 to 12
12,12100204.0,10,14,5,3,5,3,0,0,1,0,1,0,0,0,13.35976475,52.56194737,2,0.0,12 to 16
3,3400723.0,10,14,5,3,2,6,0,0,1,0,0,0,0,0,13.42208862,52.57338742,1,0.0,12 to 16
7,7200410.0,10,17,4,3,6,4,0,0,1,1,0,0,0,0,13.35449639,52.48192319,2,0.0,16 to 20
8,8100105.0,10,22,3,3,1,5,2,0,1,0,1,0,0,1,13.42840998,52.46601583,2,0.0,20 to 24
3,3200204.0,10,14,5,3,5,2,0,1,1,0,0,0,0,0,13.40216569,52.60286816,2,0.5,12 to 16
7,7200307.0,10,16,2,3,5,2,0,1,1,0,0,0,0,1,13.34515952,52.48887572,2,0.5,16 to 20
11,11200513.0,10,20,1,3,0,1,2,1,0,0,0,0,0,0,13.49200577,52.54165571,1,1.0,20 to 24
1,1401049.0,10,2,7,3,5,2,2,1,1,0,0,0,0,0,13.36574275,52.55713404,2,0.5,00 to 04
9,9501939.0,10,19,2,3,0,3,2,0,1,0,1,0,0,1,13.57342365,52.4591399,2,0.0,16 to 20
9,9401432.0,10,14,5,3,5,3,0,0,1,0,0,0,0,0,13.59375888,52.44814691,1,0.0,12 to 16
5,5200423.0,10,19,6,2,5,2,2,0,1,0,1,0,0,0,13.15801076,52.53316558,2,0.0,16 to 20
1,1300836.0,10,12,4,3,5,2,0,1,1,0,0,0,0,1,13.37602481,52.54881322,2,0.5,12 to 16
7,7501030.0,10,16,2,3,4,2,0,0,1,0,0,0,0,1,13.38261673,52.44377334,1,0.0,16 to 20
11,11401137.0,10,14,5,3,5,3,0,1,1,0,0,0,0,0,13.51449169,52.49479216,2,0.5,12 to 16
3,3601245.0,10,8,4,2,5,2,0,1,1,0,0,0,0,0,13.43033322,52.55093429,2,0.5,08 to 12
1,2100104.0,10,23,3,3,5,5,2,0,1,0,1,0,0,1,13.41150716,52.50461624,2,0.0,20 to 24
8,8200832.0,10,13,5,3,6,2,0,0,1,1,0,0,0,0,13.41672026,52.41828974,2,0.0,12 to 16
3,3400826.0,10,17,7,2,0,7,0,1,0,0,0,0,0,0,13.40820292,52.56362816,1,1.0,16 to 20
12,12200309.0,10,22,5,3,0,3,2,0,1,0,1,0,0,1,13.32928861,52.56341418,2,0.0,20 to 24
3,3300517.0,10,14,2,3,5,3,0,0,1,0,0,0,1,0,13.46536031,52.56714473,2,0.0,12 to 16
5,5200524.0,10,15,7,2,5,3,0,0,1,0,0,0,0,0,13.12861635,52.52878245,1,0.0,12 to 16
11,11200513.0,10,19,2,3,1,5,2,1,1,0,0,0,0,1,13.49156325,52.54182667,2,0.5,16 to 20
6,6100101.0,10,11,5,2,0,1,0,1,0,0,0,0,0,0,13.3055894,52.4589652,1,1.0,08 to 12
4,4500937.0,10,12,5,3,5,3,0,0,1,0,1,0,0,0,13.28949908,52.49480277,2,0.0,12 to 16
7,7601442.0,10,11,4,3,5,2,0,1,0,0,0,1,0,0,13.39276523,52.41270943,2,0.5,08 to 12
1,3701556.0,10,16,2,3,5,3,1,1,1,0,0,0,0,1,13.40984557,52.52897467,2,0.5,16 to 20
10,10100104.0,10,12,5,3,5,3,0,1,1,0,0,0,0,0,13.57500293,52.56407029,2,0.5,12 to 16
6,6300528.0,10,6,4,3,2,6,2,0,1,0,0,0,0,1,13.2787204,52.4309553,1,0.0,04 to 08
1,1300732.0,10,21,3,3,1,5,2,0,1,0,0,0,0,1,13.39017324,52.56277107,1,0.0,20 to 24
4,4501153.0,10,15,5,3,5,2,0,1,1,0,0,0,0,0,13.33316061,52.48597105,2,0.5,12 to 16
1,1200628.0,10,9,7,3,2,6,0,0,1,0,0,0,1,0,13.36848195,52.5260562,2,0.0,08 to 12
1,1200623.0,10,19,5,2,6,4,1,0,0,1,0,0,1,0,13.35524266,52.52690427,2,0.0,16 to 20
4,4400835.0,10,15,2,3,5,2,0,1,1,0,0,0,0,0,13.31965426,52.47158859,2,0.5,12 to 16
1,1100416.0,10,11,3,3,2,6,0,0,1,0,0,0,0,0,13.39646782,52.53765992,1,0.0,08 to 12
8,8100312.0,10,10,5,3,5,2,0,1,0,0,0,0,0,0,13.44395475,52.48459258,1,1.0,08 to 12
12,12500824.0,10,20,4,3,1,5,2,1,1,0,0,0,0,1,13.30174707,52.59159456,2,0.5,20 to 24
4,4300623.0,10,16,2,2,0,6,0,1,1,0,0,0,0,1,13.30935001,52.50698267,2,0.5,16 to 20
9,9501736.0,10,7,5,3,5,3,1,1,1,0,0,0,0,1,13.60745002,52.45311944,2,0.5,04 to 08
3,3400721.0,10,15,4,3,0,3,0,1,1,0,0,0,0,1,13.39878248,52.56928078,2,0.5,12 to 16
7,7501029.0,10,11,5,3,9,1,0,0,1,0,0,0,0,0,13.37572775,52.44373321,1,0.0,08 to 12
11,11501238.0,10,9,4,2,5,2,0,1,0,0,0,1,0,0,13.47521791,52.50161188,2,0.5,08 to 12
6,6100209.0,10,18,2,3,5,3,2,0,1,0,0,0,0,1,13.33532693,52.45845888,1,0.0,16 to 20
7,7601548.0,10,10,5,2,1,5,0,0,1,0,0,0,0,0,13.42073675,52.38550861,1,0.0,08 to 12
10,10200629.0,10,16,4,3,5,3,0,0,1,0,0,0,1,1,13.58622422,52.51674866,2,0.0,16 to 20
3,3400725.0,10,10,5,3,5,2,0,0,1,0,1,0,0,0,13.41263398,52.58258412,2,0.0,08 to 12
1,1300835.0,10,20,7,3,2,6,2,0,1,0,0,0,0,0,13.39345862,52.54102732,1,0.0,20 to 24
12,12100205.0,10,18,5,2,2,6,0,0,1,0,0,0,0,1,13.34515613,52.58931295,1,0.0,16 to 20
6,6300526.0,10,12,2,3,5,3,0,1,1,0,0,0,0,0,13.25721204,52.43365993,2,0.5,12 to 16
2,2100103.0,10,9,3,2,5,2,0,1,0,0,0,1,0,0,13.40171911,52.50617868,2,0.5,08 to 12
1,1200517.0,10,9,5,3,1,5,0,1,1,0,0,0,0,0,13.32245946,52.52563637,2,0.5,08 to 12
9,9501838.0,10,17,4,2,1,5,1,0,1,0,0,0,0,1,13.69292369,52.45666953,1,0.0,16 to 20
2,2300315.0,10,19,3,3,5,2,2,1,1,0,0,0,0,1,13.42638539,52.49926792,2,0.5,16 to 20
11,11400931.0,10,9,5,3,0,7,0,1,0,0,0,0,1,0,13.50752883,52.50842667,2,0.5,08 to 12
4,4501042.0,10,19,3,3,5,3,2,0,1,0,1,0,0,1,13.33082631,52.50046873,2,0.0,16 to 20
5,5300737.0,10,7,1,3,5,2,0,0,1,0,0,0,0,0,13.24778927,52.53987819,1,0.0,04 to 08
12,12200310.0,10,2,1,3,5,3,2,0,1,0,0,0,0,1,13.31425958,52.57668922,1,0.0,00 to 04
3,3701657.0,10,23,5,3,0,4,2,0,0,1,0,0,1,0,13.42530224,52.54094885,2,0.0,20 to 24
2,2100102.0,10,17,6,3,3,6,0,1,1,0,0,0,0,0,13.39432566,52.50107056,2,0.5,16 to 20
4,4200203.0,10,13,1,3,2,6,0,0,1,0,1,0,0,0,13.23953353,52.51123091,2,0.0,12 to 16
2,2200211.0,10,18,1,3,0,1,1,1,0,0,0,0,0,0,13.3879842,52.4899325,1,1.0,16 to 20
1,1200623.0,10,22,5,3,1,7,2,0,1,0,0,0,0,0,13.36323684,52.52911304,1,0.0,20 to 24
12,12200310.0,10,20,6,3,5,2,2,0,1,0,1,0,0,0,13.31191067,52.57160933,2,0.0,20 to 24
7,7200414.0,10,6,4,3,0,6,2,0,1,0,1,0,0,1,13.37077762,52.48506681,2,0.0,04 to 08
10,10400941.0,10,18,2,3,4,5,1,1,1,0,0,0,0,1,13.62002278,52.49574972,2,0.5,16 to 20
3,3601245.0,10,9,3,3,5,3,0,0,1,0,0,0,1,0,13.43804659,52.54636675,2,0.0,08 to 12
12,12200307.0,10,20,5,3,3,6,2,0,1,0,0,0,0,0,13.33065044,52.57159059,1,0.0,20 to 24
2,2100102.0,10,16,4,3,2,6,0,0,1,0,1,0,0,1,13.39813752,52.50688898,2,0.0,16 to 20
1,1100205.0,10,19,5,2,5,2,2,1,1,0,0,0,0,0,13.38546063,52.5074133,2,0.5,16 to 20
8,8200727.0,10,17,2,3,0,7,0,0,1,0,1,0,0,1,13.44685442,52.4396014,2,0.0,16 to 20
2,2100102.0,10,18,7,3,5,2,1,1,1,0,0,0,0,0,13.39575902,52.499006,2,0.5,16 to 20
2,2500726.0,10,17,2,3,5,2,1,0,1,0,0,0,1,1,13.45079575,52.52719798,2,0.0,16 to 20
4,4200308.0,10,18,5,2,5,3,1,1,1,0,0,0,0,0,13.26953494,52.51971546,2,0.5,16 to 20
11,11400927.0,10,16,6,3,0,6,0,0,0,0,1,0,0,0,13.47985916,52.5041692,1,0.0,16 to 20
1,1100207.0,10,12,4,3,5,3,0,1,1,0,0,0,0,1,13.39023961,52.50768269,2,0.5,12 to 16
7,7300619.0,10,17,2,3,2,6,0,0,1,0,1,0,0,1,13.35548609,52.45752016,2,0.0,16 to 20
1,1200628.0,10,8,5,3,1,5,0,1,1,0,0,0,0,0,13.36398025,52.5227659,2,0.5,08 to 12
9,9200715.0,10,6,4,3,5,3,1,1,1,0,0,0,0,0,13.53509874,52.43972091,2,0.5,04 to 08
3,3200308.0,10,20,3,3,2,6,2,0,1,0,0,0,0,1,13.4194548,52.60595015,1,0.0,20 to 24
12,12100103.0,10,14,4,2,0,2,0,1,0,0,0,1,0,1,13.36076391,52.57033124,2,0.5,12 to 16
7,7400826.0,10,17,2,3,1,7,0,1,1,0,0,0,0,0,13.37515068,52.45286872,2,0.5,16 to 20
2,2500834.0,10,18,5,3,5,3,0,1,1,0,0,0,0,0,13.45104511,52.50854929,2,0.5,16 to 20
3,3501037.0,10,8,4,3,5,3,0,0,1,0,1,0,0,0,13.46095834,52.5638824,2,0.0,08 to 12
3,3400721.0,10,7,5,3,5,3,0,1,0,0,0,0,0,0,13.40153211,52.56907534,1,1.0,04 to 08
7,7501134.0,10,14,7,3,2,6,0,0,1,0,0,0,0,0,13.40217863,52.43970845,1,0.0,12 to 16
12,12200309.0,10,7,5,3,5,2,0,1,1,0,0,0,0,0,13.32538341,52.56467115,2,0.5,04 to 08
6,6300527.0,10,17,2,3,0,2,0,0,1,0,1,0,0,1,13.27247213,52.43725397,2,0.0,16 to 20
11,11100203.0,10,7,5,2,6,4,0,0,0,1,0,0,1,1,13.52510964,52.56907664,2,0.0,04 to 08
5,5300840.0,10,17,5,3,2,6,0,0,1,0,0,0,0,0,13.26651156,52.53352879,1,0.0,16 to 20
10,10100315.0,10,9,4,2,5,2,0,1,1,0,0,0,0,0,13.56907939,52.54535956,2,0.5,08 to 12
6,6200312.0,10,11,2,3,5,3,0,1,1,0,0,0,0,0,13.331274,52.44350166,2,0.5,08 to 12
12,12100103.0,9,19,4,3,1,5,1,1,1,0,0,0,0,0,13.35965874,52.5750015,2,0.5,16 to 20
9,9200511.0,10,16,4,2,6,4,0,0,1,1,0,0,0,1,13.525822,52.45940513,2,0.0,16 to 20
1,1401046.0,9,13,4,3,5,2,0,1,1,0,0,0,0,0,13.34946839,52.5420787,2,0.5,12 to 16
2,2300417.0,10,19,7,3,0,7,2,1,0,0,0,0,0,0,13.42023374,52.49662279,1,1.0,16 to 20
9,9100407.0,10,18,5,3,5,2,2,1,1,0,0,0,0,1,13.50885229,52.45252914,2,0.5,16 to 20
2,2300418.0,10,9,2,3,5,3,0,1,0,0,0,0,0,0,13.43901844,52.49498849,1,1.0,08 to 12
4,4400728.0,9,14,4,3,3,6,0,1,1,0,0,0,0,0,13.27432619,52.47865474,2,0.5,12 to 16
6,6300528.0,10,11,7,3,5,2,0,1,1,0,0,0,0,0,13.27450753,52.41989104,2,0.5,08 to 12
6,6400838.0,10,20,5,3,1,5,2,0,1,0,0,0,0,1,13.2421574,52.44454725,1,0.0,20 to 24
1,1100310.0,10,9,2,3,6,7,0,0,1,1,0,0,0,0,13.40932121,52.52275572,2,0.0,08 to 12
4,4300620.0,9,7,4,3,0,2,0,1,1,0,0,0,0,0,13.33578441,52.51370586,2,0.5,04 to 08
5,5300736.0,10,21,4,2,1,5,2,0,1,0,0,0,0,0,13.2200887,52.53702059,1,0.0,20 to 24
2,2200209.0,10,8,2,3,5,2,0,1,1,0,0,0,0,0,13.3866254,52.49007779,2,0.5,08 to 12
2,2300316.0,9,6,4,3,5,7,1,1,1,0,0,0,0,0,13.44449691,52.50100023,2,0.5,04 to 08
3,3200206.0,10,15,4,3,2,6,0,1,0,0,0,0,0,1,13.39823609,52.58325631,1,1.0,12 to 16
4,4400835.0,10,19,3,3,0,5,2,1,1,0,0,0,0,1,13.32027199,52.47694165,2,0.5,16 to 20
11,11300722.0,10,19,1,3,2,3,2,0,1,0,0,0,0,0,13.47977377,52.52306691,1,0.0,16 to 20
12,12500825.0,9,7,4,3,7,7,0,1,0,0,0,0,0,0,13.29849061,52.58436742,1,1.0,04 to 08
1,1100310.0,10,14,6,3,0,2,0,1,0,0,0,0,1,0,13.41012878,52.52259066,2,0.5,12 to 16
7,7400824.0,10,18,5,3,6,2,0,0,1,1,0,0,0,1,13.3827513,52.46566013,2,0.0,16 to 20
7,7200308.0,10,8,2,3,5,2,0,1,0,0,0,0,0,0,13.34534171,52.4845669,1,1.0,08 to 12
1,1100205.0,10,9,3,3,0,1,0,0,0,0,1,0,0,0,13.384208,52.50997506,1,0.0,08 to 12
1,1100311.0,9,17,4,3,3,6,0,1,1,0,0,0,0,0,13.41749529,52.51879546,2,0.5,16 to 20
12,12400722.0,10,17,4,3,5,7,1,0,1,0,1,0,0,0,13.30351393,52.61891086,2,0.0,16 to 20
5,5100316.0,10,12,3,3,3,6,0,0,1,0,0,0,1,0,13.20030052,52.53765184,2,0.0,12 to 16
4,4501044.0,9,14,4,3,5,2,0,1,1,0,0,0,0,0,13.31982132,52.49604158,2,0.5,12 to 16
11,11100204.0,10,18,4,3,0,3,2,0,1,0,0,0,0,1,13.51781833,52.56384086,1,0.0,16 to 20
1,1100101.0,9,21,4,3,0,6,2,0,1,0,1,0,0,0,13.3440416,52.50622885,2,0.0,20 to 24
6,6400844.0,10,7,3,2,5,3,0,1,1,0,0,0,0,0,13.28007114,52.45941489,2,0.5,04 to 08
6,6200422.0,10,13,1,3,4,6,0,1,1,0,0,0,0,0,13.32215381,52.42172621,2,0.5,12 to 16
4,4200308.0,10,17,1,3,1,5,0,1,1,0,0,0,0,0,13.28028873,52.51873472,2,0.5,16 to 20
4,4300623.0,9,20,4,3,5,7,2,0,1,0,1,0,0,0,13.31453569,52.51040586,2,0.0,20 to 24
1,1100308.0,10,20,6,3,3,6,2,1,0,0,0,0,0,0,13.37786045,52.52904548,1,1.0,20 to 24
3,3501038.0,10,16,4,3,0,3,0,0,1,0,1,0,0,1,13.47022277,52.55356274,2,0.0,16 to 20
4,4300415.0,10,8,2,3,0,7,0,1,0,0,0,0,0,0,13.28926146,52.50934477,1,1.0,08 to 12
4,4500937.0,10,12,3,3,6,4,0,0,0,1,1,0,0,0,13.29633306,52.49881244,2,0.0,12 to 16
11,11300618.0,9,20,4,2,6,4,1,1,1,1,0,0,0,0,13.46050907,52.52753159,3,0.3333333333333333,20 to 24
5,5100317.0,10,15,4,3,5,3,0,0,1,0,0,0,1,1,13.21168858,52.52807412,2,0.0,12 to 16
2,2200213.0,9,19,4,3,6,4,2,1,0,1,0,0,0,0,13.42339908,52.4884988,2,0.5,16 to 20
3,3501038.0,10,17,7,3,2,2,0,1,1,0,0,0,0,0,13.47044101,52.55371431,2,0.5,16 to 20
4,4400835.0,10,7,2,3,5,2,0,1,1,0,0,0,0,0,13.31964697,52.47158449,2,0.5,04 to 08
9,9200512.0,9,19,4,3,6,7,1,0,1,1,0,0,0,0,13.54951899,52.45649009,2,0.0,16 to 20
3,3701659.0,9,19,4,3,1,5,1,0,1,0,1,0,0,0,13.4178425,52.52847521,2,0.0,16 to 20
2,2500833.0,10,7,2,3,0,1,0,1,0,0,0,0,0,0,13.45883333,52.51142852,1,1.0,04 to 08
4,4400727.0,10,13,1,3,5,2,0,1,1,0,0,0,0,0,13.28874143,52.48142419,2,0.5,12 to 16
1,1300836.0,10,21,7,3,6,4,2,1,0,1,0,0,0,0,13.37265185,52.54672746,2,0.5,20 to 24
11,11501340.0,10,6,2,3,5,3,0,0,1,0,0,0,0,0,13.52754722,52.48427155,1,0.0,04 to 08
7,7501029.0,9,18,4,3,0,3,1,1,1,0,0,0,0,0,13.37996544,52.44409926,2,0.5,16 to 20
6,6100208.0,10,17,6,3,0,3,0,1,1,0,0,0,0,0,13.33029998,52.45816188,2,0.5,16 to 20
2,2400623.0,10,13,4,3,2,6,0,0,1,0,0,0,0,1,13.43960414,52.51370271,1,0.0,12 to 16
6,6200420.0,10,2,2,3,1,5,2,0,1,0,0,0,0,0,13.30103381,52.41318145,1,0.0,00 to 04
4,4200206.0,9,18,4,3,2,2,0,1,1,0,0,0,0,0,13.21849721,52.50887299,2,0.5,16 to 20
1,1100311.0,10,8,4,3,5,2,0,1,1,0,0,0,0,0,13.41800302,52.51802239,2,0.5,08 to 12
6,6400844.0,9,18,4,2,6,4,0,0,1,1,0,0,0,0,13.30454868,52.46152178,2,0.0,16 to 20
4,4400729.0,10,14,7,3,2,6,0,0,1,0,0,0,0,0,13.27844067,52.4735291,1,0.0,12 to 16
7,7601544.0,10,6,5,3,5,2,0,0,1,0,0,0,0,0,13.40656495,52.39376388,1,0.0,04 to 08
3,3601141.0,10,0,2,3,0,7,2,1,1,0,0,0,0,0,13.41260564,52.55371339,2,0.5,00 to 04
12,12100101.0,9,18,4,3,2,6,0,0,1,0,1,0,0,0,13.3770867,52.56096031,2,0.0,16 to 20
1,1300730.0,10,9,4,2,6,4,0,0,1,1,0,0,0,0,13.37699854,52.55674708,2,0.0,08 to 12
7,7501029.0,10,15,1,2,2,6,0,0,1,0,0,0,0,0,13.38010864,52.44380616,1,0.0,12 to 16
8,8100105.0,9,17,4,3,1,5,0,0,1,0,0,0,1,0,13.4309642,52.46631615,2,0.0,16 to 20
4,4501148.0,10,12,4,3,5,3,0,0,1,0,0,0,0,1,13.31873931,52.48145902,1,0.0,12 to 16
7,7300516.0,10,15,1,3,1,5,0,1,1,0,0,0,0,0,13.32463517,52.47030128,2,0.5,12 to 16
11,11300725.0,9,16,4,2,0,1,0,1,0,0,0,0,0,0,13.49917957,52.51788117,1,1.0,16 to 20
5,5200527.0,10,6,4,2,5,2,1,1,1,0,0,0,0,0,13.17403838,52.52329956,2,0.5,04 to 08
5,5200630.0,9,16,4,2,5,3,0,0,1,0,0,0,0,0,13.18411855,52.52353866,1,0.0,16 to 20
6,6200421.0,10,10,7,3,0,1,0,1,0,0,0,0,0,0,13.31370635,52.42716408,1,1.0,08 to 12
2,2500727.0,10,19,5,3,0,1,2,0,0,0,1,0,0,1,13.45899573,52.52048929,1,0.0,16 to 20
8,8100104.0,10,15,1,3,5,2,0,1,1,0,0,0,0,0,13.42077107,52.46855124,2,0.5,12 to 16
3,3400721.0,9,16,4,2,5,3,0,1,1,0,0,0,0,0,13.39421177,52.56497721,2,0.5,16 to 20
10,10100313.0,10,5,4,3,6,4,2,0,0,1,0,0,1,1,13.54981322,52.54288343,2,0.0,04 to 08
4,4400729.0,10,14,1,3,5,7,0,1,1,0,0,0,0,0,13.27852016,52.47409884,2,0.5,12 to 16
9,9200819.0,9,16,4,2,5,2,0,0,1,0,0,0,1,0,13.56483886,52.44543111,2,0.0,16 to 20
4,4300416.0,10,15,4,3,0,1,0,1,0,0,0,0,0,1,13.29560363,52.5061041,1,1.0,12 to 16
4,4100101.0,10,19,1,3,0,6,2,0,1,0,0,0,0,0,13.2953463,52.53956458,1,0.0,16 to 20
11,11200514.0,9,16,4,3,6,4,0,0,1,1,0,0,0,0,13.49815033,52.53857831,2,0.0,16 to 20
7,7400823.0,9,14,4,2,5,2,0,0,1,0,1,0,0,0,13.37191545,52.46990709,2,0.0,12 to 16
9,9401534.0,10,16,4,3,5,3,0,1,1,0,0,0,0,1,13.58053377,52.44304545,2,0.5,16 to 20
6,6100102.0,9,14,4,3,2,7,0,0,1,0,0,0,0,0,13.31886528,52.46235756,1,0.0,12 to 16
9,9200819.0,10,20,7,3,5,2,1,0,1,0,0,0,0,0,13.56224065,52.4372412,1,0.0,20 to 24
1,1100308.0,10,18,5,3,5,2,1,1,1,0,0,0,0,1,13.38537146,52.52351054,2,0.5,16 to 20
10,10100104.0,10,13,1,3,1,5,0,0,1,0,1,0,0,0,13.57696496,52.56458542,2,0.0,12 to 16
4,4501043.0,10,13,3,3,2,2,0,1,1,0,0,0,0,0,13.31448352,52.49033101,2,0.5,12 to 16
1,1100206.0,9,14,4,3,6,4,0,1,0,1,0,0,0,0,13.38977655,52.51567459,2,0.5,12 to 16
1,1200628.0,10,18,4,3,5,3,0,1,0,0,1,0,0,1,13.36281296,52.52455405,2,0.5,16 to 20
4,4501041.0,10,19,3,3,6,2,2,0,1,1,0,0,0,1,13.31472915,52.49962936,2,0.0,16 to 20
12,12100204.0,9,14,4,2,5,2,0,1,1,0,0,0,0,0,13.35360857,52.56209425,2,0.5,12 to 16
6,6300632.0,10,20,3,2,6,2,2,0,1,1,0,0,0,1,13.29837049,52.42200838,2,0.0,20 to 24
1,1100313.0,10,11,1,3,5,3,0,0,0,0,1,0,0,0,13.41963345,52.50609485,1,0.0,08 to 12
8,8100312.0,10,2,1,2,1,5,2,1,1,0,0,0,0,0,13.4320827,52.48553198,2,0.5,00 to 04
3,3501038.0,9,14,4,3,0,5,0,1,1,0,0,0,0,0,13.46892644,52.55220738,2,0.5,12 to 16
2,2500831.0,10,18,6,3,5,3,1,1,1,0,0,0,0,0,13.46999112,52.51240551,2,0.5,16 to 20
5,5300736.0,10,14,4,3,2,7,0,1,0,0,0,0,1,1,13.22496538,52.54253917,2,0.5,12 to 16
8,8100312.0,10,14,1,3,5,3,0,0,1,0,0,0,1,0,13.43794241,52.48809274,2,0.0,12 to 16
12,12500825.0,10,17,3,3,2,6,0,0,1,0,0,0,1,0,13.316306,52.58706732,2,0.0,16 to 20
2,2500833.0,10,20,4,3,6,4,2,0,1,1,0,0,0,1,13.45865936,52.5105056,2,0.0,20 to 24
11,11100308.0,10,10,6,3,1,5,0,1,1,0,0,0,0,0,13.49310885,52.56785379,2,0.5,08 to 12
8,8100311.0,10,12,6,3,6,4,0,0,0,1,1,0,0,0,13.43210777,52.48800319,2,0.0,12 to 16
9,9501838.0,10,18,6,2,5,3,1,1,1,0,0,0,0,1,13.69749939,52.43641428,2,0.5,16 to 20
10,10300731.0,10,14,3,3,2,6,0,0,1,0,0,0,0,0,13.56230479,52.5293513,1,0.0,12 to 16
8,8100521.0,10,13,5,3,2,2,0,1,1,0,0,0,0,1,13.47385129,52.46408364,2,0.5,12 to 16
4,4200310.0,10,19,2,2,6,4,2,0,1,1,0,0,0,0,13.2721728,52.50892066,2,0.0,16 to 20
5,5300737.0,10,7,2,3,0,1,0,1,0,0,0,0,0,0,13.24778315,52.54729127,1,1.0,04 to 08
3,3500932.0,10,9,6,3,5,2,0,1,1,0,0,0,0,1,13.45709134,52.56103697,2,0.5,08 to 12
9,9501737.0,10,6,4,3,5,3,2,0,1,0,0,0,0,1,13.63684743,52.45071803,1,0.0,04 to 08
12,12400721.0,10,9,6,3,1,5,0,1,1,0,0,0,0,1,13.30303819,52.63646463,2,0.5,08 to 12
1,1100415.0,10,11,7,2,0,1,0,1,0,0,0,0,0,0,13.39964578,52.53166253,1,1.0,08 to 12
1,1401049.0,10,15,7,3,5,2,0,1,1,0,0,0,0,0,13.3668655,52.55215135,2,0.5,12 to 16
10,10200422.0,10,14,3,3,0,3,0,0,1,0,0,0,0,0,13.60828216,52.53959837,1,0.0,12 to 16
10,10400941.0,10,7,6,3,0,3,0,0,1,0,1,0,0,1,13.60063596,52.47641148,2,0.0,04 to 08
1,1300733.0,10,18,6,3,6,4,0,1,0,1,0,0,0,1,13.39412472,52.55052941,2,0.5,16 to 20
4,4300414.0,10,8,3,3,5,3,0,1,1,0,0,0,0,0,13.28680916,52.51296987,2,0.5,08 to 12
1,1300732.0,10,21,5,3,2,6,2,0,1,0,0,0,0,1,13.38620489,52.55849941,1,0.0,20 to 24
11,11200411.0,10,11,1,2,5,2,0,0,1,0,0,0,0,0,13.50996592,52.55039675,1,0.0,08 to 12
2,2500726.0,10,18,1,2,6,4,1,0,1,1,0,0,0,1,13.45095373,52.52696573,2,0.0,16 to 20
3,3500934.0,10,12,5,3,6,4,0,0,0,1,0,0,1,1,13.43599126,52.55646291,2,0.0,12 to 16
11,11300620.0,10,20,1,3,5,2,2,0,1,0,0,0,0,1,13.4762151,52.5330955,1,0.0,20 to 24
12,12100103.0,10,15,1,3,1,5,0,1,1,0,0,0,0,0,13.3646935,52.57194162,2,0.5,12 to 16
6,6200313.0,10,15,4,3,0,1,0,1,0,0,0,0,0,1,13.34502372,52.43713585,1,1.0,12 to 16