bez,lor_ab_2021,umonat,ustunde,uwochentag,ukategorie,uart,utyp1,ulichtverh,istrad,istpkw,istfuss,istkrad,istgkfz,istsonstige,ustrzustand,xgcswgs84,ygcswgs84,all_acc,perc_bike_acc,rushhours
12,12500930.0,10,23,6,3,5,2,2,1,1,0,0,0,0,1,13.32408826,52.58771762,2,0.5,20 to 24
4,4300619.0,10,13,6,3,0,4,0,0,0,1,0,0,1,0,13.30619227,52.51745378,2,0.0,12 to 16
8,8100416.0,10,16,6,3,2,6,0,1,1,0,0,0,0,0,13.44366921,52.47564388,2,0.5,16 to 20
6,6400841.0,10,13,3,3,0,3,0,1,1,0,0,0,0,0,13.26796221,52.44544012,2,0.5,12 to 16
1,1200623.0,10,21,6,3,1,5,2,1,1,0,0,0,0,1,13.36085935,52.53192787,2,0.5,20 to 24
6,6100205.0,10,12,5,3,1,7,0,0,1,0,0,0,0,1,13.33961444,52.45090154,1,0.0,12 to 16
4,4100101.0,10,19,2,3,6,4,2,0,1,1,0,0,0,0,13.31598335,52.54742897,2,0.0,16 to 20
5,5100211.0,10,15,1,3,5,3,0,1,1,0,0,0,0,1,13.17816175,52.54893376,2,0.5,12 to 16
1,1100205.0,10,19,1,3,5,2,2,1,1,0,0,0,0,0,13.38420371,52.50998322,2,0.5,16 to 20
1,1100416.0,10,17,4,3,5,3,1,1,1,0,0,0,0,1,13.40313743,52.53362567,2,0.5,16 to 20
1,1100313.0,10,21,6,3,6,2,2,0,1,1,0,0,0,1,13.42126905,52.5097426,2,0.0,20 to 24
6,6400737.0,10,11,6,3,6,4,0,0,1,1,0,0,0,1,13.20148899,52.43606706,2,0.0,08 to 12
2,2200210.0,10,17,6,3,5,2,1,1,1,0,0,0,0,0,13.40038364,52.49051543,2,0.5,16 to 20
6,6300526.0,10,16,3,3,0,6,0,0,1,0,1,0,0,0,13.25992931,52.43392735,2,0.0,16 to 20
4,4400729.0,10,8,6,3,0,1,0,0,0,0,1,0,0,1,13.25271852,52.47155844,1,0.0,08 to 12
1,1300732.0,10,14,4,2,2,6,0,0,1,0,1,0,0,1,13.39106168,52.56330304,2,0.0,12 to 16
1,1100310.0,10,6,6,3,5,2,1,0,1,0,0,0,1,1,13.41178791,52.52396655,2,0.0,04 to 08
8,8100104.0,10,15,6,3,5,3,0,0,1,0,0,0,0,0,13.42994652,52.46988804,1,0.0,12 to 16
1,1300836.0,10,18,3,3,5,2,0,1,0,0,0,0,1,0,13.37039523,52.54464512,2,0.5,16 to 20
5,5300736.0,10,21,6,3,1,1,2,0,1,0,1,0,0,1,13.21069801,52.53828434,2,0.0,20 to 24
2,2500728.0,10,19,5,3,0,5,2,1,1,0,0,0,0,1,13.46890241,52.52033498,2,0.5,16 to 20
2,2300419.0,10,11,2,3,2,6,0,1,1,0,0,0,0,0,13.44916077,52.49707525,2,0.5,08 to 12
10,10400835.0,10,12,4,3,0,6,0,0,1,0,0,0,1,1,13.58946028,52.51314792,2,0.0,12 to 16
10,10200421.0,10,13,7,3,2,6,0,0,1,0,0,0,0,0,13.6048033,52.53758249,1,0.0,12 to 16
4,4300623.0,10,14,7,3,5,3,0,1,1,0,0,0,0,0,13.30961539,52.51033475,2,0.5,12 to 16
4,4300517.0,10,18,4,3,5,3,1,0,1,0,0,0,0,1,13.30373904,52.52552292,1,0.0,16 to 20
1,1200522.0,10,21,6,3,3,6,2,1,0,0,0,0,0,1,13.33924929,52.5257287,1,1.0,20 to 24
8,8200831.0,10,10,6,2,2,6,0,0,1,0,0,0,0,0,13.41819718,52.41188267,1,0.0,08 to 12
10,10100315.0,10,15,6,3,6,2,0,0,1,1,0,0,0,0,13.57178831,52.54606466,2,0.0,12 to 16
8,8200624.0,10,12,3,3,5,2,0,1,1,0,0,0,0,0,13.43309053,52.45234175,2,0.5,12 to 16
11,11300620.0,10,9,5,3,2,2,0,0,1,0,0,0,0,1,13.48498004,52.53358555,1,0.0,08 to 12
11,11100308.0,10,14,2,2,6,7,0,0,0,1,0,1,0,0,13.50168411,52.56596079,2,0.0,12 to 16
12,12601235.0,10,6,2,3,5,2,1,1,1,0,0,0,0,0,13.35613,52.59672865,2,0.5,04 to 08
9,9501737.0,10,5,6,2,6,4,2,0,0,1,0,0,1,1,13.61830128,52.45545319,2,0.0,04 to 08
1,1100309.0,10,0,5,3,0,1,2,0,0,0,0,0,1,1,13.39433979,52.52461908,1,0.0,00 to 04
1,1200522.0,10,9,4,3,5,3,0,1,1,0,0,0,0,1,13.3300952,52.52258291,2,0.5,08 to 12
1,1300731.0,10,13,5,3,8,1,0,0,1,0,0,0,0,1,13.39062606,52.56586013,1,0.0,12 to 16
7,7400928.0,10,13,2,3,5,3,0,0,1,0,0,0,0,1,13.41812508,52.46247566,1,0.0,12 to 16
9,9100409.0,10,11,2,3,2,6,0,0,1,0,0,0,0,0,13.51345379,52.42768006,1,0.0,08 to 12
3,3400829.0,10,9,5,3,1,5,0,1,1,0,0,0,0,1,13.41908229,52.5622646,2,0.5,08 to 12
3,3400721.0,10,10,4,3,5,3,0,1,1,0,0,0,0,1,13.39420959,52.56497606,2,0.5,08 to 12
12,12400722.0,10,19,7,3,1,5,2,1,1,0,0,0,0,0,13.30349185,52.61888857,2,0.5,16 to 20
1,1300733.0,10,1,7,3,1,5,2,1,1,0,0,0,0,1,13.3952387,52.55062874,2,0.5,00 to 04
8,8401139.0,10,19,4,3,6,7,2,0,1,1,0,0,0,1,13.45661039,52.43148983,2,0.0,16 to 20
3,3601141.0,10,9,6,2,0,7,0,1,0,0,0,0,0,1,13.41157366,52.55404555,1,1.0,08 to 12
10,10200418.0,10,9,6,2,0,3,0,0,0,0,0,0,1,0,13.58880259,52.53932872,1,0.0,08 to 12
5,5100316.0,10,16,6,3,2,4,0,0,1,1,0,0,1,1,13.19638009,52.53527641,3,0.0,16 to 20
1,1401045.0,10,14,3,3,1,5,0,1,1,0,0,0,0,0,13.37597312,52.55638296,2,0.5,12 to 16
3,3601142.0,10,13,5,3,0,1,0,0,0,0,1,0,0,1,13.40493695,52.54071386,1,0.0,12 to 16
7,7100205.0,10,18,1,3,5,3,2,1,1,0,0,0,0,1,13.36737098,52.49341112,2,0.5,16 to 20
3,3200205.0,10,16,1,3,5,3,0,0,1,0,1,0,0,0,13.3984637,52.59238988,2,0.0,16 to 20
5,5200629.0,10,8,6,3,6,2,0,0,1,1,0,0,0,1,13.19460443,52.53362587,2,0.0,08 to 12
7,7200414.0,10,15,4,3,6,2,0,0,1,1,0,0,0,1,13.36351664,52.48508116,2,0.0,12 to 16
2,2200210.0,10,10,6,2,2,6,0,0,1,0,1,0,0,1,13.39883257,52.49053851,2,0.0,08 to 12
1,1100205.0,10,11,7,3,5,2,0,1,1,0,0,0,0,0,13.3842378,52.50991836,2,0.5,08 to 12
1,1100308.0,10,23,6,3,0,7,2,0,1,0,0,0,0,1,13.37732153,52.53516174,1,0.0,20 to 24
2,2300315.0,10,13,3,3,5,2,0,0,1,0,1,0,0,0,13.42639849,52.49930917,2,0.0,12 to 16
11,11300618.0,10,8,6,3,1,5,0,0,1,0,1,0,0,1,13.46434951,52.5244959,2,0.0,08 to 12
7,7200411.0,10,19,6,3,0,2,1,0,1,0,0,0,1,1,13.36015605,52.49045671,2,0.0,16 to 20
4,4300415.0,10,11,6,3,0,7,0,1,0,0,0,0,0,1,13.28949194,52.50941449,1,1.0,08 to 12
4,4200310.0,10,20,7,3,5,3,2,0,1,0,0,0,0,0,13.27390367,52.50968098,1,0.0,20 to 24
1,1100416.0,10,17,7,2,0,1,0,1,0,0,0,0,0,0,13.40442412,52.5332585,1,1.0,16 to 20
8,8100520.0,10,20,3,3,0,4,2,0,0,1,1,0,0,0,13.46560377,52.46975276,2,0.0,20 to 24
11,11200411.0,10,11,6,3,5,2,0,1,0,0,0,1,0,0,13.4997379,52.54776191,2,0.5,08 to 12
11,11200513.0,10,18,6,3,0,3,0,0,1,0,1,0,0,1,13.48154822,52.53880124,2,0.0,16 to 20
1,1200626.0,10,10,3,3,6,2,0,0,1,1,0,0,0,0,13.35104036,52.52427783,2,0.0,08 to 12
12,12200309.0,10,11,5,3,0,6,0,0,0,0,1,0,1,1,13.32977733,52.56313428,2,0.0,08 to 12
4,4400728.0,10,17,1,2,1,1,1,0,1,0,1,0,0,1,13.26684261,52.48218507,2,0.0,16 to 20
1,1200625.0,10,10,1,3,3,6,0,1,1,0,0,0,0,0,13.35159832,52.52696968,2,0.5,08 to 12
4,4500939.0,10,16,4,3,2,6,0,0,1,0,0,0,0,1,13.30950618,52.4920273,1,0.0,16 to 20
6,6300528.0,10,12,6,3,0,3,0,0,1,0,1,0,0,0,13.26015275,52.42721588,2,0.0,12 to 16
1,1100309.0,10,9,6,3,6,4,0,1,0,1,0,0,0,0,13.39462441,52.52795616,2,0.5,08 to 12
2,2200213.0,10,9,3,3,0,1,0,0,0,0,1,0,0,1,13.41630623,52.4910054,1,0.0,08 to 12
3,3300413.0,10,6,6,3,5,3,0,1,1,0,0,0,0,1,13.4791394,52.60769478,2,0.5,04 to 08
8,8100102.0,10,18,5,3,3,6,1,1,1,0,0,0,0,1,13.42554105,52.47930123,2,0.5,16 to 20
1,1100206.0,10,17,2,3,5,3,0,1,1,0,0,0,0,0,13.38561187,52.52023662,2,0.5,16 to 20
11,11200410.0,10,19,2,3,5,3,2,0,1,0,0,0,0,0,13.51769388,52.55644252,1,0.0,16 to 20
6,6200423.0,10,10,5,3,2,6,0,0,1,0,0,0,0,1,13.3148956,52.41732417,1,0.0,08 to 12
11,11100204.0,10,13,1,3,5,2,0,0,1,0,0,0,0,1,13.51529797,52.5670547,1,0.0,12 to 16
7,7100102.0,10,22,1,3,5,2,2,0,1,0,0,0,0,0,13.34707599,52.50107585,1,0.0,20 to 24
4,4100101.0,10,17,4,3,2,6,0,0,1,0,0,0,0,1,13.29254119,52.53969883,1,0.0,16 to 20
8,8100102.0,10,6,6,3,0,1,1,0,0,0,1,0,0,1,13.42533291,52.47994,1,0.0,04 to 08
8,8401139.0,10,14,6,3,5,3,0,1,1,0,0,0,0,0,13.45874457,52.44030125,2,0.5,12 to 16
1,1100312.0,10,19,3,3,1,5,2,1,1,0,0,0,0,0,13.41213486,52.50542839,2,0.5,16 to 20
11,11401032.0,10,13,6,3,1,5,0,1,0,0,1,0,0,0,13.518856,52.51327129,2,0.5,12 to 16
1,1100207.0,10,15,5,3,3,6,0,1,0,0,0,0,0,1,13.38985941,52.51058209,1,1.0,12 to 16
6,6200423.0,10,14,2,2,1,5,0,0,1,0,0,0,0,0,13.3158384,52.41621152,1,0.0,12 to 16
1,1100313.0,10,15,2,2,5,2,0,1,1,0,0,0,0,0,13.42113249,52.50973595,2,0.5,12 to 16
3,3500934.0,10,12,4,3,5,2,0,1,1,0,0,0,0,1,13.44265268,52.55111413,2,0.5,12 to 16
6,6100209.0,10,15,7,2,0,1,0,0,0,0,1,0,0,1,13.33191228,52.46059486,1,0.0,12 to 16
11,11200410.0,10,13,7,3,2,6,0,0,1,0,0,0,0,0,13.50172083,52.56192446,1,0.0,12 to 16
2,2200210.0,10,20,4,3,5,7,2,0,1,0,0,0,0,1,13.40339027,52.4938346,1,0.0,20 to 24
6,6300631.0,10,13,6,3,2,6,0,0,1,0,0,0,0,0,13.2866875,52.41776647,1,0.0,12 to 16
1,1200626.0,10,9,6,3,5,2,0,1,1,0,0,0,0,1,13.3423007,52.52412702,2,0.5,08 to 12
10,10200418.0,10,19,6,3,2,6,1,0,1,0,0,0,0,1,13.58436092,52.53960626,1,0.0,16 to 20
1,1100311.0,10,0,7,3,5,2,2,1,0,0,0,0,0,0,13.41808246,52.51543786,1,1.0,00 to 04
7,7300517.0,10,10,7,3,2,6,0,1,1,0,0,0,0,0,13.33345972,52.46988932,2,0.5,08 to 12
11,11100307.0,10,18,4,3,1,5,1,1,1,0,0,0,0,1,13.50265483,52.56654032,2,0.5,16 to 20
10,10300731.0,10,14,6,3,6,4,0,0,1,1,0,0,0,1,13.55978005,52.53408323,2,0.0,12 to 16
3,3200308.0,10,13,6,3,5,2,0,0,1,0,0,0,0,1,13.43274213,52.59621808,1,0.0,12 to 16
10,10400938.0,10,19,6,2,6,4,2,0,1,1,0,0,0,1,13.61715113,52.51992072,2,0.0,16 to 20
4,4501041.0,10,15,3,3,1,7,0,0,1,0,0,0,0,0,13.32253603,52.49987011,1,0.0,12 to 16
2,2300316.0,10,19,5,3,2,6,2,0,1,0,0,0,0,1,13.44188114,52.5008138,1,0.0,16 to 20
1,1100308.0,10,17,2,3,1,5,0,1,1,0,0,0,0,0,13.38088006,52.53231873,2,0.5,16 to 20
7,7400928.0,10,8,2,3,1,5,0,0,1,0,0,0,1,0,13.41519768,52.46458903,2,0.0,08 to 12
1,1401048.0,10,6,6,3,3,6,0,1,1,0,0,0,0,1,13.35892858,52.55108401,2,0.5,04 to 08
1,1100103.0,10,8,5,2,5,2,0,0,1,0,1,0,0,1,13.36433444,52.50334422,2,0.0,08 to 12
10,10100313.0,10,9,4,3,5,3,0,0,1,0,0,0,0,1,13.55019086,52.54279871,1,0.0,08 to 12
6,6300524.0,10,12,7,2,5,2,0,1,1,0,0,0,0,0,13.24829522,52.41984343,2,0.5,12 to 16
2,2300314.0,10,18,7,3,5,2,2,1,1,0,0,0,0,0,13.42210169,52.49904172,2,0.5,16 to 20
11,11300721.0,10,7,4,2,5,2,0,0,1,0,0,0,1,1,13.491734,52.53419883,2,0.0,04 to 08
3,3400827.0,10,14,6,3,6,4,0,0,1,1,0,0,0,0,13.42218071,52.55507989,2,0.0,12 to 16
1,1200623.0,10,8,6,3,0,1,0,1,0,0,0,0,0,0,13.35323977,52.53162653,1,1.0,08 to 12
1,1300834.0,10,14,6,3,0,1,0,0,0,0,1,0,0,0,13.39380669,52.54120451,1,0.0,12 to 16
1,1100102.0,10,23,3,3,8,1,2,1,0,0,0,0,0,0,13.35921881,52.50987359,1,1.0,20 to 24
1,1300836.0,10,9,6,2,5,3,0,1,1,0,0,0,0,0,13.3793288,52.54049274,2,0.5,08 to 12
4,4500939.0,10,12,5,3,5,7,0,1,1,0,0,0,0,1,13.29900245,52.49073332,2,0.5,12 to 16
2,2400623.0,10,19,1,3,3,6,2,0,1,0,1,0,0,1,13.43344339,52.50989717,2,0.0,16 to 20
2,2500833.0,10,16,1,3,5,3,0,0,1,0,0,0,0,1,13.45882674,52.51149716,1,0.0,16 to 20
1,1300733.0,10,11,3,3,5,7,0,1,1,0,0,0,0,0,13.38750997,52.55576559,2,0.5,08 to 12
1,1300732.0,10,16,6,3,6,7,1,1,0,1,0,0,0,0,13.38649487,52.55862316,2,0.5,16 to 20
7,7501134.0,10,13,5,3,5,3,0,0,1,0,0,0,0,1,13.40243795,52.43968714,1,0.0,12 to 16
12,12100204.0,10,18,2,2,6,7,1,0,1,1,0,0,0,0,13.35530693,52.56211769,2,0.0,16 to 20
8,8100312.0,10,0,2,3,1,5,2,1,1,0,0,0,0,0,13.43758726,52.48285432,2,0.5,00 to 04
3,3400828.0,10,14,6,3,5,3,0,1,1,0,0,0,0,0,13.42770795,52.55389214,2,0.5,12 to 16
8,8100314.0,10,8,4,3,1,5,0,1,1,0,0,0,0,1,13.43603195,52.48097886,2,0.5,08 to 12
9,9200715.0,10,8,4,3,5,3,0,0,1,0,0,0,1,1,13.54124277,52.43535977,2,0.0,08 to 12
8,8200623.0,10,6,6,3,5,3,1,0,1,0,0,0,1,1,13.43839326,52.4526924,2,0.0,04 to 08
5,5200524.0,10,2,7,2,1,1,2,0,1,0,1,0,0,1,13.13698957,52.52854082,2,0.0,00 to 04
11,11300725.0,10,15,7,2,5,3,0,0,1,0,0,0,0,0,13.49656182,52.51578254,1,0.0,12 to 16
10,10100311.0,10,14,3,3,5,3,0,0,1,0,0,0,0,0,13.51949214,52.51943632,1,0.0,12 to 16
7,7100205.0,10,14,6,3,5,3,0,0,1,0,1,0,0,0,13.36243836,52.49403403,2,0.0,12 to 16
2,2500834.0,10,7,6,3,6,2,2,0,1,1,0,0,0,1,13.45869837,52.50658632,2,0.0,04 to 08
9,9100203.0,10,9,3,3,6,3,0,0,1,1,0,0,0,0,13.47901408,52.47128404,2,0.0,08 to 12
1,1200628.0,10,15,6,3,5,2,0,0,1,0,0,0,0,1,13.36784913,52.52610668,1,0.0,12 to 16
2,2500830.0,10,10,5,3,2,6,0,0,1,0,1,0,0,1,13.4586964,52.51367108,2,0.0,08 to 12
11,11100206.0,10,10,1,3,5,3,0,0,1,0,1,0,0,0,13.50587989,52.5726177,2,0.0,08 to 12
6,6100102.0,10,17,1,3,2,6,0,0,1,0,1,0,0,0,13.32231414,52.45844834,2,0.0,16 to 20
5,5200420.0,10,14,4,2,2,7,0,0,1,0,0,0,1,1,13.16908855,52.53345258,2,0.0,12 to 16
8,8200624.0,10,6,6,3,5,2,1,1,1,0,0,0,0,1,13.43462092,52.45091265,2,0.5,04 to 08
4,4400834.0,10,9,6,3,0,1,0,1,0,0,0,0,0,0,13.30832826,52.46770985,1,1.0,08 to 12
12,12500824.0,10,15,4,3,2,6,0,0,1,0,0,0,0,1,13.28511327,52.59550041,1,0.0,12 to 16
1,1200628.0,10,5,6,2,5,2,2,1,1,0,0,0,0,1,13.35946883,52.52329222,2,0.5,04 to 08
5,5200419.0,10,12,7,3,8,1,0,0,1,0,0,0,0,0,13.14335455,52.5396117,1,0.0,12 to 16
4,4400830.0,10,18,6,3,5,7,1,0,1,0,0,0,0,1,13.30004855,52.48059447,1,0.0,16 to 20
2,2400623.0,10,13,3,3,2,6,0,0,1,0,0,0,0,0,13.4292452,52.51054569,1,0.0,12 to 16
7,7100102.0,10,5,6,3,5,2,2,0,1,0,0,0,0,1,13.34625672,52.50103001,1,0.0,04 to 08
3,3400828.0,10,19,6,2,5,3,1,0,1,0,0,0,1,1,13.42247465,52.55980954,2,0.0,16 to 20
2,2100105.0,10,23,2,2,5,3,2,0,1,0,1,0,0,0,13.41405123,52.50040285,2,0.0,20 to 24
1,1300732.0,10,15,6,3,5,2,0,1,0,0,0,0,1,0,13.38628504,52.55861226,2,0.5,12 to 16
8,8100520.0,10,5,5,3,9,1,2,0,1,0,0,0,0,1,13.46138313,52.47131839,1,0.0,04 to 08
2,2400623.0,10,14,1,3,2,2,0,0,1,0,1,0,0,1,13.42688142,52.51173786,2,0.0,12 to 16
1,1100308.0,10,20,1,3,0,5,2,1,1,0,0,0,0,0,13.36939608,52.53515398,2,0.5,20 to 24
2,2400521.0,10,17,4,3,0,1,1,0,0,0,1,0,0,1,13.44083341,52.51775153,1,0.0,16 to 20
10,10400837.0,10,14,5,3,6,7,0,0,1,1,0,0,0,0,13.57545115,52.48714114,2,0.0,12 to 16
12,12500926.0,10,13,6,3,6,4,0,0,1,1,0,0,0,1,13.33412431,52.59559903,2,0.0,12 to 16
2,2200208.0,10,15,6,3,5,3,0,1,1,0,0,0,0,0,13.38959241,52.49606603,2,0.5,12 to 16
7,7501029.0,10,19,3,3,5,2,2,1,1,0,0,0,0,0,13.37378942,52.44506767,2,0.5,16 to 20
10,10100316.0,10,17,5,3,6,4,1,0,0,1,0,0,1,1,13.58294618,52.54921619,2,0.0,16 to 20
2,2500835.0,10,14,5,3,5,2,0,1,1,0,0,0,0,1,13.46609503,52.49999592,2,0.5,12 to 16
1,1300836.0,10,12,2,3,1,5,0,1,1,0,0,0,0,1,13.37720684,52.53884795,2,0.5,12 to 16
7,7100102.0,10,13,2,2,5,2,0,0,1,0,1,0,0,0,13.34621551,52.5010075,2,0.0,12 to 16
6,6200312.0,10,17,3,3,2,6,0,0,1,0,0,0,0,0,13.3431651,52.43978074,1,0.0,16 to 20
8,8100104.0,10,18,5,3,2,6,2,0,1,0,0,0,0,1,13.43008974,52.46961994,1,0.0,16 to 20
10,10400940.0,10,19,5,3,5,2,2,0,1,0,0,0,1,1,13.60044482,52.47638389,2,0.0,16 to 20
4,4500936.0,10,15,2,3,5,2,0,0,1,0,1,0,0,0,13.30429633,52.50360154,2,0.0,12 to 16
7,7601544.0,10,13,7,3,6,4,0,0,1,1,0,0,0,0,13.40235244,52.3866839,2,0.0,12 to 16
1,1401044.0,10,16,7,3,5,7,0,1,1,0,0,0,0,0,13.36814417,52.55004991,2,0.5,16 to 20
5,5200528.0,10,18,4,2,5,2,1,0,1,0,1,0,0,1,13.16988792,52.51857432,2,0.0,16 to 20
9,9501941.0,10,9,5,3,5,2,0,1,1,0,0,0,0,0,13.59306489,52.4516056,2,0.5,08 to 12
6,6100103.0,10,10,6,3,2,6,0,1,0,0,0,0,0,0,13.3253542,52.46161891,1,1.0,08 to 12
2,2500833.0,10,15,6,3,5,2,0,1,1,0,0,0,0,0,13.45203057,52.51068857,2,0.5,12 to 16
10,10200417.0,10,15,3,3,5,2,0,1,1,0,0,0,0,0,13.59254624,52.54743983,2,0.5,12 to 16
1,1401049.0,10,17,6,3,5,2,0,1,1,0,0,0,0,0,13.36539096,52.5571092,2,0.5,16 to 20
9,9401534.0,10,12,5,2,5,3,0,0,1,0,0,0,1,0,13.58241329,52.44245614,2,0.0,12 to 16
3,3601245.0,10,17,2,3,5,3,0,1,1,0,0,0,0,0,13.44227985,52.54662105,2,0.5,16 to 20
8,8100310.0,10,12,2,3,1,5,0,1,1,0,0,0,0,0,13.42722215,52.49143868,2,0.5,12 to 16
9,9401431.0,10,17,6,2,5,2,0,1,0,0,0,1,0,0,13.59217452,52.44718399,2,0.5,16 to 20
2,2200212.0,10,1,5,3,1,5,2,0,1,0,0,0,1,1,13.40661893,52.4889169,2,0.0,00 to 04
6,6400844.0,10,9,4,3,3,6,0,0,1,0,0,1,0,1,13.27065227,52.45103132,2,0.0,08 to 12
7,7501134.0,10,16,7,3,0,3,0,0,1,0,1,0,0,0,13.40218764,52.43970771,2,0.0,16 to 20
1,1400942.0,10,17,7,3,2,6,0,1,1,0,0,0,0,0,13.353778,52.54952227,2,0.5,16 to 20
4,4100101.0,10,7,4,3,2,6,0,0,1,0,0,0,1,1,13.27826253,52.54849817,2,0.0,04 to 08
3,3701556.0,10,9,5,3,0,6,0,0,1,0,1,0,0,1,13.41987703,52.53206175,2,0.0,08 to 12
7,7400928.0,10,11,4,3,2,6,0,0,1,0,0,0,0,1,13.42141399,52.46568815,1,0.0,08 to 12
3,3601245.0,10,19,7,3,2,6,2,0,1,0,1,0,0,0,13.43014111,52.54472496,2,0.0,16 to 20
1,1200624.0,10,11,7,3,5,2,0,1,1,0,0,0,0,0,13.3601775,52.53724979,2,0.5,08 to 12
1,1401048.0,10,19,4,3,2,1,2,0,1,0,0,0,0,1,13.36109979,52.55498783,1,0.0,16 to 20
4,4500937.0,10,10,5,3,6,7,0,0,1,1,0,0,0,0,13.29867698,52.49835099,2,0.0,08 to 12
11,11300722.0,10,9,6,2,5,3,0,1,1,0,0,0,0,0,13.47326009,52.5229915,2,0.5,08 to 12
8,8100419.0,10,15,6,3,5,3,0,0,1,0,1,0,0,0,13.45387335,52.48253385,2,0.0,12 to 16
1,1401043.0,10,14,3,3,0,1,0,0,0,0,1,0,0,0,13.36157474,52.54801355,1,0.0,12 to 16
11,11300721.0,10,13,5,3,5,2,0,0,1,0,0,0,0,1,13.51425932,52.53527169,1,0.0,12 to 16
8,8401241.0,10,20,2,3,3,6,2,0,1,0,0,0,0,0,13.47576507,52.43120072,1,0.0,20 to 24
9,9100306.0,10,22,1,2,5,2,2,0,1,0,1,0,0,0,13.47248002,52.45433657,2,0.0,20 to 24
2,2500836.0,10,15,5,3,5,3,0,1,0,0,1,0,0,1,13.47479488,52.49295506,2,0.5,12 to 16
8,8100521.0,10,15,4,3,5,3,0,0,1,0,0,0,0,1,13.46710904,52.46846858,1,0.0,12 to 16
9,9200715.0,10,18,5,3,5,3,1,1,1,0,0,0,0,1,13.55338731,52.42737969,2,0.5,16 to 20
8,8200622.0,10,11,7,3,2,6,0,0,1,0,0,0,0,0,13.43488074,52.46144298,1,0.0,08 to 12
7,7601442.0,10,15,7,3,5,3,0,0,1,0,0,0,0,0,13.39550765,52.41305364,1,0.0,12 to 16
11,11400929.0,10,14,3,3,5,2,0,1,1,0,0,0,0,0,13.48835014,52.5021333,2,0.5,12 to 16
5,5100316.0,10,17,5,3,5,2,0,0,1,0,0,0,1,1,13.20040641,52.53658391,2,0.0,16 to 20
2,2500727.0,10,19,6,3,0,1,1,0,0,0,1,0,0,1,13.46149091,52.52003941,1,0.0,16 to 20
9,9501939.0,10,16,2,3,3,6,0,0,1,0,0,0,0,1,13.57179692,52.45111292,1,0.0,16 to 20
4,4400726.0,10,17,6,2,4,6,0,1,0,0,0,0,0,1,13.26890284,52.49073396,1,1.0,16 to 20
11,11400929.0,10,10,5,3,1,1,0,0,1,0,0,0,0,1,13.50071134,52.50543739,1,0.0,08 to 12
12,12200515.0,10,17,5,3,5,3,0,1,1,0,0,0,0,1,13.28823681,52.58885954,2,0.5,16 to 20
1,1401049.0,10,8,6,3,5,2,0,1,1,0,0,0,0,0,13.36639155,52.5535063,2,0.5,08 to 12
3,3300514.0,10,10,3,3,0,3,0,1,0,0,0,0,0,0,13.44748823,52.59543694,1,1.0,08 to 12
4,4200310.0,10,11,5,3,5,3,0,1,1,0,0,0,0,1,13.2713887,52.50987558,2,0.5,08 to 12
5,5100316.0,10,19,1,3,0,6,2,0,1,0,1,0,0,1,13.19747099,52.53507494,2,0.0,16 to 20
12,12200309.0,10,10,1,3,6,4,0,0,0,1,0,0,1,0,13.32821086,52.56244482,2,0.0,08 to 12
4,4200311.0,10,17,4,3,2,6,0,0,1,0,0,0,0,1,13.28158892,52.51066898,1,0.0,16 to 20
2,2500726.0,10,16,5,3,3,6,0,1,1,0,0,0,0,1,13.45202201,52.52747675,2,0.5,16 to 20
2,2200213.0,10,8,6,3,0,2,0,1,0,0,0,0,1,0,13.41268606,52.4920943,2,0.5,08 to 12
1,1100415.0,10,6,6,2,0,1,1,1,0,0,0,0,0,0,13.3895871,52.53173501,1,1.0,04 to 08
10,10200420.0,10,23,3,3,0,1,2,1,0,0,0,0,0,0,13.59132471,52.53413749,1,1.0,20 to 24
6,6300633.0,10,16,5,3,0,6,0,0,1,0,1,0,0,1,13.31615022,52.44105477,2,0.0,16 to 20
3,3300412.0,10,17,5,3,0,3,0,1,0,0,0,0,1,0,13.46092078,52.61100993,2,0.5,16 to 20
1,1400938.0,10,18,2,3,5,2,1,1,1,0,0,0,0,0,13.34725417,52.55322716,2,0.5,16 to 20
6,6300526.0,10,15,1,2,0,7,0,0,1,0,0,0,0,1,13.24611362,52.43420256,1,0.0,12 to 16
6,6200312.0,10,7,1,3,1,5,0,0,1,0,0,0,0,0,13.32831398,52.44273864,1,0.0,04 to 08
4,4300416.0,10,18,4,3,2,2,1,0,1,0,1,0,0,1,13.30207215,52.50795087,2,0.0,16 to 20
10,10200418.0,10,16,5,3,5,3,0,1,1,0,0,0,0,1,13.5915188,52.54157642,2,0.5,16 to 20
8,8200727.0,10,12,1,3,5,3,0,0,1,0,0,0,0,1,13.43426669,52.44275948,1,0.0,12 to 16
1,1200521.0,10,16,1,3,2,7,0,1,1,0,0,0,0,0,13.33516011,52.52553974,2,0.5,16 to 20