bez,lor_ab_2021,umonat,ustunde,uwochentag,ukategorie,uart,utyp1,ulichtverh,istrad,istpkw,istfuss,istkrad,istgkfz,istsonstige,ustrzustand,xgcswgs84,ygcswgs84,all_acc,perc_bike_acc,rushhours
5,5300737.0,10,13,4,3,1,5,0,0,1,0,0,0,0,1,13.24718854,52.54250641,1,0.0,12 to 16
9,9100305.0,10,16,5,3,5,2,0,0,1,0,1,0,0,1,13.48976792,52.46785729,2,0.0,16 to 20
8,8401242.0,10,15,6,3,5,3,0,0,1,0,0,0,0,0,13.48284458,52.41605675,1,0.0,12 to 16
2,2500830.0,10,18,3,3,3,6,2,1,1,0,0,0,0,0,13.45961644,52.51244881,2,0.5,16 to 20
1,1100206.0,10,15,5,3,0,1,0,1,0,0,0,0,0,1,13.38861543,52.51872561,1,1.0,12 to 16
1,1401049.0,10,17,5,3,2,6,0,0,1,0,0,0,1,1,13.36707768,52.55217556,2,0.0,16 to 20
4,4100101.0,10,14,2,2,3,5,0,1,1,0,0,0,0,0,13.27923884,52.53685657,2,0.5,12 to 16
1,1300733.0,10,16,2,3,2,6,0,0,1,0,0,0,0,0,13.38533954,52.55013047,1,0.0,16 to 20
1,1100310.0,10,18,6,2,4,2,1,1,1,0,0,0,0,1,13.40092411,52.52080938,2,0.5,16 to 20
1,1100308.0,10,10,4,3,5,2,0,1,1,0,0,0,0,1,13.37978058,52.52171434,2,0.5,08 to 12
2,2100106.0,10,23,7,3,2,6,2,0,1,0,0,0,0,0,13.39991495,52.49841649,1,0.0,20 to 24
3,3601450.0,10,13,7,3,0,7,0,0,1,0,1,0,0,0,13.45791772,52.5288192,2,0.0,12 to 16
10,10100313.0,10,21,4,3,6,2,2,0,1,1,0,0,0,1,13.55537245,52.54120233,2,0.0,20 to 24
12,12500926.0,10,15,5,2,5,3,0,1,1,0,0,0,0,0,13.33114948,52.5915297,2,0.5,12 to 16
12,12601031.0,10,12,6,3,0,1,0,0,0,0,1,0,0,1,13.33698568,52.60216139,1,0.0,12 to 16
5,5400942.0,10,14,6,3,0,1,0,1,0,0,0,0,0,1,13.18030761,52.49213389,1,1.0,12 to 16
12,12601236.0,10,15,3,3,5,3,0,1,1,0,0,0,0,0,13.34682498,52.59694738,2,0.5,12 to 16
12,12200310.0,10,15,5,3,6,4,0,0,1,1,0,0,0,1,13.31109265,52.56936584,2,0.0,12 to 16
1,1100309.0,10,13,6,2,6,4,0,0,1,1,0,0,0,1,13.4018415,52.52901616,2,0.0,12 to 16
5,5100316.0,10,20,6,3,2,6,2,0,1,0,0,0,0,1,13.19943684,52.53468484,1,0.0,20 to 24
3,3601450.0,10,15,3,3,2,6,0,0,1,0,0,0,0,0,13.4603999,52.52935689,1,0.0,12 to 16
2,2100104.0,10,17,5,3,0,4,1,1,0,1,0,0,0,1,13.40740414,52.50458218,2,0.5,16 to 20
9,9100409.0,10,11,2,3,2,6,0,0,1,0,1,0,0,0,13.50093191,52.43543757,2,0.0,08 to 12
8,8401241.0,10,11,2,1,6,4,0,0,0,1,0,1,0,0,13.47596757,52.44030408,2,0.0,08 to 12
2,2400625.0,10,9,5,3,5,2,0,1,1,0,0,0,0,1,13.44334883,52.51195875,2,0.5,08 to 12
5,5300840.0,10,9,4,2,0,3,0,1,1,0,0,0,0,1,13.24797879,52.53647777,2,0.5,08 to 12
1,1400938.0,10,19,7,3,5,3,2,0,1,0,0,0,0,0,13.3452726,52.55436409,1,0.0,16 to 20
8,8100206.0,10,16,7,3,2,7,0,0,1,0,0,0,1,0,13.42710516,52.48218122,2,0.0,16 to 20
9,9301025.0,10,7,4,3,6,2,1,0,1,1,0,0,0,1,13.57049781,52.40384149,2,0.0,04 to 08
9,9200818.0,10,9,5,3,6,2,0,0,1,1,0,0,0,0,13.5627198,52.4461229,2,0.0,08 to 12
12,12601235.0,10,9,6,3,1,5,0,0,1,0,0,0,0,0,13.35795884,52.59678164,1,0.0,08 to 12
4,4500939.0,10,20,6,3,1,1,2,0,1,0,0,0,1,1,13.30321401,52.49402797,2,0.0,20 to 24
4,4400835.0,10,11,3,3,0,1,0,0,0,0,1,0,0,0,13.31905676,52.4714121,1,0.0,08 to 12
9,9501939.0,10,13,5,3,0,1,0,1,0,0,0,0,0,1,13.57526357,52.45383791,1,1.0,12 to 16
7,7100205.0,10,18,1,3,5,3,2,0,1,0,0,0,0,1,13.36630802,52.4952786,1,0.0,16 to 20
4,4200308.0,10,18,1,3,2,6,2,0,1,0,0,0,0,0,13.24974349,52.52388896,1,0.0,16 to 20
1,1100309.0,10,15,4,3,5,3,0,1,0,0,1,0,0,1,13.39376598,52.52858474,2,0.5,12 to 16
1,1100309.0,10,15,5,2,1,5,0,1,1,0,0,0,0,1,13.40467885,52.52563322,2,0.5,12 to 16
4,4400726.0,10,11,7,3,5,2,0,1,1,0,0,0,0,0,13.28997236,52.4888691,2,0.5,08 to 12
11,11300620.0,10,23,6,2,5,2,2,1,1,0,0,0,0,1,13.485003,52.53345262,2,0.5,20 to 24
5,5200630.0,10,17,2,3,6,4,1,0,1,1,0,0,0,0,13.19659554,52.52361265,2,0.0,16 to 20
2,2400521.0,10,5,2,3,2,6,2,0,1,0,0,0,0,0,13.43866995,52.52382419,1,0.0,04 to 08
7,7300517.0,10,14,5,3,5,2,0,1,1,0,0,0,0,0,13.32858538,52.47333255,2,0.5,12 to 16
7,7100102.0,10,16,4,3,2,6,0,0,1,0,0,0,0,0,13.35357037,52.49927466,1,0.0,16 to 20
4,4300416.0,10,8,4,3,8,1,0,0,1,0,0,0,0,1,13.29627406,52.50891881,1,0.0,08 to 12
3,3601245.0,10,9,5,3,5,2,0,1,1,0,0,0,0,0,13.42884518,52.54773882,2,0.5,08 to 12
5,5300736.0,10,23,7,3,6,4,2,0,1,1,0,0,0,0,13.23150492,52.53902303,2,0.0,20 to 24
5,5100314.0,10,16,7,3,6,7,0,0,0,1,0,0,1,0,13.20850637,52.54637344,2,0.0,16 to 20
1,1300834.0,10,14,3,3,4,6,0,1,0,0,0,0,0,0,13.39437611,52.54725247,1,1.0,12 to 16
4,4200308.0,10,11,5,3,2,6,0,0,1,0,0,0,0,0,13.28081181,52.51851844,1,0.0,08 to 12
10,10200418.0,10,8,6,2,5,2,0,1,0,0,0,1,0,0,13.59173658,52.54497941,2,0.5,08 to 12
6,6400735.0,10,8,3,3,1,5,0,0,1,0,0,0,0,0,13.18516147,52.42448312,1,0.0,08 to 12
5,5100209.0,10,10,5,3,6,7,0,0,1,1,0,0,0,1,13.18302593,52.5456132,2,0.0,08 to 12
3,3300517.0,10,0,1,3,9,7,2,0,0,0,0,0,1,0,13.46299179,52.58406349,1,0.0,00 to 04
1,1100207.0,10,8,1,3,1,5,0,1,1,0,0,0,0,0,13.40336456,52.50838498,2,0.5,08 to 12
5,5300840.0,10,14,4,3,2,6,1,0,1,0,0,0,0,1,13.25384149,52.53776169,1,0.0,12 to 16
6,6300528.0,10,11,5,3,2,6,0,0,1,0,0,0,0,0,13.27887518,52.43084959,1,0.0,08 to 12
5,5100208.0,10,17,6,2,8,1,0,0,1,0,0,0,0,1,13.1488027,52.55428045,1,0.0,16 to 20
11,11501238.0,10,20,3,3,5,3,2,1,1,0,0,0,0,0,13.47522408,52.50147627,2,0.5,20 to 24
9,9200510.0,10,10,5,3,5,3,0,1,1,0,0,0,0,0,13.50834462,52.47232735,2,0.5,08 to 12
9,9200715.0,10,7,5,3,2,6,0,0,1,0,0,0,0,0,13.53907614,52.43682512,1,0.0,04 to 08
10,10400940.0,10,13,3,3,6,4,0,0,1,1,0,0,0,0,13.6011351,52.48108465,2,0.0,12 to 16
4,4200308.0,10,10,5,3,5,3,0,0,1,0,0,0,0,0,13.28015995,52.51848041,1,0.0,08 to 12
1,1300836.0,10,3,6,2,8,1,2,0,1,0,1,0,0,1,13.38054989,52.54628705,2,0.0,00 to 04
4,4501040.0,10,0,2,3,9,1,2,0,1,0,0,0,0,1,13.31300631,52.50010187,1,0.0,00 to 04
12,12200309.0,10,8,5,3,5,2,0,1,0,0,0,0,1,1,13.32682533,52.56319773,2,0.5,08 to 12
2,2100102.0,10,14,1,3,5,3,0,0,1,0,0,0,0,1,13.39461164,52.50455959,1,0.0,12 to 16
4,4200311.0,10,0,1,2,5,3,2,0,1,0,0,0,1,0,13.28047681,52.50649362,2,0.0,00 to 04
10,10100316.0,10,17,4,3,2,6,2,0,1,0,0,0,0,1,13.5721071,52.54636568,1,0.0,16 to 20
8,8200832.0,10,10,5,3,5,7,0,1,1,0,0,0,0,0,13.43432861,52.42467679,2,0.5,08 to 12
1,1200521.0,10,14,6,3,5,5,0,0,1,0,1,0,0,0,13.32982291,52.52421177,2,0.0,12 to 16
3,3701554.0,10,19,3,3,6,2,2,0,1,1,0,0,0,0,13.41214729,52.53121113,2,0.0,16 to 20
1,1200522.0,10,9,5,3,5,2,0,1,1,0,0,0,0,0,13.33925811,52.52584978,2,0.5,08 to 12
1,1100207.0,10,15,5,3,5,2,0,1,0,0,0,0,1,1,13.40013476,52.50953347,2,0.5,12 to 16
8,8200833.0,10,14,2,3,3,6,0,0,1,0,0,0,1,0,13.44465562,52.4261965,2,0.0,12 to 16
1,1401048.0,10,15,2,3,5,2,0,1,0,0,0,0,1,0,13.35637976,52.55248114,2,0.5,12 to 16
3,3601450.0,10,11,4,3,6,4,0,0,1,1,0,0,0,1,13.4526762,52.53402296,2,0.0,08 to 12
9,9100203.0,10,19,7,3,2,6,2,0,1,0,1,0,0,0,13.47541673,52.47584498,2,0.0,16 to 20
2,2200210.0,10,12,7,3,2,6,0,0,1,0,1,0,0,0,13.39732773,52.49553511,2,0.0,12 to 16
6,6300632.0,10,16,2,3,1,5,0,1,1,0,0,0,0,0,13.30216678,52.42678808,2,0.5,16 to 20
8,8100209.0,10,13,7,3,5,3,0,0,1,0,0,0,0,0,13.43445515,52.46598829,1,0.0,12 to 16
5,5100211.0,10,16,7,3,0,1,0,0,0,0,0,0,1,0,13.17645218,52.54369705,1,0.0,16 to 20
1,1300836.0,10,18,4,3,2,6,1,0,1,0,0,0,0,1,13.37900339,52.55067269,1,0.0,16 to 20
9,9301126.0,10,9,5,3,5,2,0,1,1,0,0,0,0,0,13.57425148,52.41394451,2,0.5,08 to 12
2,2100104.0,10,11,6,3,3,6,0,0,1,0,1,0,0,0,13.40916467,52.50177553,2,0.0,08 to 12
7,7400826.0,10,23,6,3,1,5,2,1,1,0,0,0,0,1,13.37777404,52.45262032,2,0.5,20 to 24
11,11200514.0,10,15,3,3,5,2,0,1,1,0,0,0,0,0,13.47354771,52.53619837,2,0.5,12 to 16
2,2100102.0,10,18,6,3,5,3,1,1,1,0,0,0,0,1,13.39499278,52.50314614,2,0.5,16 to 20
8,8100103.0,10,23,5,3,2,6,2,0,1,0,0,0,0,1,13.42768956,52.47424785,1,0.0,20 to 24
11,11100205.0,10,17,2,3,2,6,0,0,1,0,0,0,0,0,13.52049506,52.56910243,1,0.0,16 to 20
7,7601236.0,10,8,2,3,6,4,0,0,1,1,0,0,0,0,13.3731075,52.42486651,2,0.0,08 to 12
4,4300412.0,10,18,6,3,5,3,1,1,1,0,0,0,0,1,13.28668958,52.5186929,2,0.5,16 to 20
11,11200514.0,10,6,5,3,5,3,2,1,1,0,0,0,0,1,13.49865407,52.53836762,2,0.5,04 to 08
3,3701554.0,10,9,4,3,0,2,0,1,0,0,1,0,0,1,13.40767702,52.53933303,2,0.5,08 to 12
9,9100304.0,10,18,7,3,2,6,1,0,0,0,1,0,1,0,13.48889837,52.46708692,2,0.0,16 to 20
1,1100205.0,10,17,7,3,3,6,0,0,1,0,1,0,0,0,13.38204887,52.51403701,2,0.0,16 to 20
1,1100309.0,10,7,4,2,6,4,0,1,0,1,0,0,0,0,13.39233224,52.52822964,2,0.5,04 to 08
1,1100311.0,10,9,5,3,5,3,0,1,0,0,0,0,1,0,13.41697147,52.51632963,2,0.5,08 to 12
1,1200626.0,10,8,6,3,5,2,0,1,1,0,0,0,0,0,13.3423188,52.52417882,2,0.5,08 to 12
7,7400823.0,10,11,3,3,3,6,0,0,1,0,0,0,0,0,13.37573135,52.46772434,1,0.0,08 to 12
9,9200715.0,10,8,2,3,5,2,0,1,1,0,0,0,0,1,13.55074807,52.42893291,2,0.5,08 to 12
8,8300934.0,10,10,4,3,0,5,0,1,1,0,0,0,0,1,13.45781757,52.4303615,2,0.5,08 to 12
3,3500934.0,10,7,4,3,5,2,0,1,1,0,0,0,0,0,13.43248579,52.55752963,2,0.5,04 to 08
6,6200311.0,10,17,2,3,6,2,2,0,1,1,0,0,0,0,13.3620104,52.43455208,2,0.0,16 to 20
6,6300524.0,10,17,6,3,6,4,2,0,1,1,0,0,0,1,13.25180199,52.42817361,2,0.0,16 to 20
11,11300617.0,10,8,2,3,5,3,0,0,1,0,1,0,0,1,13.46678638,52.52850735,2,0.0,08 to 12
1,1100308.0,10,14,5,3,3,6,0,1,1,0,0,0,0,1,13.37994129,52.53307144,2,0.5,12 to 16
1,1100312.0,10,17,2,3,5,2,1,1,1,0,0,0,0,1,13.41636009,52.51103021,2,0.5,16 to 20
2,2400520.0,10,10,4,3,2,6,0,1,1,0,0,0,0,1,13.42645218,52.5239544,2,0.5,08 to 12
4,4300416.0,10,17,2,3,2,6,1,0,1,0,0,0,0,0,13.30094607,52.50683753,1,0.0,16 to 20
1,1100309.0,10,9,4,3,0,5,0,0,1,0,1,0,0,1,13.40348816,52.52536427,2,0.0,08 to 12
6,6400839.0,10,19,4,3,1,5,2,1,1,0,0,0,0,1,13.25484319,52.44230868,2,0.5,16 to 20
1,1100102.0,10,17,2,3,2,6,1,0,1,0,1,0,0,1,13.34892417,52.51510861,2,0.0,16 to 20
2,2500835.0,10,17,2,3,6,2,1,0,1,1,0,0,0,1,13.4638393,52.50053633,2,0.0,16 to 20
4,4400728.0,10,7,4,3,5,7,0,0,1,0,0,0,1,1,13.28088725,52.47824658,2,0.0,04 to 08
1,1300732.0,10,12,3,3,6,4,0,0,1,1,0,0,0,0,13.38560186,52.55765037,2,0.0,12 to 16
7,7501029.0,10,20,6,3,0,3,2,0,1,0,1,0,0,1,13.37292601,52.43689414,2,0.0,20 to 24
1,1400938.0,10,17,2,3,5,2,1,1,1,0,0,0,0,1,13.34511974,52.55444923,2,0.5,16 to 20
8,8100103.0,10,13,5,3,6,4,0,1,0,1,0,0,0,1,13.42694502,52.47574775,2,0.5,12 to 16
4,4501148.0,10,15,5,3,5,2,0,0,1,0,0,0,0,0,13.31279132,52.48041446,1,0.0,12 to 16
5,5100208.0,10,17,2,3,5,2,1,0,1,0,0,0,0,1,13.1653982,52.5511996,1,0.0,16 to 20
9,9100306.0,10,13,5,3,0,1,0,0,0,0,1,0,0,0,13.46378579,52.45401612,1,0.0,12 to 16
8,8200832.0,10,14,2,3,5,2,0,0,1,0,0,0,0,0,13.43663723,52.42364286,1,0.0,12 to 16
10,10200421.0,10,14,2,2,6,4,0,0,1,1,0,0,0,0,13.60475594,52.53654216,2,0.0,12 to 16
4,4501043.0,10,7,4,3,6,2,0,0,1,1,0,0,0,1,13.31413295,52.49057469,2,0.0,04 to 08
2,2100101.0,10,12,4,3,1,5,0,1,1,0,0,0,0,0,13.38812247,52.49966703,2,0.5,12 to 16
6,6200313.0,10,14,2,3,5,2,0,0,1,0,0,0,1,0,13.34492163,52.43729064,2,0.0,12 to 16
9,9501941.0,10,14,2,3,5,2,0,1,1,0,0,0,0,0,13.58339009,52.45170276,2,0.5,12 to 16
1,1401045.0,10,7,4,3,2,6,1,0,1,0,0,0,0,1,13.37890084,52.55614918,1,0.0,04 to 08
1,1100206.0,10,17,3,3,6,2,2,0,1,1,0,0,0,0,13.37686514,52.51776025,2,0.0,16 to 20
2,2400625.0,10,6,6,3,6,2,1,0,0,1,0,0,1,1,13.44667034,52.50257798,2,0.0,04 to 08
3,3500934.0,10,13,2,3,3,6,0,0,1,0,0,0,1,0,13.43494226,52.5535445,2,0.0,12 to 16
1,1100308.0,10,10,5,3,1,5,0,1,1,0,0,0,0,1,13.3866746,52.52482848,2,0.5,08 to 12
1,1100104.0,10,8,5,3,5,2,0,1,1,0,0,0,0,1,13.36687218,52.50281807,2,0.5,08 to 12
2,2100106.0,10,15,2,3,5,7,0,0,1,0,0,0,0,0,13.40571738,52.49723694,1,0.0,12 to 16
4,4501151.0,10,12,2,3,2,6,0,0,0,0,1,0,1,1,13.32468736,52.4787394,2,0.0,12 to 16
8,8100520.0,10,6,4,3,9,1,2,0,1,0,0,0,0,1,13.4601084,52.4717813,1,0.0,04 to 08
8,8100102.0,10,14,4,3,5,3,0,1,1,0,0,0,0,0,13.4202516,52.47675805,2,0.5,12 to 16
11,11100307.0,10,13,2,2,6,4,0,0,1,1,0,0,0,0,13.50771969,52.56559419,2,0.0,12 to 16
5,5200528.0,10,5,6,3,0,1,2,0,0,0,1,0,0,1,13.18361397,52.51393945,1,0.0,04 to 08
5,5100316.0,10,11,2,3,3,2,0,0,1,0,1,0,0,0,13.20255705,52.54018439,2,0.0,08 to 12
8,8100209.0,10,22,3,3,0,3,2,1,1,0,0,0,0,1,13.43816037,52.46705463,2,0.5,20 to 24
1,1400938.0,10,20,3,3,2,2,2,0,1,0,0,0,0,0,13.34521214,52.55435174,1,0.0,20 to 24
3,3400620.0,10,7,2,3,5,3,0,1,1,0,0,0,0,0,13.38976868,52.57429345,2,0.5,04 to 08
12,12601032.0,10,8,3,3,6,4,0,0,1,1,0,0,0,0,13.32822179,52.60911655,2,0.0,08 to 12
9,9100407.0,10,8,4,3,2,6,0,1,1,0,0,0,0,1,13.50638307,52.45379697,2,0.5,08 to 12
3,3601244.0,10,7,2,3,5,3,0,1,1,0,0,0,0,1,13.42737449,52.5524928,2,0.5,04 to 08
1,1200628.0,10,20,3,3,6,4,2,1,0,1,0,0,0,1,13.35520249,52.51869858,2,0.5,20 to 24
11,11200514.0,10,16,3,3,5,2,1,1,1,0,0,0,0,0,13.4734357,52.53599984,2,0.5,16 to 20
4,4200310.0,10,13,6,3,5,3,0,0,1,0,0,0,1,1,13.27390367,52.50968098,2,0.0,12 to 16
6,6300629.0,10,13,1,3,1,5,0,1,1,0,0,0,0,1,13.30270125,52.45050514,2,0.5,12 to 16
3,3400723.0,10,15,5,3,6,4,0,0,1,1,0,0,0,1,13.42634949,52.5759733,2,0.0,12 to 16
1,1100101.0,10,17,1,3,6,7,1,1,0,1,0,0,0,0,13.34744323,52.50781264,2,0.5,16 to 20
4,4500937.0,10,7,5,3,5,2,0,0,1,0,0,0,0,1,13.28683145,52.49583239,1,0.0,04 to 08
4,4400728.0,10,14,1,3,1,5,0,1,1,0,0,0,0,0,13.26751131,52.48186979,2,0.5,12 to 16
2,2200208.0,10,18,1,3,5,2,2,1,1,0,0,0,0,0,13.38939175,52.49596094,2,0.5,16 to 20
1,1401045.0,10,19,3,3,2,2,2,1,1,0,0,0,0,0,13.37710865,52.55659893,2,0.5,16 to 20
4,4300517.0,10,18,4,3,6,4,1,0,1,1,0,0,0,0,13.30108725,52.52270997,2,0.0,16 to 20
3,3300412.0,10,12,2,3,5,3,0,0,1,0,0,0,0,1,13.47100866,52.61363441,1,0.0,12 to 16
4,4300412.0,10,17,6,3,5,2,1,0,1,0,0,0,0,1,13.28667247,52.51880675,1,0.0,16 to 20
11,11100204.0,10,15,1,2,5,3,0,0,1,0,0,0,0,0,13.52824048,52.55697255,1,0.0,12 to 16
4,4300416.0,10,15,5,3,0,2,1,1,1,0,0,0,0,1,13.29277237,52.50672267,2,0.5,12 to 16
6,6200316.0,10,16,1,3,5,2,0,1,0,0,0,0,1,0,13.35477363,52.42907445,2,0.5,16 to 20
2,2100101.0,10,19,3,3,2,2,2,1,0,0,0,0,0,1,13.38348822,52.50349002,1,1.0,16 to 20
5,5200420.0,10,15,1,3,1,5,0,0,1,0,0,0,0,0,13.15734129,52.53453434,1,0.0,12 to 16
12,12601235.0,10,15,1,3,5,2,0,0,1,0,1,0,0,0,13.36052375,52.59686569,2,0.0,12 to 16
2,2300315.0,10,16,6,3,0,1,1,0,0,0,1,0,0,1,13.4372406,52.50024892,1,0.0,16 to 20
8,8100312.0,10,14,1,3,5,2,0,1,1,0,0,0,0,0,13.43159348,52.48570404,2,0.5,12 to 16
7,7601238.0,10,12,1,3,3,6,0,1,1,0,0,0,0,0,13.38903103,52.41204638,2,0.5,12 to 16
4,4100101.0,10,10,1,3,0,1,0,0,0,0,1,0,0,0,13.32697367,52.54007669,1,0.0,08 to 12
9,9100407.0,10,17,4,3,5,2,1,1,1,0,0,0,0,0,13.50883245,52.45254316,2,0.5,16 to 20
5,5300735.0,10,10,1,3,5,2,0,0,1,0,1,0,0,0,13.22579595,52.55444005,2,0.0,08 to 12
2,2100106.0,10,9,1,3,5,3,0,0,1,0,0,0,0,0,13.39944571,52.49828824,1,0.0,08 to 12
7,7100101.0,10,19,3,3,2,6,2,0,1,0,0,0,0,1,13.33902865,52.49953366,1,0.0,16 to 20
2,2300316.0,10,6,4,3,0,1,1,0,0,0,1,0,0,1,13.44410335,52.50079442,1,0.0,04 to 08
10,10400837.0,10,9,2,3,5,3,0,0,1,0,0,0,1,1,13.57589062,52.49119382,2,0.0,08 to 12
3,3601346.0,10,10,6,3,0,1,0,1,0,0,0,0,0,1,13.4192967,52.54750154,1,1.0,08 to 12
5,5200423.0,10,9,1,3,5,2,0,1,1,0,0,0,0,0,13.15808647,52.53304672,2,0.5,08 to 12
6,6300632.0,10,14,5,3,5,3,0,1,1,0,0,0,0,0,13.30280854,52.42677008,2,0.5,12 to 16
7,7100101.0,10,11,7,3,0,3,0,0,0,0,1,0,1,1,13.34013253,52.50169327,2,0.0,08 to 12
1,1100103.0,10,19,3,3,6,2,2,0,1,1,0,0,0,1,13.36168927,52.50385562,2,0.0,16 to 20
10,10300731.0,10,13,7,2,0,3,0,1,1,0,0,0,0,1,13.56090134,52.53412425,2,0.5,12 to 16
7,7200413.0,10,19,3,3,0,1,2,1,0,0,0,0,0,1,13.36140694,52.4815435,1,1.0,16 to 20
12,12500926.0,10,10,4,3,5,3,0,0,1,0,0,0,0,0,13.33180374,52.59507436,1,0.0,08 to 12
1,1100103.0,10,0,7,3,2,2,2,0,1,0,0,0,0,1,13.35821795,52.50111798,1,0.0,00 to 04
7,7400825.0,10,23,7,3,1,5,2,0,1,0,0,0,0,0,13.38296302,52.45583861,1,0.0,20 to 24
7,7100102.0,10,18,3,3,5,2,2,0,1,0,0,0,1,0,13.35379641,52.49922402,2,0.0,16 to 20
11,11200512.0,10,19,3,3,0,6,2,1,0,0,0,0,0,0,13.46972228,52.54179721,1,1.0,16 to 20
4,4500937.0,10,11,3,3,1,5,0,1,1,0,0,0,0,0,13.29362672,52.50136898,2,0.5,08 to 12
8,8100314.0,10,11,4,3,6,2,0,0,1,1,0,0,0,1,13.43753231,52.48121673,2,0.0,08 to 12
4,4300623.0,10,23,7,3,8,1,2,0,0,0,1,0,0,0,13.30946973,52.50832202,1,0.0,20 to 24
11,11200514.0,10,14,7,3,2,6,0,0,1,0,0,0,0,0,13.47373619,52.5359904,1,0.0,12 to 16
1,1100102.0,10,18,3,3,2,6,2,0,1,0,0,0,0,0,13.34902078,52.51474176,1,0.0,16 to 20
4,4400835.0,10,13,3,3,3,6,0,1,0,0,0,0,1,0,13.31875414,52.47124609,2,0.5,12 to 16
10,10400940.0,10,19,6,3,0,1,2,0,0,0,1,0,0,1,13.61455227,52.50224383,1,0.0,16 to 20
1,1100205.0,10,13,7,3,2,7,0,0,1,0,0,0,0,0,13.38487802,52.50870039,1,0.0,12 to 16
8,8100312.0,10,23,5,3,0,7,2,1,0,0,0,0,0,0,13.43675182,52.48864006,1,1.0,20 to 24
10,10300731.0,10,10,7,3,3,2,0,0,1,0,0,0,1,0,13.56285591,52.51426406,2,0.0,08 to 12
2,2200210.0,10,6,7,3,5,3,2,0,1,0,0,0,0,1,13.3987486,52.49635958,1,0.0,04 to 08
10,10300734.0,10,10,3,3,0,2,0,0,0,0,0,0,1,0,13.56180327,52.50528402,1,0.0,08 to 12
1,1300836.0,10,13,4,3,5,2,0,1,1,0,0,0,0,0,13.37727273,52.54375123,2,0.5,12 to 16
1,1401048.0,10,1,7,3,0,1,2,0,0,0,1,0,0,1,13.35893206,52.55426405,1,0.0,00 to 04
12,12200515.0,10,8,3,3,5,2,0,1,1,0,0,0,0,0,13.28159701,52.59222946,2,0.5,08 to 12
4,4501042.0,10,10,3,2,5,2,0,0,1,0,1,0,0,0,13.33942365,52.50312807,2,0.0,08 to 12
11,11100309.0,10,10,6,3,6,2,0,0,1,1,0,0,0,1,13.50849064,52.56462912,2,0.0,08 to 12
1,1300834.0,10,21,7,3,3,6,2,0,1,0,0,0,0,0,13.39420577,52.54046295,1,0.0,20 to 24
3,3601245.0,10,10,5,3,0,2,0,1,1,0,0,0,0,1,13.42882957,52.54774411,2,0.5,08 to 12
1,1100310.0,10,8,5,3,0,2,0,1,1,0,0,0,0,1,13.40963773,52.52400522,2,0.5,08 to 12
6,6100101.0,10,9,6,3,5,2,0,1,0,0,0,1,0,1,13.31774269,52.45797182,2,0.5,08 to 12
4,4300619.0,10,19,7,2,1,5,2,0,1,0,0,0,0,0,13.31673961,52.5166489,1,0.0,16 to 20
5,5100316.0,10,12,5,3,1,5,0,1,1,0,0,0,0,1,13.20154903,52.53828736,2,0.5,12 to 16
5,5300737.0,10,14,5,3,5,2,0,1,1,0,0,0,0,1,13.24783357,52.53826629,2,0.5,12 to 16
4,4501041.0,10,18,7,3,5,3,1,0,1,0,0,0,0,0,13.31725622,52.5042735,1,0.0,16 to 20
1,1100310.0,10,18,7,3,1,5,2,1,1,0,0,0,0,0,13.4112094,52.52781479,2,0.5,16 to 20
11,11300618.0,10,18,3,2,6,4,2,0,1,1,0,0,0,1,13.45877709,52.52673553,2,0.0,16 to 20
4,4100101.0,10,8,4,3,5,2,0,1,1,0,0,0,0,1,13.32610463,52.53837732,2,0.5,08 to 12
11,11100205.0,10,5,6,3,5,3,2,0,1,0,0,0,1,1,13.52035952,52.57031632,2,0.0,04 to 08
1,1300733.0,10,15,7,3,6,4,0,1,0,1,0,0,0,0,13.38356889,52.55118925,2,0.5,12 to 16
1,1100207.0,10,9,3,3,5,2,0,1,1,0,0,0,0,0,13.40119045,52.51041719,2,0.5,08 to 12
7,7400824.0,10,10,3,3,1,7,0,0,1,0,0,0,0,0,13.3810841,52.46218124,1,0.0,08 to 12
9,9200715.0,10,14,6,3,5,3,0,0,0,0,1,0,1,1,13.54404024,52.42793299,2,0.0,12 to 16
3,3200204.0,10,15,7,3,2,2,0,0,1,0,1,0,0,0,13.38276743,52.62978123,2,0.0,12 to 16
4,4300621.0,10,15,7,3,1,5,0,1,1,0,0,0,0,0,13.30229604,52.51345194,2,0.5,12 to 16
9,9501939.0,10,7,5,3,2,6,0,0,1,0,0,0,1,1,13.55832,52.45554205,2,0.0,04 to 08
7,7300517.0,10,15,7,3,3,3,0,1,1,0,0,0,0,0,13.32875766,52.47621452,2,0.5,12 to 16