bez,lor_ab_2021,umonat,ustunde,uwochentag,ukategorie,uart,utyp1,ulichtverh,istrad,istpkw,istfuss,istkrad,istgkfz,istsonstige,ustrzustand,xgcswgs84,ygcswgs84,all_acc,perc_bike_acc,rushhours
1,1100308.0,10,16,7,3,6,4,0,0,1,1,0,0,0,0,13.38695645,52.5273112,2,0.0,16 to 20
4,4400835.0,10,18,3,3,2,6,2,0,1,0,0,0,0,0,13.31402837,52.46914138,1,0.0,16 to 20
6,6300528.0,10,7,4,3,2,6,0,0,1,0,1,0,0,1,13.26511414,52.41839596,2,0.0,04 to 08
4,4100102.0,10,11,2,3,0,1,0,0,0,0,1,0,0,1,13.29666393,52.53953344,1,0.0,08 to 12
7,7400825.0,10,17,6,3,5,7,1,0,1,0,0,0,0,1,13.38416135,52.45818765,1,0.0,16 to 20
6,4200207.0,10,17,7,2,0,6,1,1,1,0,0,0,0,0,13.1968535,52.48333446,2,0.5,16 to 20
9,9501939.0,10,16,7,2,6,4,0,0,1,1,0,0,0,0,13.57904441,52.45822006,2,0.0,16 to 20
3,3601451.0,10,8,3,3,5,3,0,0,1,0,0,0,0,0,13.43681201,52.53658096,1,0.0,08 to 12
4,4501153.0,10,16,4,2,5,3,0,0,1,0,1,0,0,0,13.33522097,52.48580566,2,0.0,16 to 20
2,2200208.0,10,11,2,3,2,6,0,0,1,0,0,0,0,1,13.3839645,52.49375304,1,0.0,08 to 12
11,11501339.0,10,16,6,3,5,2,1,1,1,0,0,0,0,1,13.52778907,52.49038183,2,0.5,16 to 20
1,1300733.0,10,15,7,2,0,1,0,0,0,0,1,0,0,0,13.38902655,52.55012585,1,0.0,12 to 16
3,3601140.0,10,14,3,3,6,7,0,0,1,1,0,0,0,0,13.40278782,52.55428544,2,0.0,12 to 16
4,4300412.0,10,8,5,3,0,3,1,1,1,0,0,0,0,1,13.29009091,52.51890273,2,0.5,08 to 12
12,12200413.0,10,14,7,3,5,5,0,0,1,0,0,0,0,0,13.28038468,52.57845983,1,0.0,12 to 16
4,4501040.0,10,9,3,3,0,7,0,1,1,0,0,0,0,1,13.30903484,52.50207139,2,0.5,08 to 12
9,9100306.0,10,18,7,1,3,6,2,0,1,0,1,0,0,0,13.48382143,52.45203431,2,0.0,16 to 20
6,6300631.0,10,9,6,3,5,2,0,1,1,0,0,0,0,0,13.27933802,52.4145629,2,0.5,08 to 12
4,4300412.0,10,8,4,3,5,2,0,1,1,0,0,0,0,1,13.28667154,52.51874215,2,0.5,08 to 12
7,7400823.0,10,18,6,2,6,4,2,0,1,1,0,0,0,1,13.3709032,52.47044815,2,0.0,16 to 20
7,7400822.0,10,16,6,3,2,6,0,0,1,0,0,0,0,1,13.37008205,52.46445013,1,0.0,16 to 20
1,1100313.0,10,8,3,2,5,3,0,1,1,0,0,0,0,0,13.41967947,52.50608184,2,0.5,08 to 12
4,4501042.0,10,12,3,2,6,2,0,0,0,1,0,0,1,0,13.33181458,52.5052258,2,0.0,12 to 16
2,2200208.0,10,11,2,3,2,7,0,0,0,0,1,0,1,1,13.38350427,52.49360873,2,0.0,08 to 12
1,1401044.0,10,6,6,3,5,2,1,1,1,0,0,0,0,1,13.36935671,52.55283884,2,0.5,04 to 08
1,1100103.0,10,23,6,3,0,1,2,0,0,0,1,0,0,1,13.35320276,52.50226828,1,0.0,20 to 24
3,3300413.0,10,22,3,3,5,2,2,0,1,0,0,0,0,0,13.47254492,52.60269913,1,0.0,20 to 24
1,1100309.0,10,13,5,3,0,3,0,1,0,0,1,0,0,1,13.40191701,52.52892564,2,0.5,12 to 16
2,2200213.0,10,22,6,3,2,5,2,0,1,0,1,0,0,1,13.42285137,52.48885608,2,0.0,20 to 24
8,8100415.0,10,22,6,3,0,3,2,0,1,0,1,0,0,1,13.44753744,52.47605918,2,0.0,20 to 24
2,2400520.0,10,6,3,2,4,6,2,1,1,0,0,0,0,1,13.42880127,52.52147003,2,0.5,04 to 08
10,10300734.0,10,15,5,2,3,6,0,1,0,0,0,0,0,0,13.56206307,52.50034587,1,1.0,12 to 16
4,4501146.0,10,21,6,3,2,6,2,0,1,0,0,0,0,1,13.30822303,52.48835816,1,0.0,20 to 24
9,9200819.0,10,7,3,3,1,5,0,1,0,0,0,0,1,0,13.57147841,52.43524929,2,0.5,04 to 08
4,4501042.0,10,20,6,3,9,1,2,0,1,1,0,0,0,1,13.3253271,52.50305575,2,0.0,20 to 24
1,1100309.0,10,20,6,3,0,1,2,1,0,0,0,0,0,1,13.40172505,52.52915599,1,1.0,20 to 24
12,12200515.0,10,17,3,3,5,3,0,0,1,0,0,0,1,0,13.28435343,52.5944018,2,0.0,16 to 20
11,11100204.0,10,21,4,3,5,3,2,0,1,0,0,0,0,0,13.52811066,52.55690107,1,0.0,20 to 24
6,6200314.0,10,19,6,3,6,2,2,0,1,1,0,0,0,1,13.33583436,52.43322671,2,0.0,16 to 20
7,7200413.0,10,19,6,3,6,2,2,0,1,1,0,0,0,1,13.36037559,52.47971826,2,0.0,16 to 20
10,10200422.0,10,17,3,3,0,2,0,0,1,0,0,0,1,0,13.60425655,52.54030191,2,0.0,16 to 20
5,5100313.0,10,13,3,3,0,4,0,0,0,1,0,0,1,0,13.2091206,52.54672075,2,0.0,12 to 16
2,2500727.0,10,9,6,3,5,7,0,0,1,0,1,0,0,1,13.45633336,52.51794688,2,0.0,08 to 12
1,1100206.0,10,19,6,3,5,3,2,1,1,0,0,0,0,1,13.39076724,52.51573705,2,0.5,16 to 20
11,11200513.0,10,19,3,3,5,2,2,1,0,0,1,0,0,0,13.4969307,52.54641735,2,0.5,16 to 20
8,8200727.0,10,19,5,3,5,3,2,1,1,0,0,0,0,0,13.43422486,52.4422823,2,0.5,16 to 20
7,7200409.0,10,15,5,3,1,5,0,1,1,0,0,0,0,0,13.35563529,52.4901355,2,0.5,12 to 16
11,11501341.0,10,14,6,3,6,2,0,0,1,1,0,0,0,1,13.51945187,52.48073358,2,0.0,12 to 16
1,1100311.0,10,14,6,3,2,6,0,0,1,0,0,0,0,1,13.42175531,52.51422773,1,0.0,12 to 16
7,7400823.0,10,16,3,3,1,5,0,1,1,0,0,0,0,0,13.37742435,52.46456648,2,0.5,16 to 20
4,4300412.0,10,14,4,3,0,1,0,0,0,0,1,0,0,1,13.28572077,52.52208197,1,0.0,12 to 16
4,4100101.0,10,13,6,3,4,6,0,0,1,0,0,0,0,0,13.32254696,52.54350338,1,0.0,12 to 16
11,11501340.0,10,16,3,3,3,6,0,0,1,0,0,1,0,0,13.52701245,52.48661673,2,0.0,16 to 20
10,10200629.0,10,11,4,3,0,7,0,1,0,0,0,0,0,1,13.57863093,52.51325784,1,1.0,08 to 12
10,10300731.0,10,11,6,3,0,6,0,0,1,0,0,0,1,0,13.56408461,52.51915588,2,0.0,08 to 12
6,6300632.0,10,10,6,3,3,6,0,1,1,0,0,0,0,0,13.30277329,52.42677107,2,0.5,08 to 12
1,1300836.0,10,16,3,3,5,3,0,0,1,0,0,0,0,0,13.36991148,52.54287995,1,0.0,16 to 20
3,3300411.0,10,18,3,3,5,3,2,0,1,0,1,0,0,0,13.48855166,52.61889586,2,0.0,16 to 20
7,7400825.0,10,7,6,3,5,7,0,0,1,0,0,0,1,1,13.37811121,52.45623031,2,0.0,04 to 08
8,8200730.0,10,9,6,3,0,6,0,0,1,0,0,0,0,1,13.45082899,52.43685134,1,0.0,08 to 12
1,1300835.0,10,7,3,3,5,3,0,1,1,0,0,0,0,0,13.3800675,52.54053537,2,0.5,04 to 08
2,2400521.0,10,10,5,3,0,2,0,1,1,0,0,0,0,1,13.43544671,52.52173519,2,0.5,08 to 12
11,11100204.0,10,9,5,2,5,3,0,0,1,0,0,0,0,1,13.52811453,52.55690313,1,0.0,08 to 12
2,2500831.0,10,9,6,3,2,7,0,1,1,0,0,1,0,1,13.4667697,52.51085353,3,0.3333333333333333,08 to 12
4,4501045.0,10,9,6,3,1,5,0,1,1,0,0,0,0,0,13.33188331,52.49943012,2,0.5,08 to 12
12,12500824.0,10,16,3,3,0,1,0,1,0,0,0,0,0,0,13.28940728,52.59027997,1,1.0,16 to 20
7,7400927.0,10,7,4,3,1,5,0,1,0,0,0,1,0,0,13.38474842,52.45593168,2,0.5,04 to 08
5,5100315.0,10,10,2,3,5,2,0,0,1,0,0,0,0,0,13.19838653,52.5428507,1,0.0,08 to 12
3,3300516.0,10,19,6,3,5,2,2,0,1,0,0,0,0,1,13.4295141,52.57187364,1,0.0,16 to 20
1,1200522.0,10,7,6,2,0,7,0,1,0,0,0,0,0,1,13.33624403,52.52467598,1,1.0,04 to 08
4,4300624.0,10,15,3,3,2,6,0,0,1,0,0,0,0,0,13.3180247,52.50612669,1,0.0,12 to 16
5,5400942.0,10,15,3,2,4,6,0,0,1,0,0,0,0,0,13.18326324,52.48489969,1,0.0,12 to 16
5,5100315.0,10,14,6,3,2,6,0,0,1,0,0,0,0,1,13.20211259,52.5408045,1,0.0,12 to 16
4,4300415.0,10,7,6,3,0,2,1,1,0,0,0,0,1,1,13.28405,52.5051778,2,0.5,04 to 08
2,2100105.0,10,6,6,3,2,6,1,0,1,0,0,0,0,0,13.41829666,52.49933459,1,0.0,04 to 08
8,8100521.0,10,14,3,3,2,2,0,0,1,0,0,0,0,0,13.46381612,52.46646492,1,0.0,12 to 16
9,9100407.0,10,17,3,3,0,3,2,1,0,0,0,0,1,0,13.50999795,52.45356884,2,0.5,16 to 20
5,5300735.0,10,12,6,3,5,2,0,0,1,0,0,0,0,1,13.2271767,52.54945001,1,0.0,12 to 16
6,6100209.0,10,5,6,3,0,7,2,0,0,0,1,0,0,1,13.33217732,52.45847149,1,0.0,04 to 08
8,8200623.0,10,17,5,3,5,3,2,1,1,0,0,0,0,0,13.43679975,52.45694928,2,0.5,16 to 20
3,3200205.0,10,7,5,3,5,3,0,1,1,0,0,0,0,1,13.38800344,52.58879083,2,0.5,04 to 08
7,7501031.0,10,0,6,3,2,7,2,0,1,0,0,0,0,1,13.40770591,52.45252442,1,0.0,00 to 04
3,3500934.0,10,11,6,3,1,5,0,0,1,0,0,0,0,0,13.43184831,52.55730379,1,0.0,08 to 12
7,7200308.0,10,14,3,3,6,4,0,0,1,1,0,0,0,0,13.34199702,52.47914503,2,0.0,12 to 16
1,1100206.0,10,17,4,3,6,2,1,0,1,1,0,0,0,0,13.3918939,52.52007124,2,0.0,16 to 20
12,12100205.0,10,9,2,3,5,2,0,1,0,0,0,1,0,1,13.36100257,52.57705549,2,0.5,08 to 12
2,2300314.0,10,18,6,2,5,3,2,1,1,0,0,0,0,1,13.42155071,52.50448023,2,0.5,16 to 20
10,10200420.0,10,11,6,3,2,6,0,0,0,0,1,0,1,0,13.58891877,52.5377114,2,0.0,08 to 12
2,2400522.0,10,6,3,3,2,3,0,0,1,0,0,0,0,0,13.4427349,52.52499017,1,0.0,04 to 08
1,1100312.0,10,8,5,3,5,2,0,1,1,0,0,0,0,1,13.41655691,52.51098106,2,0.5,08 to 12
3,3500936.0,10,12,6,3,0,3,0,1,0,0,0,0,1,0,13.45274314,52.54876561,2,0.5,12 to 16
12,12500824.0,10,18,2,3,2,6,2,0,1,0,0,0,0,1,13.29236339,52.59601021,1,0.0,16 to 20
1,1200626.0,10,13,6,3,2,6,0,0,1,0,0,0,0,0,13.35630657,52.52364203,1,0.0,12 to 16
12,12601236.0,10,14,6,2,5,3,0,0,1,0,0,0,1,1,13.34594565,52.59155982,2,0.0,12 to 16
12,12200310.0,10,16,4,3,2,6,1,0,1,0,1,0,0,0,13.31346145,52.57207086,2,0.0,16 to 20
1,1200628.0,10,14,6,3,5,2,0,0,1,0,1,0,0,1,13.3570628,52.52354933,2,0.0,12 to 16
8,8200832.0,10,14,6,3,2,2,0,0,1,0,0,0,1,1,13.43048533,52.42156154,2,0.0,12 to 16
5,5100316.0,10,15,6,3,2,6,0,0,1,0,0,0,0,0,13.20054437,52.53852184,1,0.0,12 to 16
2,2300314.0,10,15,6,3,0,5,1,0,1,0,1,0,0,1,13.4170996,52.50189264,2,0.0,12 to 16
12,12500927.0,10,6,5,3,5,2,1,0,1,0,0,1,0,1,13.32130665,52.59357001,2,0.0,04 to 08
5,5300841.0,10,16,6,3,2,7,0,0,1,0,1,0,0,1,13.27406389,52.53614627,2,0.0,16 to 20
8,8100521.0,10,16,6,3,5,3,0,0,1,0,1,0,0,1,13.44716737,52.46571089,2,0.0,16 to 20
5,5300737.0,10,13,3,3,6,2,0,0,1,1,0,0,0,0,13.23219549,52.54054458,2,0.0,12 to 16
9,9200511.0,10,6,4,3,1,5,0,1,1,0,0,0,0,1,13.53109817,52.46242416,2,0.5,04 to 08
2,2500833.0,10,9,2,3,5,3,0,1,1,0,0,0,0,1,13.46336477,52.50813015,2,0.5,08 to 12
2,2400522.0,10,17,6,3,5,7,2,1,0,0,0,0,1,1,13.44402412,52.5190853,2,0.5,16 to 20
4,4400832.0,10,17,6,3,0,3,1,1,1,0,0,0,0,1,13.29000374,52.47016063,2,0.5,16 to 20
10,10200629.0,10,13,5,3,1,5,0,0,1,0,0,0,0,1,13.58726265,52.51733046,1,0.0,12 to 16
3,3300516.0,10,17,6,2,4,1,0,0,1,0,0,0,0,1,13.44224808,52.5697865,1,0.0,16 to 20
2,2100102.0,10,12,3,3,1,5,0,1,1,0,0,0,0,0,13.39622831,52.50451372,2,0.5,12 to 16
1,1100415.0,10,15,5,3,6,7,0,0,0,1,0,0,1,0,13.40010162,52.53111285,2,0.0,12 to 16
8,8100209.0,10,23,3,3,5,3,2,0,1,0,0,0,0,1,13.43744474,52.46360009,1,0.0,20 to 24
1,1100310.0,10,7,4,3,5,2,1,1,1,0,0,0,0,0,13.41561431,52.52722939,2,0.5,04 to 08
7,7601339.0,10,18,5,3,1,5,1,1,1,0,0,0,0,0,13.34692658,52.41492025,2,0.5,16 to 20
4,4300416.0,10,12,5,3,2,6,0,0,1,0,0,0,0,0,13.30325134,52.50528864,1,0.0,12 to 16
9,9501737.0,10,21,3,2,0,1,2,0,0,0,1,0,0,1,13.62045522,52.45593392,1,0.0,20 to 24
4,4501043.0,10,11,3,3,5,2,0,1,1,0,0,0,0,0,13.31388612,52.49050436,2,0.5,08 to 12
2,2100102.0,10,20,6,2,6,2,2,0,1,1,0,0,0,1,13.39820954,52.50699055,2,0.0,20 to 24
1,1300834.0,10,19,5,3,3,5,2,0,1,0,1,0,0,0,13.39923487,52.54392162,2,0.0,16 to 20
6,6200312.0,10,23,2,3,3,6,2,1,1,0,0,0,0,0,13.33410385,52.44287798,2,0.5,20 to 24
9,9200717.0,10,20,3,3,9,1,2,0,1,0,0,0,0,1,13.55869744,52.44676653,1,0.0,20 to 24
3,3601245.0,10,11,3,3,2,6,0,0,1,0,0,0,0,0,13.43220407,52.55054993,1,0.0,08 to 12
7,7200307.0,10,9,6,3,5,3,0,1,1,0,0,0,0,1,13.34520476,52.48679087,2,0.5,08 to 12
3,3400826.0,10,13,5,3,0,7,0,0,1,0,0,0,0,0,13.40324514,52.55888449,1,0.0,12 to 16
3,3400620.0,10,13,5,2,4,6,0,0,1,0,0,0,0,1,13.38184868,52.5736662,1,0.0,12 to 16
7,7300515.0,10,13,5,3,5,3,0,1,0,0,0,0,0,0,13.3241537,52.47506681,1,1.0,12 to 16
4,4300622.0,10,12,5,3,5,3,0,0,1,0,0,0,0,0,13.32098126,52.51305028,1,0.0,12 to 16
11,11401032.0,10,18,2,3,5,3,2,0,1,0,0,0,0,0,13.51910845,52.51346681,1,0.0,16 to 20
1,1100205.0,10,13,4,3,2,2,0,1,1,0,0,0,0,0,13.37662758,52.50938487,2,0.5,12 to 16
9,9200613.0,10,12,5,3,2,2,0,0,1,0,0,0,0,0,13.51732803,52.45443271,1,0.0,12 to 16
10,10100205.0,10,12,5,3,5,3,0,0,1,0,1,0,0,0,13.53734421,52.54030871,2,0.0,12 to 16
12,12200310.0,10,23,2,3,5,3,2,0,1,0,0,0,0,0,13.31511319,52.57651539,1,0.0,20 to 24
4,4300623.0,10,10,3,3,5,7,0,1,1,0,0,0,0,1,13.31400579,52.50703626,2,0.5,08 to 12
7,7400721.0,10,6,6,3,5,2,2,0,1,0,0,0,0,1,13.38563207,52.47192676,1,0.0,04 to 08
1,1100102.0,10,12,5,3,0,2,0,1,0,0,1,0,0,0,13.35007608,52.51377419,2,0.5,12 to 16
5,5100317.0,10,10,5,3,2,7,0,0,1,0,0,0,0,1,13.23995132,52.52627102,1,0.0,08 to 12
1,1100308.0,10,8,5,3,3,6,0,1,1,0,0,0,0,1,13.38475888,52.52920178,2,0.5,08 to 12
11,11200514.0,10,12,5,2,5,2,0,1,1,0,0,0,0,0,13.47364932,52.53608975,2,0.5,12 to 16
2,2200210.0,10,12,5,3,5,3,0,0,1,0,0,0,0,0,13.3964304,52.49135032,1,0.0,12 to 16
8,8100314.0,10,22,2,3,5,2,2,1,1,0,0,0,0,0,13.43367078,52.48193336,2,0.5,20 to 24
3,3601451.0,10,15,4,3,2,6,0,0,1,0,0,0,0,1,13.44368088,52.53338895,1,0.0,12 to 16
9,9200715.0,10,18,5,3,5,3,2,1,1,0,0,0,0,0,13.54132534,52.43529547,2,0.5,16 to 20
8,8100416.0,10,15,5,2,0,7,0,1,0,0,0,0,0,1,13.44654425,52.47408182,1,1.0,12 to 16
7,7601237.0,10,10,5,2,2,2,0,0,1,0,1,0,0,0,13.37732961,52.41845741,2,0.0,08 to 12
4,4300416.0,10,10,5,3,5,7,0,1,1,0,0,0,0,0,13.29623987,52.50885689,2,0.5,08 to 12
10,10400837.0,10,17,2,3,5,3,1,1,1,0,0,0,0,0,13.57596189,52.49113689,2,0.5,16 to 20
6,6200316.0,10,14,4,3,5,2,0,0,1,0,1,0,0,0,13.35520048,52.42765873,2,0.0,12 to 16
5,5100313.0,10,15,6,3,2,6,0,0,1,0,0,0,0,1,13.21025136,52.54912014,1,0.0,12 to 16
3,3701554.0,10,10,5,3,1,5,0,1,1,0,0,0,0,0,13.4102503,52.53638026,2,0.5,08 to 12
4,4300413.0,10,8,2,3,6,7,0,1,0,1,0,0,0,1,13.28973224,52.51662346,2,0.5,08 to 12
2,2100105.0,10,21,3,3,5,3,2,1,1,0,0,0,0,0,13.41404601,52.50039535,2,0.5,20 to 24
4,4200311.0,10,14,6,3,2,6,0,0,1,0,0,0,0,1,13.27487642,52.50093908,1,0.0,12 to 16
6,6100206.0,10,9,5,3,1,6,0,0,1,0,0,0,0,0,13.3380544,52.44945605,1,0.0,08 to 12
7,7300619.0,10,18,2,3,5,2,1,0,1,0,0,0,0,1,13.33753609,52.46715322,1,0.0,16 to 20
6,6300633.0,10,15,5,2,0,7,0,1,1,0,0,0,0,1,13.30066207,52.43998726,2,0.5,12 to 16
7,7400823.0,10,8,5,3,1,5,0,1,1,0,0,0,0,0,13.37665079,52.46043248,2,0.5,08 to 12
5,5200629.0,10,7,5,3,5,2,0,1,1,0,0,0,0,1,13.19251709,52.528621,2,0.5,04 to 08
8,8200622.0,10,23,5,3,1,5,2,0,1,0,1,0,0,0,13.44092714,52.4603745,2,0.0,20 to 24
1,1300733.0,10,22,5,3,2,6,2,0,1,0,0,0,0,0,13.38436288,52.55602381,1,0.0,20 to 24
2,2100102.0,10,11,2,3,5,2,0,1,0,0,0,0,1,0,13.39581881,52.49891565,2,0.5,08 to 12
3,3601245.0,10,18,4,2,5,2,2,1,1,0,0,0,0,0,13.42794121,52.54550727,2,0.5,16 to 20
1,1300834.0,10,9,2,3,2,6,0,0,0,0,0,0,1,1,13.39549859,52.5390414,1,0.0,08 to 12
1,1100101.0,10,17,6,3,0,2,1,1,0,0,1,0,0,1,13.3511246,52.50963207,2,0.5,16 to 20
8,8100209.0,10,20,5,3,5,3,2,0,0,0,1,0,1,0,13.43464976,52.46594424,2,0.0,20 to 24
6,6400839.0,10,15,5,3,6,7,0,1,0,1,0,0,0,0,13.24735567,52.4482626,2,0.5,12 to 16
2,2500832.0,10,9,2,3,2,6,0,0,1,0,0,0,0,0,13.46847179,52.50699962,1,0.0,08 to 12
5,5400942.0,10,19,6,2,2,6,2,0,1,0,0,0,0,1,13.18180909,52.48731859,1,0.0,16 to 20
1,1300834.0,10,19,5,3,0,1,2,1,0,0,0,0,0,0,13.40136536,52.53977079,1,1.0,16 to 20
4,4300622.0,10,15,3,3,3,6,0,0,1,0,0,0,0,0,13.32299774,52.51113713,1,0.0,12 to 16
3,3300412.0,10,16,6,3,5,3,0,0,1,0,0,0,0,1,13.47397452,52.60982511,1,0.0,16 to 20
9,9100306.0,10,20,5,3,3,6,2,1,1,0,0,0,0,0,13.48119598,52.44501754,2,0.5,20 to 24
6,6300528.0,10,19,5,2,5,2,2,1,0,0,0,0,0,0,13.25159635,52.42388892,1,1.0,16 to 20
2,2200209.0,10,10,5,2,6,4,0,1,1,1,0,0,0,0,13.3858689,52.48738458,3,0.3333333333333333,08 to 12
1,1100309.0,10,11,4,3,5,2,0,1,1,0,0,0,0,0,13.39380154,52.52853222,2,0.5,08 to 12
11,11300826.0,10,19,5,3,4,6,2,0,1,0,0,0,1,0,13.47939107,52.50795763,2,0.0,16 to 20
2,2300316.0,10,17,5,3,2,6,0,0,1,0,0,0,0,0,13.43935855,52.50242042,1,0.0,16 to 20
4,4200311.0,10,11,2,2,0,6,0,0,1,0,1,0,0,0,13.2701103,52.49929684,2,0.0,08 to 12
9,9502043.0,10,6,4,3,2,6,2,0,1,0,0,0,0,1,13.55327095,52.46954159,1,0.0,04 to 08
1,1200517.0,10,9,2,3,5,3,0,0,1,0,1,0,0,1,13.31488818,52.52952449,2,0.0,08 to 12
12,12100103.0,10,9,6,3,5,3,0,1,1,0,0,0,0,1,13.37361261,52.57462325,2,0.5,08 to 12
3,3500932.0,10,16,5,3,5,3,0,1,1,0,0,0,0,0,13.44873459,52.55972662,2,0.5,16 to 20
4,4300619.0,10,13,5,3,0,6,0,1,1,0,0,0,0,0,13.30841111,52.51831747,2,0.5,12 to 16
11,11501340.0,10,15,5,3,5,3,0,1,1,0,0,0,0,0,13.53022489,52.48662803,2,0.5,12 to 16
9,9100304.0,10,16,5,3,5,2,0,1,1,0,0,0,0,0,13.48894252,52.46421978,2,0.5,16 to 20
12,12601235.0,10,11,2,3,5,3,0,1,1,0,0,0,0,0,13.36319717,52.59690724,2,0.5,08 to 12
2,2100105.0,10,11,4,3,2,7,0,1,1,0,0,0,0,0,13.4163087,52.49967069,2,0.5,08 to 12
7,7200308.0,10,16,5,3,5,5,0,1,1,0,0,0,0,0,13.34302798,52.48261598,2,0.5,16 to 20
4,4501153.0,10,15,5,3,1,5,0,1,1,0,0,0,0,0,13.3365405,52.47999561,2,0.5,12 to 16
7,7300619.0,10,9,2,3,0,7,0,0,1,0,0,1,0,1,13.3485612,52.46080205,2,0.0,08 to 12
11,11400931.0,10,15,5,3,6,3,0,0,1,1,0,0,0,0,13.51489821,52.50558066,2,0.0,12 to 16
10,10100102.0,10,15,5,3,5,3,0,1,1,0,0,0,0,0,13.56915459,52.57022599,2,0.5,12 to 16
1,1100308.0,10,9,2,3,5,2,0,1,1,0,0,0,0,1,13.38018045,52.53288195,2,0.5,08 to 12
6,6100101.0,10,22,4,3,6,4,2,0,1,1,0,0,0,0,13.31790427,52.45420959,2,0.0,20 to 24
1,1400940.0,10,15,5,3,6,4,0,0,1,1,0,0,0,0,13.35897149,52.56032889,2,0.0,12 to 16
3,3601245.0,10,8,5,3,2,6,0,0,1,0,1,0,0,0,13.4272836,52.54486636,2,0.0,08 to 12
12,12400619.0,10,9,2,3,5,3,0,0,1,0,0,0,0,1,13.24067438,52.60194672,1,0.0,08 to 12
4,4200310.0,10,13,3,3,2,2,0,0,1,0,1,0,0,0,13.27163631,52.51007911,2,0.0,12 to 16
5,5200629.0,10,19,6,3,5,3,2,0,1,0,0,0,0,1,13.19854196,52.53289702,1,0.0,16 to 20
7,7501029.0,10,7,5,2,6,4,1,1,0,1,0,0,0,0,13.38044173,52.44315216,2,0.5,04 to 08
6,6300527.0,10,20,5,3,5,3,2,1,1,0,0,0,0,0,13.27618428,52.43853763,2,0.5,20 to 24
6,6100103.0,10,15,5,3,6,2,0,0,1,1,0,0,0,0,13.32482954,52.46124981,2,0.0,12 to 16
6,6300633.0,10,0,5,2,5,3,2,0,1,0,0,0,1,0,13.31559681,52.44317623,2,0.0,00 to 04
10,10100210.0,10,9,2,3,5,3,0,0,1,0,1,0,0,1,13.5445744,52.5449284,2,0.0,08 to 12
2,2400521.0,10,13,4,3,5,2,0,1,1,0,0,0,0,0,13.43288256,52.51782483,2,0.5,12 to 16
3,3601244.0,10,13,5,3,5,2,0,1,1,0,0,0,0,0,13.42575826,52.55266805,2,0.5,12 to 16
1,1300835.0,10,8,2,2,0,1,0,0,0,0,1,0,0,1,13.3924674,52.53696179,1,0.0,08 to 12
4,4400830.0,10,14,3,3,5,2,0,1,1,0,0,0,0,0,13.29596889,52.48199094,2,0.5,12 to 16
2,2200210.0,10,12,6,3,2,6,0,0,1,0,0,0,0,1,13.38993054,52.49602416,1,0.0,12 to 16
3,3601453.0,10,13,5,3,5,2,0,1,0,0,1,0,0,0,13.45814609,52.52560274,2,0.5,12 to 16
8,8200832.0,10,8,2,3,5,3,0,0,1,0,0,0,0,1,13.43815534,52.41742231,1,0.0,08 to 12
12,12200310.0,10,19,3,3,5,3,2,1,1,0,0,0,0,1,13.31048084,52.56795493,2,0.5,16 to 20
10,10300734.0,10,7,6,3,5,3,1,1,1,0,0,0,0,1,13.55843257,52.49399034,2,0.5,04 to 08
8,8100521.0,10,13,5,3,5,3,0,0,1,0,0,0,0,1,13.46647893,52.46819407,1,0.0,12 to 16
4,4400832.0,10,18,5,3,3,6,2,0,1,0,1,0,0,1,13.29439278,52.47411891,2,0.0,16 to 20
1,1300836.0,10,9,5,3,2,6,0,0,1,0,0,0,0,0,13.37843886,52.54465276,1,0.0,08 to 12
12,12400721.0,10,13,5,3,0,3,0,0,1,0,1,0,0,0,13.30216201,52.64509936,2,0.0,12 to 16
12,12100204.0,10,14,4,3,3,6,0,0,1,0,0,0,0,0,13.35264775,52.56421921,1,0.0,12 to 16
3,3300413.0,10,7,2,3,2,6,1,0,1,0,0,0,0,0,13.48154659,52.60963822,1,0.0,04 to 08
1,1401045.0,10,8,4,3,2,6,0,0,1,0,0,0,0,1,13.37354018,52.55658105,1,0.0,08 to 12
4,4501042.0,10,5,6,3,1,5,2,1,0,0,0,1,0,1,13.33844707,52.50358618,2,0.5,04 to 08
5,5300736.0,10,11,4,3,2,6,0,0,1,0,0,0,0,1,13.22908528,52.53792313,1,0.0,08 to 12
1,1400938.0,10,5,2,3,2,2,2,0,1,0,0,0,0,1,13.33575823,52.54180816,1,0.0,04 to 08
12,12200413.0,10,16,3,3,5,3,0,0,1,0,0,0,0,0,13.28408254,52.57862805,1,0.0,16 to 20
1,1200522.0,10,14,6,3,2,6,0,0,1,0,1,0,0,1,13.33625737,52.52479313,2,0.0,12 to 16
10,10100311.0,10,10,4,3,5,2,0,0,1,0,0,0,0,1,13.51751155,52.53540723,1,0.0,08 to 12