bez,lor_ab_2021,umonat,ustunde,uwochentag,ukategorie,uart,utyp1,ulichtverh,istrad,istpkw,istfuss,istkrad,istgkfz,istsonstige,ustrzustand,xgcswgs84,ygcswgs84,all_acc,perc_bike_acc,rushhours
1,1300733.0,10,18,4,3,5,2,2,1,1,0,0,0,0,0,13.38166344,52.55227145,2,0.5,16 to 20
1,1200625.0,10,6,5,3,0,2,1,0,1,0,1,0,0,1,13.35143799,52.52782963,2,0.0,04 to 08
2,2500832.0,10,19,4,3,2,6,2,0,1,0,0,0,0,1,13.47507095,52.51148138,1,0.0,16 to 20
11,11300620.0,10,17,4,2,5,7,1,0,0,0,1,0,1,0,13.48543454,52.52667746,2,0.0,16 to 20
4,4501043.0,10,9,5,3,0,6,0,1,1,0,0,0,0,1,13.31223633,52.49848842,2,0.5,08 to 12
12,12500930.0,10,8,5,3,2,6,0,0,1,0,0,0,0,0,13.32114552,52.5842675,1,0.0,08 to 12
8,8100312.0,10,15,4,3,6,4,0,0,1,1,0,0,0,1,13.43586269,52.48377773,2,0.0,12 to 16
2,2200209.0,10,17,4,3,2,6,1,0,1,0,0,0,0,0,13.3761534,52.48772415,1,0.0,16 to 20
9,9200510.0,10,1,2,3,8,1,2,0,1,0,0,0,0,1,13.50547681,52.47680079,1,0.0,00 to 04
12,12400720.0,10,9,4,3,5,3,0,0,1,0,0,0,1,0,13.28030439,52.63013571,2,0.0,08 to 12
1,1200517.0,10,7,2,3,5,3,0,1,1,0,0,0,0,1,13.3190759,52.53109205,2,0.5,04 to 08
6,6200421.0,10,16,6,3,5,3,2,0,1,0,0,0,0,1,13.31243276,52.43042679,1,0.0,16 to 20
1,1100309.0,10,15,4,3,6,2,0,0,1,1,0,0,0,0,13.39839794,52.52655368,2,0.0,12 to 16
8,8200831.0,10,17,2,2,5,3,2,0,1,0,0,0,0,1,13.41049786,52.41403571,1,0.0,16 to 20
8,8100102.0,10,9,3,3,5,3,0,1,1,0,0,0,0,0,13.42024805,52.47676938,2,0.5,08 to 12
6,6400841.0,10,14,5,3,1,5,0,0,1,0,0,0,0,0,13.26369607,52.43903551,1,0.0,12 to 16
10,10300731.0,10,15,4,3,6,4,0,0,0,1,0,0,1,0,13.5580272,52.52960515,2,0.0,12 to 16
10,10100315.0,10,14,2,3,6,2,0,0,1,1,0,0,0,0,13.5698893,52.54084148,2,0.0,12 to 16
1,1401045.0,10,12,4,3,9,1,0,0,1,0,0,0,0,1,13.37564172,52.55640962,1,0.0,12 to 16
12,12100204.0,10,14,4,3,5,2,0,1,1,0,0,0,0,0,13.36228983,52.56793218,2,0.5,12 to 16
1,1200521.0,10,16,4,3,0,5,1,0,0,0,1,0,1,0,13.33535654,52.52619928,2,0.0,16 to 20
11,11300620.0,10,13,4,3,0,1,0,1,0,0,0,0,0,1,13.47639637,52.53312093,1,1.0,12 to 16
3,3200207.0,10,12,4,2,5,3,0,1,1,0,0,0,0,1,13.42457504,52.58981512,2,0.5,12 to 16
4,4300623.0,10,14,2,3,6,7,0,0,0,1,0,0,1,0,13.30674156,52.50646276,2,0.0,12 to 16
2,2300314.0,10,16,3,3,6,4,0,1,0,1,0,0,0,0,13.42298674,52.50009771,2,0.5,16 to 20
7,7601443.0,10,9,6,3,3,6,0,1,1,0,0,0,0,1,13.41066787,52.40948054,2,0.5,08 to 12
1,1200520.0,10,13,3,3,5,3,0,1,0,0,0,0,1,0,13.33929438,52.53390668,2,0.5,12 to 16
4,4300622.0,11,15,6,3,1,5,0,1,1,0,0,0,0,0,13.32980814,52.50731827,2,0.5,12 to 16
4,4501045.0,11,8,2,3,2,6,0,0,1,0,0,0,0,1,13.33069024,52.498644,1,0.0,08 to 12
10,10400941.0,11,6,3,3,0,3,2,1,1,0,0,0,0,1,13.60858084,52.49187549,2,0.5,04 to 08
7,7300517.0,11,19,2,3,5,3,2,0,1,0,0,0,0,0,13.33272105,52.4689643,1,0.0,16 to 20
1,1200522.0,11,2,7,3,0,1,2,0,0,0,1,0,0,1,13.32968901,52.52281459,1,0.0,00 to 04
11,11300618.0,11,10,5,3,5,3,0,1,1,0,0,0,0,0,13.45892641,52.5259918,2,0.5,08 to 12
7,7601339.0,11,13,2,3,5,3,0,1,1,0,0,0,0,0,13.34691019,52.41204307,2,0.5,12 to 16
7,7400822.0,11,14,6,3,5,2,0,1,1,0,0,0,0,0,13.35924957,52.45680998,2,0.5,12 to 16
10,10200524.0,11,16,3,3,0,2,1,1,1,0,0,0,0,0,13.62110836,52.53685863,2,0.5,16 to 20
2,2100106.0,11,22,1,3,2,7,2,1,0,0,0,0,1,0,13.41687289,52.49895451,2,0.5,20 to 24
6,6200312.0,11,11,7,2,5,3,0,1,1,0,0,0,0,0,13.33135704,52.4421196,2,0.5,08 to 12
4,4100101.0,11,14,1,2,5,3,0,0,1,0,1,0,0,0,13.29696246,52.54801065,2,0.0,12 to 16
11,11300724.0,11,12,4,3,6,4,0,0,1,1,0,0,0,0,13.49007363,52.51442763,2,0.0,12 to 16
7,7400721.0,11,7,2,3,5,2,0,0,1,0,0,0,1,1,13.3844986,52.47157142,2,0.0,04 to 08
3,3601450.0,11,6,6,3,2,2,1,0,1,0,0,0,0,0,13.45761259,52.528753,1,0.0,04 to 08
8,8401243.0,11,12,1,3,0,1,0,1,0,0,0,0,0,1,13.4957606,52.43215128,1,1.0,12 to 16
7,7400720.0,11,11,3,2,5,2,0,1,0,0,0,1,0,0,13.38104532,52.48256708,2,0.5,08 to 12
12,12500825.0,11,10,6,3,0,3,0,0,1,0,0,0,1,0,13.30394113,52.58323904,2,0.0,08 to 12
4,4500936.0,11,19,4,3,6,4,2,1,0,1,0,0,0,0,13.29645285,52.50226337,2,0.5,16 to 20
4,4501150.0,11,11,2,3,5,2,0,1,0,0,0,0,1,1,13.32226307,52.4864286,2,0.5,08 to 12
1,1300733.0,11,17,5,3,5,2,2,1,1,0,0,0,0,0,13.3816479,52.55227777,2,0.5,16 to 20
9,9300923.0,11,14,3,3,0,1,0,0,0,0,1,0,0,0,13.53739184,52.40391658,1,0.0,12 to 16
3,3500936.0,11,15,2,3,2,2,0,1,1,0,0,0,0,0,13.45273509,52.54879478,2,0.5,12 to 16
1,1401045.0,11,14,5,3,5,2,0,1,1,0,0,0,0,0,13.37393985,52.55649968,2,0.5,12 to 16
2,2300314.0,11,10,3,3,2,6,0,1,1,0,0,0,0,0,13.41841315,52.50005969,2,0.5,08 to 12
5,5100104.0,11,10,7,3,6,7,0,0,1,1,0,0,0,0,13.21820746,52.55658942,2,0.0,08 to 12
6,6100102.0,11,18,1,3,5,2,2,0,1,0,1,0,0,0,13.31910613,52.45448144,2,0.0,16 to 20
3,3701555.0,11,16,4,3,0,1,1,1,0,0,0,0,0,0,13.41920187,52.53824027,1,1.0,16 to 20
8,8401241.0,11,8,2,3,5,3,0,0,1,0,0,0,0,1,13.48810093,52.43488973,1,0.0,08 to 12
2,2100106.0,11,0,6,3,5,3,2,0,1,0,0,0,0,0,13.41216808,52.49873686,1,0.0,00 to 04
10,10200418.0,11,13,1,3,5,2,0,0,1,0,0,0,0,0,13.5916184,52.54492803,1,0.0,12 to 16
8,8100102.0,11,12,3,3,6,2,0,0,1,1,0,0,0,0,13.42588615,52.47824825,2,0.0,12 to 16
3,3601141.0,11,13,6,3,0,2,0,1,1,0,0,0,0,0,13.41471565,52.55357069,2,0.5,12 to 16
8,8200730.0,11,15,4,3,5,2,0,1,1,0,0,0,0,0,13.43469529,52.44030302,2,0.5,12 to 16
4,4200308.0,11,7,5,3,5,3,0,1,1,0,0,0,0,0,13.28039594,52.51833219,2,0.5,04 to 08
9,9200715.0,11,13,3,3,2,6,0,0,1,0,0,0,0,0,13.5287576,52.42636971,1,0.0,12 to 16
1,1300732.0,11,20,6,3,0,4,2,0,0,1,1,0,0,1,13.39426155,52.56277848,2,0.0,20 to 24
9,9301126.0,11,12,1,3,0,1,0,1,0,0,0,0,0,1,13.58044236,52.41754736,1,1.0,12 to 16
4,4400835.0,11,8,4,3,1,5,0,1,1,0,0,0,0,0,13.31235581,52.46856278,2,0.5,08 to 12
2,2500830.0,11,17,2,3,5,3,2,1,1,0,0,0,0,0,13.45929779,52.51243591,2,0.5,16 to 20
6,6300526.0,11,8,1,3,0,1,0,0,1,0,0,0,0,0,13.26001095,52.43173892,1,0.0,08 to 12
10,10100311.0,11,5,5,3,5,2,2,1,1,0,0,0,0,0,13.51973228,52.52610791,2,0.5,04 to 08
1,1400938.0,11,12,1,3,0,1,0,0,0,0,1,0,0,1,13.33994461,52.53981853,1,0.0,12 to 16
1,1300836.0,11,21,7,3,5,2,2,1,1,0,0,0,0,0,13.37696448,52.54573835,2,0.5,20 to 24
12,12100205.0,11,12,1,3,1,5,0,0,1,0,0,0,0,1,13.34362432,52.56986176,1,0.0,12 to 16
2,2200212.0,11,10,4,3,2,3,0,1,0,0,0,0,0,0,13.40653143,52.48948079,1,1.0,08 to 12
10,10200627.0,11,14,1,3,0,1,0,0,0,0,0,0,1,0,13.58939471,52.52776462,1,0.0,12 to 16
8,8401244.0,11,10,5,2,0,1,0,0,0,0,1,0,0,0,13.49046719,52.41344979,1,0.0,08 to 12
6,6300633.0,11,10,1,3,1,1,0,1,0,0,1,0,0,1,13.31547547,52.44432029,2,0.5,08 to 12
12,12100204.0,11,14,3,3,0,6,0,0,1,0,0,0,0,0,13.35349672,52.56244007,1,0.0,12 to 16
6,6100101.0,11,7,6,3,1,5,0,0,1,0,0,0,0,1,13.30886098,52.45943966,1,0.0,04 to 08
2,2200213.0,11,14,4,3,2,6,0,0,1,0,0,0,0,0,13.41536104,52.4911657,1,0.0,12 to 16
4,4501042.0,11,5,1,3,3,6,2,0,1,0,1,0,0,0,13.3343555,52.50437694,2,0.0,04 to 08
10,10200418.0,11,13,5,2,5,3,0,0,1,0,0,0,0,0,13.59173088,52.5449802,1,0.0,12 to 16
1,1100104.0,11,15,3,3,5,2,1,1,1,0,0,0,0,0,13.36379355,52.50077593,2,0.5,12 to 16
6,6100101.0,11,18,6,3,6,7,2,1,0,1,0,0,0,0,13.31971971,52.45724467,2,0.5,16 to 20
1,1100103.0,11,4,1,3,0,1,2,0,0,0,0,0,1,0,13.35346958,52.50220342,1,0.0,04 to 08
12,12200413.0,11,12,3,3,0,1,0,1,0,0,0,0,0,0,13.28388089,52.57877317,1,1.0,12 to 16
10,10100315.0,11,16,2,3,5,7,1,0,1,0,0,0,0,0,13.57048142,52.54329319,1,0.0,16 to 20
7,7100103.0,11,22,7,3,6,4,2,0,1,1,0,0,0,0,13.3594495,52.4984865,2,0.0,20 to 24
3,3601243.0,11,18,5,3,5,2,2,1,1,0,0,0,0,0,13.42054115,52.54865808,2,0.5,16 to 20
6,6400838.0,11,17,2,3,5,3,2,0,1,0,0,0,0,0,13.22642075,52.43882016,1,0.0,16 to 20
3,3601245.0,11,16,6,3,5,3,1,1,1,0,0,0,0,0,13.44655213,52.54665819,2,0.5,16 to 20
10,10300731.0,11,12,3,3,0,2,0,1,1,0,0,0,0,1,13.56302918,52.51424485,2,0.5,12 to 16
4,4300623.0,11,17,1,3,5,7,2,0,1,0,0,0,0,0,13.31399377,52.50621709,1,0.0,16 to 20
11,11200513.0,11,12,1,2,1,5,0,1,0,0,0,0,1,0,13.4958984,52.54257633,2,0.5,12 to 16
9,9501941.0,11,13,7,3,5,2,0,1,1,0,0,0,0,0,13.59347856,52.45294522,2,0.5,12 to 16
10,10200420.0,11,8,2,3,5,2,0,0,1,0,0,0,0,0,13.60136181,52.53580599,1,0.0,08 to 12
7,7400823.0,11,19,6,3,5,2,2,0,1,0,0,0,0,0,13.37202369,52.46984379,1,0.0,16 to 20
12,12200515.0,11,10,4,3,5,2,0,1,1,0,0,0,0,0,13.28838301,52.58410802,2,0.5,08 to 12
12,12200309.0,11,15,1,3,0,2,0,0,1,0,1,0,0,0,13.32871414,52.56241515,2,0.0,12 to 16
6,6100101.0,11,17,7,3,2,6,2,0,1,0,0,0,0,0,13.32007137,52.4571125,1,0.0,16 to 20
3,3400723.0,11,11,5,3,5,3,0,1,1,0,0,0,0,0,13.41045246,52.5712941,2,0.5,08 to 12
5,5100317.0,11,18,3,3,2,6,2,0,1,0,0,0,0,0,13.23720598,52.52694888,1,0.0,16 to 20
1,1100308.0,11,22,6,2,6,2,2,0,0,1,1,0,0,0,13.38284242,52.53052241,2,0.0,20 to 24
12,12200310.0,11,17,1,3,5,3,2,0,1,0,0,0,0,0,13.31137099,52.5697886,1,0.0,16 to 20
12,12400618.0,11,7,3,3,5,2,0,1,0,0,1,0,0,0,13.25550266,52.60978187,2,0.5,04 to 08
8,8401241.0,11,16,2,3,2,6,1,0,1,0,0,0,0,0,13.46983099,52.43479975,1,0.0,16 to 20
10,10100312.0,11,8,7,3,5,3,0,0,1,0,0,0,0,1,13.53863194,52.52463574,1,0.0,08 to 12
9,9200715.0,11,15,5,3,5,2,0,1,0,0,0,0,1,0,13.52665017,52.42636803,2,0.5,12 to 16
1,1300835.0,11,16,2,3,3,2,1,1,1,0,0,0,0,1,13.37991795,52.5405295,2,0.5,16 to 20
10,10300731.0,11,13,6,3,2,6,0,0,1,0,0,0,0,0,13.56624861,52.53443014,1,0.0,12 to 16
11,11100309.0,11,12,3,3,6,4,0,0,0,1,0,0,1,0,13.50425431,52.56304833,2,0.0,12 to 16
6,6100207.0,11,17,1,3,6,2,2,0,1,1,0,0,0,0,13.32074649,52.45185652,2,0.0,16 to 20
5,5100105.0,11,10,7,3,2,6,0,0,1,0,1,0,0,0,13.20695937,52.55569708,2,0.0,08 to 12
11,11100204.0,11,16,1,3,5,3,1,0,1,0,0,0,0,0,13.52812648,52.55698414,1,0.0,16 to 20
1,1200623.0,11,18,4,3,5,3,2,1,1,0,0,0,0,0,13.34946194,52.53176394,2,0.5,16 to 20
11,11400927.0,11,10,2,3,0,1,0,0,0,0,1,0,0,1,13.47766568,52.5046934,1,0.0,08 to 12
8,8100521.0,11,8,6,3,0,7,0,1,0,0,0,0,0,1,13.46754471,52.46848961,1,1.0,08 to 12
4,4200308.0,10,23,7,1,6,4,2,0,1,1,1,0,0,0,13.27227181,52.5195821,3,0.0,20 to 24
7,7601340.0,11,12,3,3,2,6,0,0,1,0,1,0,0,0,13.36062131,52.41272289,2,0.0,12 to 16
12,12200310.0,10,18,7,3,2,6,2,0,1,0,0,0,1,1,13.3146422,52.57663473,2,0.0,16 to 20
3,3601142.0,11,8,5,3,0,6,0,1,1,0,0,0,0,0,13.41176795,52.54755662,2,0.5,08 to 12
4,4300623.0,11,8,3,3,2,6,0,0,1,0,0,0,0,0,13.30894247,52.50649903,1,0.0,08 to 12
2,2200208.0,11,13,6,3,5,2,0,1,1,0,0,0,0,0,13.38942513,52.49595538,2,0.5,12 to 16
12,12100206.0,10,17,7,3,4,5,2,0,1,0,1,0,0,1,13.3375582,52.57130198,2,0.0,16 to 20
2,2500726.0,11,9,3,3,0,1,0,1,0,0,0,0,0,0,13.45337084,52.5234166,1,1.0,08 to 12
2,2500835.0,11,12,7,3,5,2,0,1,1,0,0,0,0,0,13.46474518,52.49736628,2,0.5,12 to 16
2,2400623.0,11,13,5,3,5,3,0,0,1,0,0,0,1,0,13.43037543,52.51042906,2,0.0,12 to 16
8,8100416.0,11,14,2,3,5,3,0,1,1,0,0,0,0,0,13.44173493,52.47860885,2,0.5,12 to 16
2,2200210.0,11,22,5,2,5,2,2,1,0,0,1,0,0,0,13.39578101,52.49788188,2,0.5,20 to 24
12,12500930.0,11,9,3,3,5,7,0,0,1,0,1,0,0,1,13.34124117,52.58260961,2,0.0,08 to 12
1,1200520.0,11,9,7,3,6,4,0,1,0,1,0,0,0,0,13.34337108,52.53191041,2,0.5,08 to 12
8,8100105.0,10,17,7,3,5,3,2,0,1,0,0,0,0,0,13.43184809,52.46642006,1,0.0,16 to 20
8,8100104.0,11,14,4,3,1,5,0,0,1,0,0,0,0,0,13.42965759,52.47047684,1,0.0,12 to 16
10,10200420.0,11,12,6,3,0,7,0,0,1,0,0,0,0,0,13.60112807,52.53684324,1,0.0,12 to 16
12,12200309.0,10,16,7,3,0,2,1,1,0,0,0,0,1,1,13.32627901,52.56445527,2,0.5,16 to 20
5,5200420.0,11,13,3,3,2,7,0,0,1,1,0,0,0,0,13.17987169,52.52955611,2,0.0,12 to 16
1,1100309.0,11,11,6,3,6,7,0,0,0,1,0,1,0,0,13.40341036,52.52520156,2,0.0,08 to 12
1,1300835.0,11,14,4,3,5,3,0,0,1,0,1,0,0,1,13.39022546,52.53540593,2,0.0,12 to 16
2,2200211.0,11,8,6,3,5,2,0,1,0,0,0,0,0,0,13.40771813,52.48850583,1,1.0,08 to 12
7,7300619.0,11,18,4,3,2,6,2,0,1,0,0,0,0,0,13.35597556,52.45736126,1,0.0,16 to 20
3,3400828.0,11,19,1,3,5,3,2,0,1,0,0,0,0,0,13.42247807,52.55979951,1,0.0,16 to 20
1,1100309.0,11,16,5,3,0,3,1,1,0,0,0,0,0,0,13.39732857,52.52868406,1,1.0,16 to 20
9,9200717.0,11,20,3,3,1,5,2,1,0,0,0,0,1,0,13.55524767,52.43834758,2,0.5,20 to 24
7,7400927.0,11,7,6,3,5,3,1,1,1,0,0,0,0,1,13.38774522,52.46037131,2,0.5,04 to 08
10,10400941.0,10,16,7,3,5,3,2,0,1,0,0,0,0,1,13.61141659,52.4779122,1,0.0,16 to 20
9,9501737.0,11,9,4,3,5,2,0,1,1,0,0,0,0,0,13.62507109,52.45381648,2,0.5,08 to 12
1,1100415.0,11,12,1,3,3,6,0,1,1,0,0,0,0,0,13.38331246,52.53064927,2,0.5,12 to 16
4,4400834.0,11,5,5,3,6,2,2,0,1,1,0,0,0,1,13.30963423,52.47626805,2,0.0,04 to 08
11,11200512.0,10,16,7,3,1,5,1,1,1,0,0,0,0,1,13.4780516,52.54754161,2,0.5,16 to 20
1,1100308.0,11,16,3,3,0,5,1,0,1,0,1,0,0,0,13.38518797,52.52885446,2,0.0,16 to 20
9,9200715.0,11,7,6,2,5,2,0,0,1,0,0,1,0,0,13.53515491,52.4323095,2,0.0,04 to 08
9,9501838.0,11,13,4,3,5,3,0,1,1,0,0,0,0,0,13.70660912,52.43408339,2,0.5,12 to 16
2,2200210.0,11,0,1,3,5,3,2,1,1,0,0,0,0,0,13.39539702,52.49775686,2,0.5,00 to 04
5,5100316.0,11,13,5,3,6,4,0,0,0,1,0,0,1,0,13.20048127,52.53868659,2,0.0,12 to 16
12,12200307.0,11,15,3,3,5,7,0,0,1,0,0,0,1,0,13.33270642,52.57760047,2,0.0,12 to 16
10,10100311.0,11,16,6,3,5,3,1,0,1,0,0,0,0,0,13.53075603,52.51969579,1,0.0,16 to 20
2,2200209.0,10,16,7,3,0,2,1,1,0,0,0,0,1,1,13.38609801,52.48736477,2,0.5,16 to 20
9,9100304.0,11,10,3,3,0,3,0,1,1,0,0,0,0,1,13.48894716,52.46436998,2,0.5,08 to 12
7,7601340.0,11,15,2,3,5,7,0,0,1,0,1,0,0,0,13.35754757,52.41311376,2,0.0,12 to 16
7,7300516.0,11,16,5,3,5,3,2,1,1,0,0,0,0,0,13.32448499,52.46586298,2,0.5,16 to 20
9,9502043.0,11,13,3,3,4,7,0,0,1,0,1,0,0,0,13.56019889,52.47034715,2,0.0,12 to 16
9,9502043.0,11,19,6,3,0,3,2,0,1,0,1,0,0,0,13.57288204,52.47039069,2,0.0,16 to 20
8,8100206.0,10,14,7,3,1,5,0,1,1,0,0,0,0,1,13.42648307,52.48100635,2,0.5,12 to 16
10,10300731.0,11,7,4,3,5,3,0,0,1,0,0,0,0,0,13.56182235,52.53044625,1,0.0,04 to 08
2,2400623.0,11,15,2,3,3,6,0,1,1,0,0,0,0,0,13.42973424,52.50975555,2,0.5,12 to 16
5,5300735.0,11,13,7,3,0,7,0,0,1,0,0,0,0,0,13.22553864,52.55455873,1,0.0,12 to 16
2,2300316.0,11,20,5,3,6,7,2,1,0,1,0,0,0,0,13.44158236,52.50058852,2,0.5,20 to 24
10,10100206.0,11,9,2,3,0,1,0,0,0,0,1,0,0,1,13.57502747,52.56019044,1,0.0,08 to 12
1,1401043.0,11,18,6,3,5,3,2,1,1,0,0,0,0,0,13.36298478,52.54880852,2,0.5,16 to 20
1,1400942.0,11,6,4,3,2,6,2,0,1,0,0,0,0,0,13.34755682,52.54350628,1,0.0,04 to 08
11,11401137.0,11,21,2,2,5,5,2,0,1,0,1,0,0,1,13.51908909,52.49456237,2,0.0,20 to 24
5,5300736.0,11,13,1,3,5,2,0,0,1,0,0,0,0,0,13.21920676,52.53716982,1,0.0,12 to 16
4,4200310.0,11,13,7,3,6,7,0,0,1,1,0,0,0,0,13.27003538,52.51092733,2,0.0,12 to 16
1,1400938.0,11,10,5,3,0,5,0,1,1,0,0,0,0,1,13.33332289,52.54652702,2,0.5,08 to 12
11,11100307.0,11,16,3,3,3,5,1,0,1,0,0,0,0,0,13.50753855,52.56575688,1,0.0,16 to 20
10,10400938.0,11,15,6,3,5,3,0,0,1,0,0,0,0,0,13.64454862,52.52624293,1,0.0,12 to 16
12,12100103.0,10,15,7,3,0,2,0,1,1,0,0,0,0,1,13.36098418,52.57041324,2,0.5,12 to 16
4,4501040.0,11,8,3,2,5,2,0,1,1,0,0,0,0,0,13.31326594,52.50218133,2,0.5,08 to 12
6,6300528.0,11,15,2,3,0,6,0,1,0,0,0,1,0,0,13.25185621,52.42099483,2,0.5,12 to 16
4,4400835.0,11,11,7,3,0,2,0,0,1,0,1,0,0,1,13.31995632,52.46705554,2,0.0,08 to 12
3,11300617.0,11,14,5,2,6,6,0,0,1,1,0,0,0,0,13.46131697,52.52955461,2,0.0,12 to 16
6,6300632.0,11,18,2,3,2,6,2,0,1,0,0,0,0,0,13.30683911,52.42892662,1,0.0,16 to 20
6,6200317.0,11,15,2,3,5,3,0,0,1,0,0,0,0,0,13.3465424,52.41828446,1,0.0,12 to 16
5,5200631.0,11,13,6,3,0,6,0,0,1,0,0,0,1,0,13.19595936,52.5272513,2,0.0,12 to 16
9,9501939.0,11,10,3,3,5,3,0,1,1,0,0,0,0,0,13.57525307,52.45384059,2,0.5,08 to 12
8,8100314.0,11,0,7,3,0,7,2,0,0,0,0,0,1,0,13.42415872,52.48647954,1,0.0,00 to 04
12,12500930.0,11,16,5,3,5,2,1,0,1,0,1,0,0,0,13.31542523,52.57784057,2,0.0,16 to 20
1,1300733.0,11,14,2,3,6,7,0,1,0,1,0,0,0,0,13.38977684,52.55528545,2,0.5,12 to 16
1,1300733.0,11,17,2,3,5,3,2,1,1,0,0,0,0,0,13.38383428,52.55501384,2,0.5,16 to 20
1,1100415.0,11,15,6,3,2,6,0,0,1,0,0,0,0,0,13.38865002,52.53259029,1,0.0,12 to 16
5,5100104.0,11,10,3,3,2,2,0,0,1,0,0,0,0,0,13.20836981,52.56163202,1,0.0,08 to 12
10,10100205.0,10,15,7,3,9,6,0,0,1,0,0,0,0,1,13.53596124,52.54360549,1,0.0,12 to 16
2,2200209.0,11,9,1,3,5,3,0,1,1,0,0,0,0,0,13.38642246,52.49007462,2,0.5,08 to 12
3,3500934.0,11,12,7,2,5,3,0,1,1,0,0,0,0,0,13.44115365,52.54945547,2,0.5,12 to 16
6,6300524.0,10,15,7,2,9,1,0,0,1,0,0,0,0,1,13.24203842,52.42508349,1,0.0,12 to 16
9,9200511.0,11,22,4,3,5,2,2,1,0,0,0,0,0,0,13.52155643,52.46380077,1,1.0,20 to 24
4,4400830.0,11,9,3,3,0,1,0,1,0,0,0,0,0,1,13.29038863,52.48207061,1,1.0,08 to 12
7,7400826.0,11,12,6,3,5,3,0,0,1,0,0,1,0,0,13.36676498,52.44970282,2,0.0,12 to 16
3,3501038.0,10,15,7,3,5,3,0,0,1,0,0,0,1,1,13.47025285,52.5536469,2,0.0,12 to 16
1,1200629.0,11,18,3,3,2,2,2,1,1,0,0,0,0,0,13.33631442,52.51474243,2,0.5,16 to 20
8,8200624.0,11,7,6,3,5,3,0,1,1,0,0,0,0,0,13.42510517,52.45799306,2,0.5,04 to 08
7,7300516.0,11,18,4,3,5,2,1,1,1,0,0,0,0,0,13.32845512,52.46481668,2,0.5,16 to 20
5,5400943.0,11,14,2,3,1,5,0,1,1,0,0,0,0,0,13.14251245,52.45305861,2,0.5,12 to 16
6,6300526.0,11,12,2,3,6,4,0,1,0,1,0,0,0,0,13.25831314,52.43558356,2,0.5,12 to 16
6,6100206.0,11,18,5,3,2,6,2,0,1,0,0,0,0,0,13.3393911,52.44847355,1,0.0,16 to 20
4,4200311.0,11,14,3,3,5,3,0,0,1,0,0,0,0,0,13.28133677,52.50819896,1,0.0,12 to 16
1,1100310.0,11,0,7,3,5,2,2,1,1,0,0,0,0,0,13.41168066,52.5239631,2,0.5,00 to 04
5,5100105.0,10,13,7,3,4,2,0,0,1,0,0,0,0,1,13.18861801,52.55641923,1,0.0,12 to 16
5,5300839.0,11,12,4,2,6,7,0,0,0,1,0,0,1,0,13.25914959,52.54342669,2,0.0,12 to 16
11,11100308.0,11,10,7,3,6,4,0,0,1,1,0,0,0,0,13.49193895,52.56517103,2,0.0,08 to 12
3,3601245.0,10,20,7,3,2,6,2,0,1,0,0,0,0,1,13.43492804,52.542812,1,0.0,20 to 24
3,3601245.0,11,16,4,3,5,3,1,1,1,0,0,0,0,0,13.43054909,52.55119956,2,0.5,16 to 20
7,7400927.0,11,8,2,3,6,7,0,1,0,1,0,0,0,1,13.41109209,52.45660188,2,0.5,08 to 12
3,3601245.0,11,8,6,3,5,2,0,1,0,0,0,1,0,0,13.42999734,52.55141849,2,0.5,08 to 12
2,2500727.0,10,17,7,3,2,6,2,0,1,0,0,0,0,1,13.4546199,52.51582806,1,0.0,16 to 20
7,7200409.0,11,12,3,3,1,5,0,1,1,0,0,0,0,0,13.35399334,52.48724423,2,0.5,12 to 16
8,8401242.0,11,13,6,3,6,7,0,0,1,1,0,0,0,0,13.47498052,52.4082551,2,0.0,12 to 16
1,1100101.0,11,15,4,3,5,2,0,1,1,0,0,0,0,0,13.35114189,52.50963442,2,0.5,12 to 16
6,6300629.0,11,14,2,3,2,6,0,0,1,0,0,0,0,0,13.29420108,52.44524751,1,0.0,12 to 16
12,12400723.0,11,18,1,3,0,7,2,1,0,0,0,0,0,0,13.31222979,52.6186573,1,1.0,16 to 20
7,8200831.0,11,7,5,3,2,3,0,0,1,0,0,0,0,0,13.40144883,52.41466887,1,0.0,04 to 08
1,1200520.0,11,22,3,3,5,3,2,1,1,0,0,0,0,0,13.34340976,52.52623033,2,0.5,20 to 24
6,6100103.0,11,20,6,3,1,5,2,0,1,0,1,0,0,0,13.32260473,52.46481829,2,0.0,20 to 24
8,8300934.0,10,18,7,3,2,6,2,0,1,0,0,0,0,1,13.45518408,52.43025686,1,0.0,16 to 20
4,4501148.0,11,8,4,3,6,4,0,1,0,1,0,0,0,0,13.31173693,52.48102142,2,0.5,08 to 12