bez,lor_ab_2021,umonat,ustunde,uwochentag,ukategorie,uart,utyp1,ulichtverh,istrad,istpkw,istfuss,istkrad,istgkfz,istsonstige,ustrzustand,xgcswgs84,ygcswgs84,all_acc,perc_bike_acc,rushhours
11,11300617.0,11,15,2,3,6,4,0,1,0,1,0,0,0,1,13.47885173,52.52646761,2,0.5,12 to 16
6,6400843.0,11,10,1,3,5,2,0,0,1,0,0,0,0,0,13.28404743,52.44567215,1,0.0,08 to 12
8,8200727.0,11,13,5,2,5,3,0,0,1,0,1,0,0,0,13.45193906,52.43829759,2,0.0,12 to 16
11,11200410.0,10,5,7,3,0,1,2,0,1,0,0,0,0,1,13.51596959,52.55184394,1,0.0,04 to 08
2,2500833.0,11,17,3,3,1,5,2,1,1,0,0,0,0,0,13.46078548,52.50880053,2,0.5,16 to 20
2,2300314.0,11,0,6,3,6,4,2,0,1,1,0,0,0,0,13.41937831,52.49916065,2,0.0,00 to 04
4,4300623.0,11,9,4,3,1,5,0,1,1,0,0,0,0,0,13.3052467,52.50994385,2,0.5,08 to 12
6,6100209.0,11,14,1,3,2,2,0,1,1,0,0,0,0,0,13.33507067,52.4642815,2,0.5,12 to 16
3,3501038.0,11,12,5,3,5,3,0,1,1,0,0,0,0,0,13.47572763,52.55031908,2,0.5,12 to 16
11,11100203.0,10,0,7,3,0,1,2,0,1,0,0,0,0,1,13.52680037,52.56928866,1,0.0,00 to 04
3,3601142.0,11,14,3,3,2,7,0,0,1,0,0,0,0,0,13.40129371,52.54660112,1,0.0,12 to 16
5,5100211.0,11,8,6,3,0,1,0,1,0,0,0,0,0,0,13.17628342,52.53972294,1,1.0,08 to 12
2,2200209.0,11,14,4,3,1,5,0,1,1,0,0,0,0,0,13.38053804,52.48971016,2,0.5,12 to 16
7,7400721.0,11,15,5,3,2,7,0,0,1,0,0,0,0,0,13.37965651,52.48113136,1,0.0,12 to 16
9,9401432.0,11,15,3,3,0,7,0,1,0,1,0,0,0,1,13.59353063,52.44346378,2,0.5,12 to 16
6,6400838.0,11,18,6,3,0,6,2,1,0,0,0,0,1,0,13.21837905,52.44085434,2,0.5,16 to 20
4,4100102.0,10,0,7,3,5,2,2,0,1,0,1,0,0,1,13.29844533,52.53507869,2,0.0,00 to 04
8,8200624.0,11,19,3,2,9,1,2,0,1,0,1,0,0,0,13.42668544,52.4568005,2,0.0,16 to 20
2,2300417.0,11,10,2,3,5,3,0,1,1,0,0,0,0,1,13.42470077,52.49737502,2,0.5,08 to 12
2,2300315.0,11,21,7,3,3,6,2,1,0,0,0,0,1,0,13.43719876,52.50024285,2,0.5,20 to 24
2,2200209.0,11,19,5,3,5,2,2,0,1,0,1,0,0,0,13.38404221,52.48498897,2,0.0,16 to 20
5,5100208.0,11,14,2,3,5,3,0,0,1,0,0,0,0,0,13.16539236,52.55118842,1,0.0,12 to 16
11,11300724.0,11,17,2,3,2,2,2,0,1,0,0,0,0,0,13.48960553,52.5120984,1,0.0,16 to 20
3,3200205.0,11,16,6,3,5,2,2,1,1,0,0,0,0,0,13.39112449,52.58376213,2,0.5,16 to 20
6,6400838.0,11,12,4,3,8,1,0,0,1,0,0,0,0,0,13.22817523,52.43906894,1,0.0,12 to 16
9,9401534.0,11,14,2,3,2,2,0,0,1,0,0,0,0,0,13.58621862,52.4408712,1,0.0,12 to 16
8,8100419.0,11,12,1,2,5,3,0,0,1,0,1,0,0,0,13.4488269,52.48503376,2,0.0,12 to 16
10,10400938.0,11,13,7,3,5,3,0,0,1,0,0,0,0,0,13.61645582,52.51928469,1,0.0,12 to 16
3,3501037.0,11,8,5,2,4,6,0,1,0,0,0,0,0,0,13.4684348,52.55798637,1,1.0,08 to 12
1,1100308.0,11,8,3,3,5,2,0,1,1,0,0,0,0,0,13.38313275,52.53060205,2,0.5,08 to 12
10,10100312.0,11,14,6,3,5,2,0,1,1,0,0,0,0,0,13.54012811,52.52566462,2,0.5,12 to 16
5,5100316.0,11,15,1,3,3,6,0,0,1,0,1,0,0,0,13.20411742,52.54038291,2,0.0,12 to 16
10,10200629.0,11,19,7,3,5,2,2,0,1,0,0,0,0,0,13.58379681,52.52426662,1,0.0,16 to 20
8,8100206.0,11,11,5,3,6,4,0,1,0,1,0,0,0,0,13.42755384,52.48112023,2,0.5,08 to 12
12,12200412.0,11,17,3,3,5,2,2,1,0,0,0,0,0,0,13.29180512,52.58035598,1,1.0,16 to 20
10,10100312.0,11,15,6,2,5,7,0,0,1,0,0,0,1,0,13.55044785,52.53353438,2,0.0,12 to 16
7,7300618.0,10,0,7,3,0,1,2,1,0,0,0,0,0,1,13.34349983,52.47209299,1,1.0,00 to 04
9,9200716.0,11,7,3,3,3,6,1,1,0,0,0,0,1,1,13.54610511,52.43718597,2,0.5,04 to 08
8,8200726.0,11,10,2,3,0,4,0,0,0,1,1,0,0,1,13.43851465,52.45216398,2,0.0,08 to 12
5,5200423.0,11,4,7,2,1,1,2,0,1,0,0,0,0,1,13.15989854,52.53324071,1,0.0,04 to 08
7,7200308.0,11,15,5,3,6,4,0,1,0,1,0,0,0,0,13.33999318,52.48338592,2,0.5,12 to 16
10,10400940.0,11,16,2,3,5,2,2,0,1,0,0,0,1,0,13.60704748,52.49011029,2,0.0,16 to 20
9,9501939.0,11,14,6,3,4,6,0,1,0,0,0,0,0,0,13.57461452,52.45308663,1,1.0,12 to 16
11,11400930.0,11,9,3,3,2,2,0,1,1,0,0,0,0,0,13.51147792,52.50433678,2,0.5,08 to 12
9,9501737.0,10,10,7,3,2,7,0,0,1,0,0,0,0,1,13.62500967,52.45333069,1,0.0,08 to 12
4,4400728.0,11,11,7,2,2,2,0,0,1,0,0,0,0,0,13.28096969,52.47683055,1,0.0,08 to 12
5,5200423.0,10,12,7,3,0,7,0,0,1,0,0,0,0,1,13.1513855,52.5328077,1,0.0,12 to 16
1,1200517.0,11,19,4,3,5,2,2,1,1,0,0,0,0,0,13.32837189,52.53293613,2,0.5,16 to 20
11,11401135.0,11,11,2,3,5,3,0,1,1,0,0,0,0,1,13.50920747,52.49139041,2,0.5,08 to 12
4,4300619.0,11,10,6,3,5,2,0,1,1,0,0,0,0,1,13.31209148,52.51557918,2,0.5,08 to 12
5,5100316.0,10,12,7,3,4,6,0,1,0,0,0,0,1,1,13.19615554,52.53731223,2,0.5,12 to 16
8,8401242.0,11,12,3,3,5,3,0,1,1,0,0,0,0,0,13.48820269,52.41926367,2,0.5,12 to 16
10,10200422.0,11,22,6,2,5,2,2,1,1,0,0,0,0,0,13.60351929,52.54410964,2,0.5,20 to 24
11,11400929.0,11,19,4,3,2,2,2,0,1,0,1,0,0,0,13.49303585,52.50097775,2,0.0,16 to 20
10,10300731.0,11,13,2,3,5,3,0,0,1,0,0,0,0,1,13.55086305,52.52342067,1,0.0,12 to 16
4,4200310.0,11,9,2,3,3,2,0,0,1,0,1,0,0,0,13.27285124,52.50879842,2,0.0,08 to 12
4,4400727.0,10,11,7,3,1,7,0,0,1,0,0,0,1,1,13.28212643,52.47769621,2,0.0,08 to 12
12,12100101.0,11,9,3,3,5,3,0,0,1,0,0,0,0,0,13.36456043,52.5626953,1,0.0,08 to 12
7,7100102.0,11,12,7,3,6,4,0,0,1,1,0,0,0,0,13.34804171,52.50065851,2,0.0,12 to 16
12,12500926.0,11,14,5,2,5,2,0,0,1,0,1,0,0,0,13.33431041,52.58970383,2,0.0,12 to 16
4,4200308.0,11,14,2,3,2,2,0,0,0,0,1,0,1,0,13.28032503,52.51853525,2,0.0,12 to 16
9,9301025.0,11,8,5,3,0,7,0,1,0,0,0,0,0,0,13.57470992,52.39795843,1,1.0,08 to 12
5,5200423.0,11,9,3,3,6,2,0,0,1,1,0,0,0,0,13.15780235,52.53315654,2,0.0,08 to 12
1,1200628.0,11,10,7,3,0,6,0,0,1,0,0,0,1,0,13.36935397,52.52632246,2,0.0,08 to 12
4,4200311.0,10,12,7,3,3,2,0,0,1,0,1,0,0,1,13.27993657,52.50615941,2,0.0,12 to 16
7,7400826.0,11,15,4,3,4,6,0,0,1,0,0,0,0,0,13.35986667,52.45444868,1,0.0,12 to 16
9,9200819.0,11,6,2,3,0,7,2,1,1,0,0,0,0,1,13.56766528,52.44500779,2,0.5,04 to 08
12,12200309.0,11,8,6,3,0,2,0,0,1,0,0,0,1,0,13.33045435,52.56257311,2,0.0,08 to 12
3,3601243.0,10,12,7,3,5,7,0,0,1,0,0,0,0,1,13.41712155,52.5498638,1,0.0,12 to 16
5,5100105.0,11,12,3,3,6,7,0,0,1,1,0,0,0,0,13.19242873,52.5566832,2,0.0,12 to 16
9,9401329.0,11,12,6,3,0,2,0,0,1,0,1,0,0,0,13.58735465,52.43905266,2,0.0,12 to 16
2,2400522.0,11,14,4,3,2,6,0,1,0,0,0,0,0,0,13.44271166,52.52498324,1,1.0,12 to 16
7,7601442.0,11,7,5,3,6,4,1,0,1,1,0,0,0,0,13.40633967,52.4043977,2,0.0,04 to 08
1,1200628.0,11,13,3,3,5,7,0,1,1,0,0,0,0,0,13.35702034,52.51965127,2,0.5,12 to 16
3,3300412.0,11,14,6,3,5,3,0,1,1,0,0,0,0,0,13.47921409,52.61944576,2,0.5,12 to 16
2,2400521.0,10,13,7,2,5,3,0,1,0,0,0,0,0,1,13.43804294,52.52029657,1,1.0,12 to 16
2,2400521.0,11,16,5,2,5,2,2,1,0,0,0,0,0,0,13.4333158,52.52309726,1,1.0,16 to 20
9,9501838.0,11,14,3,3,1,5,0,1,1,0,0,0,0,0,13.70769752,52.43531774,2,0.5,12 to 16
6,6100103.0,11,18,6,3,5,3,1,0,1,0,0,0,0,0,13.32315542,52.46462111,1,0.0,16 to 20
1,1100415.0,10,13,7,3,0,1,0,1,0,0,0,0,0,1,13.39901035,52.53242608,1,1.0,12 to 16
1,1100414.0,11,9,4,2,2,6,0,0,1,0,0,0,0,0,13.3853997,52.53250779,1,0.0,08 to 12
5,5200528.0,11,22,1,3,2,6,2,0,1,0,1,0,0,0,13.18257105,52.51247505,2,0.0,20 to 24
7,7400927.0,11,10,5,3,5,3,0,0,0,0,0,0,1,0,13.40670039,52.45643507,1,0.0,08 to 12
12,12200310.0,10,14,7,3,0,7,0,0,1,0,1,0,0,1,13.30807265,52.57321517,2,0.0,12 to 16
11,11401137.0,11,15,3,3,5,2,1,1,1,0,0,0,0,0,13.52475974,52.49528656,2,0.5,12 to 16
5,5200420.0,11,7,6,3,5,3,0,0,1,0,0,0,0,1,13.16514518,52.53344254,1,0.0,04 to 08
5,5300840.0,11,13,4,3,3,6,0,0,1,0,1,0,0,0,13.24861807,52.53820364,2,0.0,12 to 16
7,7501030.0,11,13,2,3,5,3,0,1,1,0,0,0,0,1,13.37963974,52.45156808,2,0.5,12 to 16
8,8200831.0,11,0,1,3,1,5,2,0,1,0,0,0,0,0,13.42021562,52.41287025,1,0.0,00 to 04
1,1200626.0,11,13,5,3,0,2,0,1,0,0,1,0,0,0,13.34908855,52.52335233,2,0.5,12 to 16
3,3300517.0,11,15,3,3,2,2,0,0,1,0,0,0,0,0,13.46535514,52.56717002,1,0.0,12 to 16
9,9301126.0,11,15,6,2,5,3,0,0,1,0,1,0,0,0,13.57962028,52.41847077,2,0.0,12 to 16
6,6200422.0,10,10,7,3,5,3,0,0,1,0,0,0,0,1,13.33480735,52.42096254,1,0.0,08 to 12
12,12500825.0,11,10,3,3,0,1,0,0,0,0,1,0,0,0,13.30148264,52.5805209,1,0.0,08 to 12
3,3300514.0,11,10,2,3,2,6,0,0,1,0,0,1,0,1,13.4591077,52.59343271,2,0.0,08 to 12
4,4100102.0,11,7,7,3,1,5,0,0,0,0,0,1,1,1,13.29814719,52.53495259,2,0.0,04 to 08
1,1100206.0,11,18,5,3,6,6,2,1,0,1,0,0,0,0,13.38809192,52.52132283,2,0.5,16 to 20
6,6400737.0,11,17,2,3,5,2,1,1,1,0,0,0,0,0,13.22394966,52.42969706,2,0.5,16 to 20
3,3601243.0,11,7,4,3,5,3,0,1,1,0,0,0,0,0,13.41843783,52.55355051,2,0.5,04 to 08
2,2200209.0,11,10,2,3,2,6,0,0,1,0,0,0,1,1,13.37665965,52.48801242,2,0.0,08 to 12
1,1401049.0,11,23,7,3,1,5,2,1,1,0,0,0,0,0,13.36707768,52.55217556,2,0.5,20 to 24
4,4500937.0,11,15,5,3,1,5,0,0,1,0,0,0,0,0,13.28887543,52.49927916,1,0.0,12 to 16
11,11501341.0,11,2,2,3,4,6,2,0,1,0,0,0,0,0,13.52287549,52.47635881,1,0.0,00 to 04
1,1100207.0,11,18,6,3,2,3,2,1,1,0,0,0,0,0,13.40114142,52.51132644,2,0.5,16 to 20
10,10200629.0,11,11,4,3,6,4,0,0,1,1,0,0,0,0,13.581978,52.51422262,2,0.0,08 to 12
1,1100205.0,11,14,1,3,5,2,0,1,1,0,0,0,0,0,13.3842378,52.50991836,2,0.5,12 to 16
11,11501340.0,11,15,7,3,5,3,0,0,1,0,0,0,0,1,13.5302348,52.48663043,1,0.0,12 to 16
5,5200528.0,11,15,5,2,0,7,1,1,0,0,0,0,0,1,13.1671068,52.51915202,1,1.0,12 to 16
2,2300316.0,11,16,3,3,5,2,2,1,0,0,0,0,1,0,13.43206575,52.50571461,2,0.5,16 to 20
8,8301036.0,11,8,6,3,6,4,0,1,0,1,0,0,0,0,13.47080707,52.42293677,2,0.5,08 to 12
4,4500939.0,10,10,7,3,5,3,0,0,1,0,0,0,0,1,13.30930482,52.49197868,1,0.0,08 to 12
9,9200510.0,11,8,3,3,5,3,0,1,1,0,0,0,0,1,13.51198967,52.47070359,2,0.5,08 to 12
12,12100101.0,11,4,2,3,5,3,2,0,1,0,0,0,0,1,13.37786102,52.56361249,1,0.0,04 to 08
1,1200520.0,11,11,7,3,5,3,0,1,1,0,0,0,0,1,13.33918927,52.53275801,2,0.5,08 to 12
10,10100311.0,11,14,5,3,5,2,0,0,1,0,1,0,0,0,13.52868816,52.52373309,2,0.0,12 to 16
7,7400927.0,11,15,2,3,6,4,1,1,0,1,0,0,0,0,13.38787026,52.45906963,2,0.5,12 to 16
4,4200207.0,11,0,6,2,0,1,2,1,0,0,0,0,0,1,13.2231803,52.50052604,1,1.0,00 to 04
12,12200309.0,11,11,3,3,5,3,0,0,1,0,0,0,0,0,13.32765547,52.56407631,1,0.0,08 to 12
10,10200524.0,11,10,7,3,5,2,0,0,1,0,0,0,1,0,13.60979827,52.53299106,2,0.0,08 to 12
7,7400822.0,10,10,7,2,6,2,0,0,1,1,0,0,0,1,13.35944088,52.45671124,2,0.0,08 to 12
2,2100101.0,11,16,4,3,8,1,1,0,1,0,0,0,0,0,13.38367665,52.50333822,1,0.0,16 to 20
12,12200515.0,11,9,2,3,5,2,0,1,1,0,0,0,0,1,13.28303382,52.59421146,2,0.5,08 to 12
5,5200629.0,11,15,6,3,0,1,0,0,0,0,0,0,1,0,13.18217601,52.53409635,1,0.0,12 to 16
8,8100312.0,11,8,3,3,2,6,0,1,1,0,0,0,0,0,13.43274672,52.48529845,2,0.5,08 to 12
12,12400723.0,10,10,7,3,5,2,0,1,1,0,0,0,0,1,13.30411822,52.62213275,2,0.5,08 to 12
12,12601235.0,11,12,1,3,5,3,0,0,1,0,0,0,0,0,13.35508694,52.59663813,1,0.0,12 to 16
9,9502043.0,11,13,7,2,6,4,0,1,0,1,0,0,0,0,13.57957824,52.45904318,2,0.5,12 to 16
1,2400520.0,10,9,7,3,6,4,0,0,1,1,0,0,0,1,13.42564366,52.52345723,2,0.0,08 to 12
5,5100211.0,11,12,5,3,5,3,0,0,1,0,0,0,0,0,13.17886877,52.54094986,1,0.0,12 to 16
6,6100102.0,11,7,3,3,2,7,0,1,1,0,0,0,0,0,13.32084362,52.45714731,2,0.5,04 to 08
7,7300517.0,11,13,6,3,6,4,0,1,0,1,0,0,0,0,13.32863428,52.47661426,2,0.5,12 to 16
1,1100205.0,10,11,7,3,0,1,0,0,0,0,1,0,0,1,13.377395,52.51456955,1,0.0,08 to 12
2,2200212.0,11,9,3,3,1,5,0,1,1,0,0,0,0,0,13.41889996,52.48763926,2,0.5,08 to 12
2,2400522.0,11,13,7,3,6,4,0,0,1,1,0,0,0,0,13.44618997,52.52108536,2,0.0,12 to 16
2,2300314.0,11,16,5,3,3,6,1,1,0,0,0,0,1,0,13.41914199,52.50106723,2,0.5,16 to 20
1,1100414.0,11,13,2,3,2,7,0,0,0,0,1,0,1,0,13.38697464,52.53320468,2,0.0,12 to 16
4,4500938.0,11,18,5,3,2,6,2,0,1,0,1,0,0,0,13.29622389,52.49251143,2,0.0,16 to 20
2,2300316.0,11,9,3,3,2,6,0,1,0,1,0,0,0,0,13.43832428,52.50024911,2,0.5,08 to 12
12,12100101.0,11,8,7,3,5,3,0,0,1,0,0,0,1,0,13.37403549,52.56760865,2,0.0,08 to 12
2,2500833.0,10,11,7,3,1,5,0,1,1,0,0,0,0,1,13.45593899,52.50995815,2,0.5,08 to 12
5,5100211.0,11,13,4,2,1,5,0,0,1,0,0,0,1,0,13.17590908,52.54795463,2,0.0,12 to 16
1,1100309.0,11,2,6,3,9,1,2,0,0,0,0,0,1,0,13.39447012,52.52458597,1,0.0,00 to 04
7,7601341.0,10,12,7,3,5,2,0,0,1,0,0,0,0,1,13.37620095,52.40925635,1,0.0,12 to 16
5,5200632.0,11,14,3,3,2,2,0,0,1,0,0,0,0,0,13.21596851,52.52691474,1,0.0,12 to 16
1,1200624.0,11,9,6,3,5,2,0,1,1,0,0,0,0,0,13.36034106,52.53724347,2,0.5,08 to 12
11,11100102.0,10,0,7,2,9,1,2,0,1,0,0,0,0,1,13.54576535,52.56791513,1,0.0,00 to 04
12,12200515.0,11,12,3,3,6,2,0,0,0,1,0,0,1,0,13.28552397,52.58770262,2,0.0,12 to 16
10,10400938.0,11,13,6,3,5,3,0,0,1,0,0,0,0,0,13.61383201,52.51639699,1,0.0,12 to 16
6,6200312.0,11,16,4,3,5,3,2,0,1,0,0,0,0,0,13.33267059,52.44025765,1,0.0,16 to 20
3,3501038.0,11,0,1,3,9,1,2,0,1,0,0,0,0,0,13.46944007,52.55366685,1,0.0,00 to 04
7,7300619.0,11,16,5,2,0,6,1,0,1,0,1,0,0,0,13.35750746,52.47644782,2,0.0,16 to 20
5,5100316.0,11,22,3,3,5,3,2,1,1,0,0,0,0,0,13.18983449,52.53691651,2,0.5,20 to 24
2,2200211.0,11,21,6,3,5,2,2,1,1,0,0,0,0,0,13.39302919,52.4892165,2,0.5,20 to 24
7,7601236.0,10,0,7,3,1,5,2,0,1,0,0,0,0,1,13.35321537,52.41669955,1,0.0,00 to 04
1,1300732.0,11,9,4,3,2,6,0,0,1,0,0,0,0,0,13.387036,52.55964753,1,0.0,08 to 12
9,9200818.0,11,11,1,3,2,2,0,1,1,0,0,0,0,0,13.5627536,52.44618384,2,0.5,08 to 12
2,2300315.0,11,14,5,3,5,2,0,1,1,0,0,0,0,0,13.42277777,52.49905241,2,0.5,12 to 16
4,4501041.0,10,14,6,3,5,3,0,1,1,0,0,0,0,1,13.31503076,52.50089247,2,0.5,12 to 16
12,12500927.0,11,15,3,3,5,3,0,0,1,0,0,0,0,0,13.32376196,52.59849594,1,0.0,12 to 16
1,1200624.0,11,7,6,3,5,2,1,1,1,0,0,0,0,1,13.36899146,52.5296292,2,0.5,04 to 08
2,2400624.0,11,7,4,3,5,3,0,1,1,0,0,0,0,0,13.44946978,52.50781437,2,0.5,04 to 08
7,7300516.0,11,19,7,3,0,2,0,1,1,0,0,0,0,0,13.32824536,52.46612449,2,0.5,16 to 20
4,4400728.0,11,12,5,3,0,2,0,1,1,0,0,0,0,0,13.28047694,52.47742959,2,0.5,12 to 16
10,10300732.0,11,15,3,3,5,3,0,1,1,0,0,0,0,1,13.57408698,52.53172171,2,0.5,12 to 16
5,5200527.0,11,8,6,3,1,5,0,0,1,0,0,0,0,0,13.17446529,52.52628758,1,0.0,08 to 12
9,9200819.0,11,14,4,2,5,2,0,1,1,0,0,0,0,0,13.55879631,52.44675266,2,0.5,12 to 16
3,3400725.0,11,15,5,3,6,4,0,0,1,1,0,0,0,0,13.42888337,52.58504086,2,0.0,12 to 16
7,7400720.0,11,16,3,3,3,1,0,0,1,0,1,0,0,1,13.38533866,52.48430213,2,0.0,16 to 20
12,12100205.0,11,19,6,2,1,7,2,0,1,0,0,0,0,0,13.35241814,52.58083105,1,0.0,16 to 20
2,2500727.0,10,16,6,3,2,6,0,1,1,0,0,0,0,1,13.45794925,52.52067832,2,0.5,16 to 20
9,9100407.0,11,7,4,3,8,1,0,0,1,0,0,0,0,0,13.50203902,52.44269276,1,0.0,04 to 08
6,6100102.0,11,6,2,2,5,2,2,0,1,0,0,0,1,1,13.31862628,52.45416933,2,0.0,04 to 08
12,12200308.0,11,12,7,3,5,3,0,0,1,0,0,0,0,1,13.31870693,52.57401427,1,0.0,12 to 16
1,1300732.0,11,20,5,2,1,5,2,0,1,0,0,0,0,0,13.39658186,52.5595569,1,0.0,20 to 24
3,3701659.0,11,12,2,3,1,5,0,1,1,0,0,0,0,1,13.42388845,52.53032201,2,0.5,12 to 16
2,2100104.0,11,17,2,3,6,4,2,0,1,1,0,0,0,0,13.40986628,52.50389827,2,0.0,16 to 20
6,6100209.0,11,17,6,3,6,7,2,0,1,1,0,0,0,0,13.32953827,52.46404599,2,0.0,16 to 20
1,1100308.0,11,10,4,2,0,1,0,1,0,0,0,0,0,0,13.38728024,52.52614246,1,1.0,08 to 12
2,2400623.0,11,12,2,3,2,6,0,0,1,0,0,0,0,1,13.42967373,52.51035816,1,0.0,12 to 16
8,8100416.0,11,13,1,3,1,5,0,1,1,0,0,0,0,0,13.4474425,52.47572113,2,0.5,12 to 16
11,11100203.0,11,13,7,3,5,2,0,1,1,0,0,0,0,0,13.54015559,52.56528373,2,0.5,12 to 16
7,7300619.0,11,9,5,3,2,6,0,0,1,0,0,0,0,0,13.34879598,52.47037347,1,0.0,08 to 12
7,7100103.0,11,8,3,2,5,2,0,1,1,0,0,0,0,0,13.3570515,52.49889272,2,0.5,08 to 12
12,12400723.0,11,14,6,3,5,2,0,1,0,0,0,0,1,0,13.30408018,52.62216582,2,0.5,12 to 16
9,9501737.0,10,9,6,2,5,7,0,0,1,0,0,0,1,1,13.6253828,52.45627599,2,0.0,08 to 12
4,4501150.0,11,8,3,3,0,6,0,0,1,0,1,0,0,0,13.32261889,52.48612339,2,0.0,08 to 12
9,9301126.0,11,11,7,3,5,2,0,1,1,0,0,0,0,0,13.57562295,52.42378513,2,0.5,08 to 12
4,4501044.0,11,14,5,2,5,2,0,0,1,0,1,0,0,0,13.31947042,52.49225348,2,0.0,12 to 16
2,2300418.0,12,17,3,3,6,4,2,1,0,1,0,0,0,0,13.43787521,52.49393264,2,0.5,16 to 20
9,9300920.0,11,20,6,3,0,7,2,0,1,0,0,0,1,1,13.52782753,52.41111525,2,0.0,20 to 24
1,1100310.0,11,3,3,3,2,6,2,0,1,0,0,0,0,0,13.41513615,52.52707102,1,0.0,00 to 04
1,1100207.0,11,9,3,3,0,3,0,1,0,0,0,0,1,0,13.40325311,52.51676615,2,0.5,08 to 12
2,2300417.0,11,22,5,3,5,2,2,1,0,0,0,0,1,1,13.43192824,52.49740061,2,0.5,20 to 24
7,7501031.0,11,8,2,3,2,6,0,0,1,0,0,0,0,0,13.39863898,52.44337744,1,0.0,08 to 12
11,11300723.0,11,10,6,1,5,2,0,1,0,0,0,1,0,0,13.4993166,52.51896737,2,0.5,08 to 12
10,10400837.0,11,17,4,3,5,3,2,1,1,0,0,0,0,0,13.57658588,52.49343992,2,0.5,16 to 20
7,7400822.0,11,13,7,3,2,6,0,0,1,0,0,0,1,0,13.36028279,52.45634673,2,0.0,12 to 16
11,11100204.0,11,16,6,3,5,3,0,1,1,0,0,0,0,0,13.52272767,52.56514751,2,0.5,16 to 20
2,2100101.0,11,12,3,3,0,1,0,1,0,0,0,0,0,0,13.3888401,52.49951416,1,1.0,12 to 16
6,6200311.0,11,17,6,3,5,2,2,1,1,0,0,0,0,0,13.35884638,52.43713804,2,0.5,16 to 20
3,3100101.0,11,17,2,3,5,2,2,0,1,0,0,0,0,0,13.4423773,52.63695807,1,0.0,16 to 20
2,2400522.0,11,9,6,3,0,5,0,1,1,0,0,0,0,1,13.44503076,52.52000286,2,0.5,08 to 12
4,4100101.0,11,17,6,3,5,2,2,0,1,0,1,0,0,0,13.28661937,52.53516673,2,0.0,16 to 20
8,8100209.0,12,13,3,3,1,5,0,1,0,0,0,0,1,0,13.43677515,52.46699934,2,0.5,12 to 16
11,11200513.0,11,15,6,2,6,4,0,0,1,1,0,0,0,1,13.49140957,52.54353819,2,0.0,12 to 16
11,11200410.0,11,5,2,2,6,7,2,0,1,1,0,0,0,1,13.50007114,52.56156667,2,0.0,04 to 08
10,10100314.0,11,11,5,2,6,4,0,0,1,1,0,0,0,1,13.55988799,52.53759746,2,0.0,08 to 12
4,4300619.0,11,11,1,3,5,3,0,0,1,0,0,0,0,0,13.31046955,52.51598391,1,0.0,08 to 12
2,2300419.0,11,20,6,3,2,6,2,1,1,0,0,0,0,0,13.44494483,52.49951028,2,0.5,20 to 24
3,3400826.0,11,13,4,2,5,3,0,0,1,0,0,0,0,0,13.40819844,52.56362563,1,0.0,12 to 16
2,2200211.0,11,14,6,3,2,7,0,1,1,0,0,0,0,0,13.39432157,52.48653226,2,0.5,12 to 16
1,1100312.0,12,17,4,3,5,3,2,1,1,0,0,0,0,0,13.41771556,52.51385144,2,0.5,16 to 20
4,4400832.0,11,14,4,3,6,7,0,0,1,1,0,0,0,0,13.29074403,52.47527709,2,0.0,12 to 16
11,11300721.0,11,16,7,3,5,3,1,1,1,0,0,0,0,0,13.49650607,52.5339782,2,0.5,16 to 20
4,4500936.0,11,14,6,2,2,6,0,0,1,0,0,0,0,0,13.30517643,52.49957444,1,0.0,12 to 16
5,5200527.0,11,13,6,3,3,6,0,0,1,0,0,0,0,0,13.17706555,52.52515295,1,0.0,12 to 16
2,2100106.0,11,18,2,3,5,2,2,1,1,0,0,0,0,0,13.40664405,52.49832726,2,0.5,16 to 20
12,12100205.0,11,6,6,3,5,2,2,0,1,0,0,0,1,1,13.35110198,52.56759431,2,0.0,04 to 08
6,6400844.0,11,13,6,3,2,6,0,0,1,0,0,0,0,0,13.28588347,52.45292822,1,0.0,12 to 16
1,1300733.0,12,10,3,3,2,6,0,0,1,0,1,0,0,0,13.38428072,52.55607043,2,0.0,08 to 12
4,4200310.0,11,12,6,3,1,5,0,0,1,0,0,0,0,0,13.26096769,52.50972877,1,0.0,12 to 16
1,1100101.0,11,8,2,3,0,1,1,1,0,0,0,0,0,0,13.35199455,52.50824647,1,1.0,08 to 12
3,3500934.0,11,10,5,3,6,4,0,0,1,1,0,0,0,0,13.43934277,52.55216604,2,0.0,08 to 12
4,4200308.0,11,4,1,3,0,1,2,0,1,0,0,0,1,1,13.26701582,52.51993334,2,0.0,04 to 08
5,5300737.0,11,11,6,3,2,6,0,0,1,0,0,0,0,0,13.23244089,52.53839413,1,0.0,08 to 12