bez,lor_ab_2021,umonat,ustunde,uwochentag,ukategorie,uart,utyp1,ulichtverh,istrad,istpkw,istfuss,istkrad,istgkfz,istsonstige,ustrzustand,xgcswgs84,ygcswgs84,all_acc,perc_bike_acc,rushhours
2,2500835.0,11,11,4,3,0,1,0,0,0,0,1,0,0,0,13.45680608,52.50244509,1,0.0,08 to 12
2,2300315.0,11,10,5,3,5,2,0,1,1,0,0,0,0,0,13.43122552,52.49916773,2,0.5,08 to 12
3,3601243.0,11,15,5,3,0,1,0,1,0,0,0,0,0,1,13.42441075,52.55229626,1,1.0,12 to 16
1,1401045.0,11,8,2,3,5,3,0,1,0,0,0,0,1,0,13.37732588,52.5565841,2,0.5,08 to 12
7,7400823.0,11,16,3,3,3,6,1,1,1,0,0,0,0,0,13.3756184,52.45655292,2,0.5,16 to 20
5,5400943.0,11,14,6,2,6,4,0,0,1,1,0,0,0,0,13.13325015,52.46195893,2,0.0,12 to 16
11,11400929.0,11,11,2,3,6,4,0,1,0,1,0,0,0,0,13.48706792,52.50241939,2,0.5,08 to 12
7,7100205.0,11,22,5,3,5,2,2,0,1,0,0,0,0,1,13.36098307,52.49425769,1,0.0,20 to 24
2,2200209.0,11,13,2,3,5,2,0,1,1,0,0,0,0,0,13.37676766,52.48503307,2,0.5,12 to 16
1,1100310.0,11,12,5,3,5,2,0,0,1,0,0,0,0,1,13.41175633,52.52396553,1,0.0,12 to 16
5,5100313.0,11,12,2,3,0,5,0,0,1,0,1,0,0,0,13.2100435,52.54839218,2,0.0,12 to 16
2,2500834.0,11,14,6,2,0,1,0,1,0,0,0,0,0,0,13.44996641,52.50752281,1,1.0,12 to 16
1,1200628.0,11,0,2,3,6,4,2,0,1,1,0,0,0,0,13.36895585,52.5262009,2,0.0,00 to 04
2,2200210.0,11,8,5,3,0,1,0,1,0,0,0,0,0,1,13.39483706,52.49615426,1,1.0,08 to 12
3,3500932.0,11,12,2,3,5,3,0,1,1,0,0,0,0,0,13.44247042,52.55718276,2,0.5,12 to 16
11,11401032.0,11,9,4,3,2,6,0,0,1,0,0,0,0,1,13.51913763,52.51067561,1,0.0,08 to 12
7,7601236.0,11,4,7,3,1,5,2,0,1,0,0,0,1,1,13.3523011,52.41625923,2,0.0,04 to 08
3,3500934.0,11,7,5,3,5,2,0,1,1,0,0,0,0,0,13.43886336,52.555456,2,0.5,04 to 08
9,9200819.0,11,16,5,3,2,6,1,0,1,0,0,0,1,0,13.56967127,52.4444755,2,0.0,16 to 20
3,3601245.0,11,18,5,3,6,7,2,1,0,1,0,0,0,1,13.42750438,52.54587241,2,0.5,16 to 20
9,9200717.0,11,21,5,3,5,3,2,0,1,0,1,0,0,0,13.55821083,52.43483646,2,0.0,20 to 24
1,1100416.0,11,10,2,3,1,5,0,0,1,0,1,0,0,1,13.4048109,52.53550348,2,0.0,08 to 12
1,2100101.0,11,9,3,3,5,3,0,1,1,0,0,0,0,0,13.37773049,52.50783781,2,0.5,08 to 12
12,12200309.0,11,16,6,3,6,4,0,1,0,1,0,0,0,0,13.3227678,52.5653939,2,0.5,16 to 20
7,7400826.0,11,14,2,2,6,4,0,0,1,1,0,0,0,0,13.3765771,52.4534175,2,0.0,12 to 16
1,1300834.0,11,21,5,3,6,2,2,0,0,1,0,0,1,1,13.39117075,52.54472054,2,0.0,20 to 24
2,2400625.0,11,20,4,3,5,3,2,0,1,0,0,0,0,0,13.44333884,52.51196491,1,0.0,20 to 24
5,5100208.0,11,11,7,2,5,3,0,0,1,0,0,0,0,0,13.16114832,52.54846747,1,0.0,08 to 12
4,4300414.0,11,20,5,3,5,2,2,0,1,0,0,0,0,1,13.30058986,52.5171155,1,0.0,20 to 24
1,1300733.0,11,11,2,3,5,2,0,0,1,0,0,0,0,0,13.39137856,52.55518642,1,0.0,08 to 12
11,11300721.0,11,18,5,2,4,7,2,0,1,0,0,0,0,0,13.50378991,52.53445997,1,0.0,16 to 20
9,9100202.0,11,18,5,3,2,6,2,0,1,0,0,0,0,1,13.46399912,52.48192463,1,0.0,16 to 20
9,9100407.0,11,8,4,3,2,6,0,0,1,0,0,0,0,1,13.50870892,52.4521228,1,0.0,08 to 12
4,4200310.0,11,21,7,3,2,6,2,0,1,0,0,0,0,0,13.27356137,52.50885186,1,0.0,20 to 24
5,5100208.0,11,17,5,3,3,6,2,0,1,0,0,0,0,1,13.15958865,52.55233124,1,0.0,16 to 20
4,4500937.0,11,8,5,3,2,6,0,1,1,0,0,0,0,0,13.30127416,52.49899731,2,0.5,08 to 12
8,8100311.0,11,17,5,3,3,6,2,1,0,0,0,1,0,1,13.42872518,52.48656862,2,0.5,16 to 20
3,3601244.0,11,8,5,3,0,1,0,1,0,0,0,0,0,0,13.42716132,52.55216812,1,1.0,08 to 12
7,7200308.0,12,16,3,3,1,5,2,1,1,0,0,0,0,0,13.34100644,52.48543027,2,0.5,16 to 20
10,10100311.0,11,17,5,3,5,3,2,0,1,0,0,0,0,1,13.52189435,52.52594938,1,0.0,16 to 20
3,3601142.0,11,19,2,3,5,2,2,1,1,0,0,0,0,0,13.41315591,52.54768283,2,0.5,16 to 20
3,3501038.0,11,9,3,3,9,1,0,0,1,0,0,0,0,0,13.46846305,52.55387128,1,0.0,08 to 12
6,6400841.0,11,18,5,3,5,3,2,0,0,0,0,0,1,1,13.2630969,52.43916254,1,0.0,16 to 20
11,11300721.0,11,7,2,2,2,7,0,0,1,0,0,1,0,0,13.49221128,52.53407086,2,0.0,04 to 08
1,1200517.0,11,7,5,3,5,3,0,0,1,0,0,0,0,0,13.31927196,52.52840147,1,0.0,04 to 08
2,3601452.0,11,15,4,3,2,6,0,0,1,0,0,0,0,0,13.45246986,52.52759341,1,0.0,12 to 16
5,5200633.0,11,12,7,2,5,2,0,0,1,0,0,0,0,0,13.19686402,52.51309325,1,0.0,12 to 16
12,12100204.0,11,6,5,3,2,2,2,0,1,0,1,0,0,0,13.35269335,52.56437266,2,0.0,04 to 08
7,7400927.0,11,17,2,3,5,3,2,0,1,0,0,0,0,0,13.40314897,52.46342935,1,0.0,16 to 20
8,8200730.0,11,0,5,2,9,1,2,0,1,0,0,0,0,0,13.43514248,52.43693416,1,0.0,00 to 04
5,5100317.0,11,16,2,3,2,2,1,0,1,0,0,0,0,0,13.24757847,52.52452058,1,0.0,16 to 20
5,5100315.0,11,15,6,3,1,5,0,0,1,0,0,0,0,1,13.20177219,52.54114776,1,0.0,12 to 16
3,3400828.0,11,17,5,3,6,4,1,0,1,1,0,0,0,1,13.4229086,52.55850003,2,0.0,16 to 20
12,12400618.0,12,19,3,3,1,5,2,0,1,0,0,0,0,0,13.24509647,52.62140713,1,0.0,16 to 20
3,3200309.0,11,16,5,3,3,6,2,1,0,0,0,1,0,1,13.4365376,52.59265893,2,0.5,16 to 20
5,5300737.0,11,16,2,3,5,2,0,1,1,0,0,0,0,0,13.24785463,52.53826461,2,0.5,16 to 20
3,3100102.0,11,7,5,2,1,1,0,0,1,0,0,0,0,1,13.50481434,52.64354493,1,0.0,04 to 08
5,5200631.0,11,10,2,3,5,3,0,1,1,0,0,0,0,0,13.19830236,52.52104983,2,0.5,08 to 12
1,1300835.0,11,9,6,3,6,7,0,0,1,1,0,0,0,0,13.38355844,52.54146585,2,0.0,08 to 12
5,5100209.0,11,16,5,3,0,2,2,0,1,1,0,0,0,1,13.18449527,52.54763498,2,0.0,16 to 20
4,4501040.0,12,14,3,3,1,5,0,1,1,0,0,0,0,0,13.30721779,52.50101061,2,0.5,12 to 16
5,5100208.0,11,16,5,3,0,1,2,1,0,0,0,0,0,1,13.15346835,52.55343756,1,1.0,16 to 20
12,12200412.0,11,9,2,3,2,6,0,0,1,0,0,0,0,1,13.29442561,52.57614149,1,0.0,08 to 12
1,1300733.0,11,15,5,3,6,4,1,1,0,1,0,0,0,1,13.38439552,52.55087752,2,0.5,12 to 16
2,2500832.0,11,19,2,3,4,7,2,1,1,0,0,0,0,0,13.47253446,52.50850413,2,0.5,16 to 20
5,5100315.0,11,15,5,3,5,3,1,0,1,0,1,0,0,0,13.19842452,52.54281217,2,0.0,12 to 16
5,5100316.0,11,15,4,3,3,6,0,0,1,0,0,0,0,0,13.20110397,52.53917166,1,0.0,12 to 16
4,4200206.0,11,14,7,3,0,1,0,1,0,0,0,0,0,0,13.25442026,52.50662213,1,1.0,12 to 16
7,7601442.0,11,14,5,3,5,2,0,0,1,0,0,0,0,0,13.39537712,52.41315647,1,0.0,12 to 16
8,8100521.0,12,13,4,3,5,3,0,0,1,0,0,0,0,0,13.4594586,52.46720918,1,0.0,12 to 16
6,6100207.0,11,14,5,3,3,6,0,0,1,0,0,0,0,1,13.32467968,52.44880424,1,0.0,12 to 16
8,8401242.0,11,9,2,3,5,3,0,0,1,0,0,0,0,0,13.47948845,52.41038461,1,0.0,08 to 12
9,9200613.0,11,7,6,2,6,4,1,0,1,1,0,0,0,1,13.51941791,52.4541021,2,0.0,04 to 08
5,5400943.0,12,8,3,3,6,4,0,0,1,1,0,0,0,0,13.12956839,52.472529,2,0.0,08 to 12
1,1100312.0,11,8,5,3,1,5,0,1,1,0,0,0,0,1,13.4119576,52.51243572,2,0.5,08 to 12
2,2200210.0,11,16,2,3,1,5,1,1,1,0,0,0,0,1,13.40262876,52.49217912,2,0.5,16 to 20
8,8401241.0,11,15,4,3,6,6,0,0,0,1,0,0,1,0,13.47753853,52.43856322,2,0.0,12 to 16
1,1300733.0,11,16,1,3,0,5,2,0,1,0,1,0,0,0,13.38543447,52.55399096,2,0.0,16 to 20
1,1100206.0,11,9,5,3,6,2,0,0,0,1,0,0,1,0,13.39694473,52.51432844,2,0.0,08 to 12
3,3601141.0,11,9,1,3,5,3,0,0,1,0,0,0,0,1,13.40751425,52.55432351,1,0.0,08 to 12
8,8100209.0,11,10,5,3,0,7,0,0,1,1,0,0,0,0,13.43589097,52.46702433,2,0.0,08 to 12
5,5300840.0,11,12,4,3,5,7,0,0,1,0,0,0,1,1,13.26736081,52.53111545,2,0.0,12 to 16
1,1100310.0,11,12,5,2,0,4,0,1,0,1,0,0,0,0,13.4180596,52.52435455,2,0.5,12 to 16
8,8100521.0,12,8,4,3,5,3,0,0,1,0,0,0,1,0,13.47263471,52.46114172,2,0.0,08 to 12
1,1400942.0,11,12,5,3,0,3,0,0,1,0,1,0,0,1,13.34837392,52.54276495,2,0.0,12 to 16
6,6300634.0,11,9,2,3,6,4,0,1,0,1,0,0,0,0,13.29661529,52.44303612,2,0.5,08 to 12
10,10200418.0,11,16,6,3,5,3,2,1,1,0,0,0,0,0,13.59405298,52.54442535,2,0.5,16 to 20
5,5200524.0,11,11,2,3,2,6,0,0,1,0,0,0,0,0,13.12869256,52.52729429,1,0.0,08 to 12
1,1300835.0,11,10,5,3,0,1,0,0,0,0,1,0,0,1,13.39092079,52.53597751,1,0.0,08 to 12
2,2300419.0,11,9,2,3,5,3,0,1,0,0,0,0,0,0,13.43599387,52.49801696,1,1.0,08 to 12
1,1100416.0,11,8,4,2,0,1,0,1,0,0,0,0,0,0,13.40041434,52.53296388,1,1.0,08 to 12
8,8100312.0,11,12,7,3,0,5,0,1,1,0,0,0,0,0,13.4364924,52.48358895,2,0.5,12 to 16
1,1100101.0,11,13,5,3,0,7,0,1,0,0,0,0,0,0,13.34529288,52.50659698,1,1.0,12 to 16
4,4500938.0,11,19,4,3,5,2,2,1,1,0,0,0,0,0,13.30539684,52.49851497,2,0.5,16 to 20
1,1100103.0,11,7,4,3,2,2,1,1,1,0,0,0,0,0,13.35220221,52.5054565,2,0.5,04 to 08
2,2300315.0,12,17,3,2,7,7,2,0,0,0,1,0,0,0,13.43551709,52.49999901,1,0.0,16 to 20
3,3200205.0,11,6,4,2,5,2,2,0,1,0,0,0,0,1,13.39662895,52.59363245,1,0.0,04 to 08
10,10200420.0,11,13,2,3,6,4,0,0,1,1,0,0,0,0,13.59141535,52.53469184,2,0.0,12 to 16
4,4200308.0,11,15,3,3,5,3,0,0,1,0,0,0,0,0,13.2716436,52.51707791,1,0.0,12 to 16
6,6100102.0,11,18,6,3,6,4,2,0,1,1,0,0,0,0,13.32491419,52.46116532,2,0.0,16 to 20
9,9501941.0,11,15,4,3,5,2,0,1,1,0,0,0,0,0,13.59340602,52.45252451,2,0.5,12 to 16
1,1100313.0,11,11,4,3,5,3,0,1,1,0,0,0,0,0,13.42863371,52.50877489,2,0.5,08 to 12
3,3400721.0,11,8,2,3,4,6,0,0,1,0,0,0,1,0,13.40227884,52.56558992,2,0.0,08 to 12
3,3701554.0,11,8,3,3,3,6,0,1,0,0,0,0,0,0,13.41200108,52.53135216,1,1.0,08 to 12
2,2200208.0,11,20,6,3,5,2,2,1,1,0,0,0,0,0,13.38791666,52.49299591,2,0.5,20 to 24
4,4400729.0,11,15,2,2,0,7,1,1,0,0,0,0,0,0,13.27868796,52.47405006,1,1.0,12 to 16
1,1200628.0,11,13,4,3,3,6,0,0,1,0,1,0,0,0,13.35477796,52.51745526,2,0.0,12 to 16
4,4300619.0,11,12,4,3,2,3,0,1,1,0,0,0,0,0,13.30442399,52.51830221,2,0.5,12 to 16
1,1100207.0,11,17,7,3,5,3,2,0,1,0,0,0,1,1,13.39027034,52.50859219,2,0.0,16 to 20
8,8401241.0,11,12,4,3,5,3,0,0,1,0,0,0,0,0,13.48359867,52.4312228,1,0.0,12 to 16
1,1401047.0,11,10,4,3,6,7,0,0,1,1,0,0,0,0,13.35956258,52.54411417,2,0.0,08 to 12
3,3501038.0,11,12,4,2,1,5,0,0,1,0,0,0,0,1,13.47726385,52.56200477,1,0.0,12 to 16
5,5100317.0,11,12,4,3,3,6,0,1,1,0,0,0,0,0,13.20733902,52.53293557,2,0.5,12 to 16
4,4300412.0,11,11,4,3,6,7,0,1,0,1,0,0,0,0,13.2890556,52.51895075,2,0.5,08 to 12
9,9300920.0,12,15,3,2,6,7,0,0,0,1,0,0,1,0,13.52183632,52.40205488,2,0.0,12 to 16
12,12200307.0,11,11,4,2,4,6,0,0,1,0,0,0,1,1,13.32961206,52.56924249,2,0.0,08 to 12
11,11300722.0,11,8,2,3,5,2,0,1,1,0,0,0,0,0,13.47788274,52.51461365,2,0.5,08 to 12
4,4501152.0,11,15,3,3,6,4,0,0,1,1,0,0,0,0,13.33086438,52.48944185,2,0.0,12 to 16
8,8200623.0,11,16,5,3,5,7,2,0,1,0,0,0,0,1,13.45702627,52.45335791,1,0.0,16 to 20
11,11501339.0,11,7,2,3,2,6,0,0,1,0,0,0,0,0,13.525568,52.4941558,1,0.0,04 to 08
1,1100102.0,11,10,4,3,6,4,0,0,1,1,0,0,0,0,13.35284884,52.51621628,2,0.0,08 to 12
2,2200213.0,11,10,4,3,5,3,0,1,1,0,0,0,0,0,13.41247686,52.49195314,2,0.5,08 to 12
8,8100417.0,11,14,4,3,5,2,0,1,1,0,0,0,0,0,13.45582703,52.47380857,2,0.5,12 to 16
12,12601031.0,11,17,7,3,6,2,2,0,1,1,0,0,0,0,13.33431042,52.59897501,2,0.0,16 to 20
4,4200308.0,11,19,4,3,5,2,2,0,1,0,1,1,0,0,13.26289724,52.52108146,3,0.0,16 to 20
10,10100312.0,11,6,2,3,2,2,2,0,0,0,1,1,0,0,13.54165877,52.5257766,2,0.0,04 to 08
5,5200629.0,11,21,4,3,2,6,2,0,1,0,0,0,1,0,13.1989258,52.53286501,2,0.0,20 to 24
5,5100316.0,11,14,3,3,5,2,0,0,1,0,0,0,1,0,13.2042337,52.54064092,2,0.0,12 to 16
2,2300315.0,11,17,4,3,5,2,2,1,1,0,0,0,0,1,13.43029583,52.49929611,2,0.5,16 to 20
4,4300414.0,11,14,7,3,5,2,0,1,1,0,0,0,0,0,13.28828553,52.51306164,2,0.5,12 to 16
1,1100206.0,11,22,4,3,5,2,2,1,1,0,0,0,0,0,13.38090971,52.51636966,2,0.5,20 to 24
3,3601245.0,11,6,2,3,5,2,1,1,1,0,0,0,0,1,13.43376469,52.54957813,2,0.5,04 to 08
1,1100206.0,11,9,4,3,6,4,0,0,0,1,0,0,1,0,13.38880605,52.51716089,2,0.0,08 to 12
4,4300624.0,11,18,4,3,0,1,2,1,0,0,0,0,0,0,13.32048754,52.50585362,1,1.0,16 to 20
3,3400830.0,11,7,2,3,5,3,0,0,1,0,0,0,0,0,13.420279,52.56700443,1,0.0,04 to 08
12,12400722.0,11,12,6,3,0,6,0,0,1,0,1,0,0,1,13.31016707,52.61388174,2,0.0,12 to 16
9,9300920.0,11,8,4,3,0,1,0,0,0,0,1,0,0,1,13.54649015,52.41877632,1,0.0,08 to 12
12,12400721.0,12,13,3,3,5,3,0,1,1,0,0,0,0,0,13.29499959,52.63715157,2,0.5,12 to 16
3,3601451.0,11,18,4,3,6,7,2,1,0,1,0,0,0,0,13.44776919,52.53619844,2,0.5,16 to 20
11,11300721.0,11,0,2,3,9,1,2,0,1,0,0,0,0,1,13.51510789,52.53533161,1,0.0,00 to 04
5,5300736.0,11,12,5,3,2,6,0,0,1,0,0,0,0,1,13.22735682,52.53768271,1,0.0,12 to 16
1,1100308.0,11,10,2,3,2,6,0,1,1,0,0,0,0,0,13.37161761,52.53322385,2,0.5,08 to 12
12,12200307.0,11,17,4,3,6,2,2,0,1,1,0,0,0,0,13.33007542,52.56996322,2,0.0,16 to 20
4,4400833.0,11,19,3,3,6,2,2,0,0,1,0,0,1,0,13.30343465,52.47521583,2,0.0,16 to 20
12,12200515.0,11,13,4,2,6,2,0,0,0,1,0,0,1,0,13.28339738,52.58996132,2,0.0,12 to 16
7,7300619.0,11,8,4,2,5,3,0,0,1,0,1,0,0,0,13.34416677,52.46739933,2,0.0,08 to 12
5,5300735.0,12,12,4,2,5,2,0,0,1,0,0,0,0,0,13.22579595,52.55444005,1,0.0,12 to 16
5,5400943.0,11,7,4,3,5,3,0,0,1,0,0,1,0,0,13.12214668,52.45316126,2,0.0,04 to 08
8,8100415.0,11,20,1,3,5,3,2,0,1,0,0,0,0,1,13.44141142,52.48082448,1,0.0,20 to 24
3,3500934.0,11,0,6,2,5,3,2,0,1,0,0,0,0,1,13.44110381,52.54955279,1,0.0,00 to 04
3,3400721.0,11,7,4,3,5,3,0,1,1,0,0,0,0,1,13.39176374,52.56810915,2,0.5,04 to 08
8,8401242.0,11,17,1,3,5,3,2,0,1,0,0,0,0,0,13.49012574,52.41999011,1,0.0,16 to 20
3,3601245.0,11,8,6,2,5,3,1,0,1,0,1,0,0,1,13.43224372,52.5438666,2,0.0,08 to 12
6,6300528.0,11,17,4,3,5,3,2,1,1,0,0,0,0,0,13.27408207,52.43083213,2,0.5,16 to 20
5,5300839.0,12,13,3,3,5,7,0,1,1,0,0,0,0,0,13.26066871,52.54387824,2,0.5,12 to 16
3,3501037.0,11,16,4,3,5,2,2,0,1,0,0,0,0,0,13.46708936,52.55997854,1,0.0,16 to 20
8,8100314.0,11,17,1,3,5,2,2,1,1,0,0,0,0,1,13.42887105,52.48465072,2,0.5,16 to 20
12,12601236.0,11,7,5,2,6,2,2,0,1,1,0,0,0,0,13.34756711,52.5963494,2,0.0,04 to 08
4,4300622.0,11,22,1,3,2,6,2,0,1,0,0,0,0,0,13.32598838,52.50925916,1,0.0,20 to 24
11,11200513.0,11,15,4,3,1,5,0,1,1,0,0,0,0,0,13.49634669,52.54402569,2,0.5,12 to 16
9,9200715.0,11,18,3,3,5,3,2,0,1,0,0,0,0,0,13.52392584,52.42855345,1,0.0,16 to 20
1,1100310.0,11,12,4,3,1,5,0,0,1,0,0,1,0,0,13.40843064,52.52434883,2,0.0,12 to 16
4,4501041.0,11,15,4,3,5,3,0,0,1,0,0,0,0,0,13.31974414,52.50291451,1,0.0,12 to 16
8,8100521.0,11,14,4,3,1,5,0,1,1,0,0,0,0,0,13.45735827,52.46908554,2,0.5,12 to 16
7,7200307.0,11,20,1,3,1,5,2,0,1,0,0,0,0,1,13.34505491,52.49306998,1,0.0,20 to 24
12,12400722.0,11,8,3,2,5,3,0,0,1,0,1,0,0,1,13.29668518,52.6095876,2,0.0,08 to 12
12,12100204.0,11,15,6,3,4,6,0,1,1,0,0,0,0,0,13.36354623,52.56111502,2,0.5,12 to 16
8,8100105.0,11,10,2,3,3,6,0,1,1,0,0,0,0,0,13.4328379,52.46477784,2,0.5,08 to 12
4,4300518.0,11,19,3,1,3,6,2,1,1,0,0,0,0,1,13.30623586,52.52084908,2,0.5,16 to 20
1,1300730.0,11,20,1,3,6,2,2,0,1,1,0,0,0,1,13.36975967,52.55968982,2,0.0,20 to 24
8,8100314.0,11,8,4,3,2,6,0,0,1,0,0,0,0,1,13.42428555,52.48643809,1,0.0,08 to 12
11,11300618.0,11,17,7,3,2,6,2,0,1,0,0,0,0,0,13.45883325,52.52594082,1,0.0,16 to 20
1,1300730.0,11,17,3,3,4,6,2,1,0,0,0,0,0,1,13.37349966,52.55706219,1,1.0,16 to 20
2,2100102.0,11,18,2,3,1,5,2,1,1,0,0,0,0,1,13.39508329,52.49970748,2,0.5,16 to 20
5,5100314.0,11,13,3,3,6,7,0,0,0,1,0,0,1,0,13.20832647,52.5485261,2,0.0,12 to 16
1,1200628.0,11,15,1,3,3,6,0,0,1,0,0,0,0,0,13.36819141,52.52568349,1,0.0,12 to 16
11,11300721.0,11,10,4,3,2,6,0,0,1,0,0,0,0,0,13.49987003,52.53437572,1,0.0,08 to 12
3,3601245.0,11,14,1,3,5,2,0,1,1,0,0,0,0,0,13.42995959,52.55143349,2,0.5,12 to 16
6,6300631.0,11,17,3,3,2,2,2,0,1,0,0,0,1,1,13.28700616,52.41785096,2,0.0,16 to 20
1,1100207.0,11,23,3,3,1,1,2,0,1,0,0,0,0,1,13.39961938,52.50914115,1,0.0,20 to 24
6,6100102.0,11,19,3,3,5,2,2,1,1,0,0,0,0,1,13.31774631,52.4611532,2,0.5,16 to 20
1,1100311.0,11,17,1,3,5,2,2,1,1,0,0,0,0,1,13.41821181,52.51741853,2,0.5,16 to 20
2,2200213.0,11,14,3,3,0,6,0,0,1,0,0,0,1,0,13.41822284,52.49035453,2,0.0,12 to 16
8,8100311.0,11,20,6,3,0,3,2,0,0,0,0,0,1,0,13.42893449,52.48645738,1,0.0,20 to 24
3,3400618.0,11,14,2,3,5,3,0,0,1,0,1,0,0,0,13.37720554,52.59910082,2,0.0,12 to 16
3,3400828.0,11,18,3,3,1,5,2,0,1,0,1,0,0,1,13.42439063,52.55509908,2,0.0,16 to 20
6,6400843.0,11,17,3,3,2,6,2,0,1,0,0,0,0,0,13.29265536,52.44656238,1,0.0,16 to 20
8,8301037.0,11,22,4,2,8,1,2,0,1,0,0,0,0,0,13.48281544,52.42556005,1,0.0,20 to 24
2,2500834.0,11,2,7,2,1,5,2,1,1,0,0,0,0,0,13.45339858,52.50812615,2,0.5,00 to 04
6,6200421.0,11,18,3,3,2,6,2,0,1,0,0,0,0,1,13.31566004,52.43067544,1,0.0,16 to 20
5,5100211.0,11,14,3,3,9,1,0,0,1,0,0,0,0,0,13.16321064,52.54187825,1,0.0,12 to 16
7,7100102.0,11,18,3,3,0,1,2,0,0,0,1,0,0,1,13.35255676,52.49956934,1,0.0,16 to 20
8,8200832.0,11,16,3,3,0,2,2,0,1,0,1,0,0,1,13.41517801,52.42111426,2,0.0,16 to 20
1,1200522.0,11,16,3,3,6,2,2,0,1,1,0,0,0,1,13.34256464,52.52541497,2,0.0,16 to 20
8,8100313.0,12,14,3,2,5,3,0,0,1,0,0,0,0,0,13.44009746,52.48957409,1,0.0,12 to 16
4,4400728.0,11,16,3,3,6,2,2,0,1,1,0,0,0,1,13.28091977,52.48212383,2,0.0,16 to 20
4,4400831.0,11,16,3,3,5,3,2,0,1,0,0,0,0,1,13.28491659,52.46962711,1,0.0,16 to 20
3,3400721.0,11,16,3,3,5,2,0,1,1,0,0,0,0,1,13.39792196,52.56740182,2,0.5,16 to 20
10,10100312.0,11,15,3,3,0,6,0,0,1,0,1,0,0,1,13.53858069,52.52462423,2,0.0,12 to 16
5,5100314.0,12,16,3,3,5,3,2,0,1,0,0,0,0,0,13.20135823,52.54769674,1,0.0,16 to 20
8,8300934.0,11,14,3,3,5,3,0,0,1,0,0,0,1,1,13.46594023,52.42893589,2,0.0,12 to 16
5,5400943.0,11,16,1,2,5,3,2,0,1,0,0,0,0,1,13.12998093,52.46432827,1,0.0,16 to 20
10,10100313.0,11,7,3,3,5,2,0,1,1,0,0,0,0,0,13.55042184,52.54292336,2,0.5,04 to 08
12,12200412.0,11,21,5,3,0,5,2,1,1,0,0,0,0,0,13.27796814,52.57446928,2,0.5,20 to 24
12,12400723.0,11,7,2,2,5,3,0,1,0,0,1,0,0,0,13.3154598,52.61415138,2,0.5,04 to 08
11,11200513.0,11,13,3,3,0,1,0,0,0,0,1,0,0,1,13.48457928,52.53995654,1,0.0,12 to 16
8,8200730.0,11,17,4,3,6,2,2,0,1,1,0,0,0,0,13.43469618,52.44029312,2,0.0,16 to 20
2,2200210.0,11,0,7,3,0,7,2,0,0,0,0,0,1,0,13.3951387,52.49693039,1,0.0,00 to 04
6,6100103.0,11,13,3,3,0,7,0,0,0,0,1,0,0,1,13.32141894,52.46515298,1,0.0,12 to 16
10,10100205.0,11,15,1,3,6,7,1,0,1,1,0,0,0,0,13.54154743,52.54458975,2,0.0,12 to 16
7,7300619.0,11,8,3,3,2,6,0,0,1,0,0,0,1,0,13.35556282,52.4734859,2,0.0,08 to 12
6,6300632.0,11,15,1,3,5,3,0,1,1,0,0,0,0,0,13.30332976,52.43136567,2,0.5,12 to 16
7,7601544.0,11,16,6,3,5,2,2,0,1,0,0,0,0,0,13.4095861,52.38735118,1,0.0,16 to 20
9,9501736.0,11,12,3,3,5,3,0,1,1,0,0,0,0,1,13.595672,52.45311934,2,0.5,12 to 16
10,10100316.0,12,13,3,3,5,3,0,0,1,0,0,0,0,0,13.57588623,52.54602795,1,0.0,12 to 16
2,2100105.0,11,11,3,3,5,3,0,1,1,0,0,0,0,1,13.40427673,52.49976179,2,0.5,08 to 12
3,3601243.0,11,13,1,3,5,3,0,0,1,0,0,0,0,1,13.42310224,52.55116075,1,0.0,12 to 16
2,2200211.0,11,9,5,3,5,3,0,1,1,0,0,0,0,0,13.39935689,52.48888202,2,0.5,08 to 12
6,6100103.0,11,11,1,3,2,7,0,0,1,0,0,0,0,0,13.32683867,52.46336661,1,0.0,08 to 12
10,10400940.0,11,10,3,3,0,7,0,0,1,0,0,0,0,0,13.59449216,52.48604846,1,0.0,08 to 12
10,10100312.0,11,17,3,2,4,6,2,1,1,0,0,0,0,0,13.54535943,52.52585645,2,0.5,16 to 20
6,6400841.0,11,12,4,3,2,6,0,0,1,0,0,0,0,0,13.26798774,52.44541994,1,0.0,12 to 16
7,7400825.0,11,23,7,3,5,2,2,0,1,0,0,0,0,0,13.38385963,52.4558087,1,0.0,20 to 24
6,6200314.0,11,14,5,3,0,5,0,1,0,0,0,0,1,0,13.33321126,52.42993152,2,0.5,12 to 16
3,3300516.0,11,20,2,3,5,3,2,0,1,0,0,0,1,0,13.4413191,52.56855816,2,0.0,20 to 24
8,8100418.0,11,10,3,3,1,5,0,1,1,0,0,0,0,0,13.44813379,52.47812292,2,0.5,08 to 12