bez,lor_ab_2021,umonat,ustunde,uwochentag,ukategorie,uart,utyp1,ulichtverh,istrad,istpkw,istfuss,istkrad,istgkfz,istsonstige,ustrzustand,xgcswgs84,ygcswgs84,all_acc,perc_bike_acc,rushhours
4,4200311.0,11,15,4,3,5,3,0,1,0,0,0,0,1,0,13.28523788,52.51287298,2,0.5,12 to 16
1,1100206.0,11,15,7,3,0,1,0,1,0,0,0,0,0,0,13.38038663,52.51837901,1,1.0,12 to 16
1,1200626.0,11,10,3,3,5,2,0,1,0,0,0,0,1,0,13.34253244,52.52420128,2,0.5,08 to 12
5,5300736.0,11,10,3,3,5,7,0,0,1,0,0,0,0,0,13.23160781,52.545245,1,0.0,08 to 12
8,8200726.0,11,20,7,2,0,1,2,0,1,0,1,0,0,0,13.44982222,52.44573643,2,0.0,20 to 24
11,11300617.0,11,8,6,3,5,2,0,1,1,0,0,0,0,0,13.46900717,52.53129584,2,0.5,08 to 12
1,1200517.0,11,8,3,3,5,2,0,1,1,0,0,0,0,0,13.32749998,52.52444115,2,0.5,08 to 12
9,9502043.0,12,16,3,3,2,6,2,0,1,0,0,0,0,0,13.55293354,52.4684797,1,0.0,16 to 20
12,12100102.0,11,8,3,3,5,3,0,1,1,0,0,0,0,0,13.37740937,52.57132176,2,0.5,08 to 12
2,2400623.0,11,20,7,3,0,6,2,0,1,0,1,0,0,0,13.43186288,52.51491417,2,0.0,20 to 24
1,1100313.0,11,8,4,3,7,7,0,1,0,0,0,0,0,0,13.42300188,52.50927706,1,1.0,08 to 12
5,5200420.0,11,18,1,2,5,2,2,0,1,0,1,0,0,0,13.18095826,52.5277819,2,0.0,16 to 20
12,12200515.0,11,7,3,3,5,2,0,0,1,0,0,0,0,0,13.28078567,52.59379083,1,0.0,04 to 08
6,6300524.0,11,16,3,3,5,2,1,1,1,0,0,0,0,1,13.24439571,52.42583655,2,0.5,16 to 20
5,5100317.0,11,7,3,3,5,3,0,0,1,0,1,0,0,1,13.20408779,52.53224936,2,0.0,04 to 08
12,12500930.0,11,16,7,3,5,2,1,1,1,0,0,0,0,0,13.33971428,52.58810779,2,0.5,16 to 20
7,7400823.0,11,6,3,3,5,3,1,0,0,0,0,1,1,1,13.37222401,52.45567535,2,0.0,04 to 08
9,9200716.0,12,11,4,3,0,3,0,0,1,0,0,0,1,0,13.55324769,52.43399007,2,0.0,08 to 12
8,8100314.0,11,18,2,3,1,5,2,1,1,0,0,0,0,0,13.43927876,52.48147968,2,0.5,16 to 20
12,12200413.0,11,14,7,3,1,5,0,1,1,0,0,0,0,0,13.29130484,52.57827811,2,0.5,12 to 16
4,4501151.0,11,17,6,3,2,6,2,0,1,0,1,0,0,0,13.32424184,52.47871423,2,0.0,16 to 20
3,3500934.0,11,11,2,2,5,2,0,1,1,0,0,0,0,0,13.43049892,52.55177053,2,0.5,08 to 12
2,2300315.0,11,13,2,3,5,3,0,1,1,0,0,0,0,0,13.43042467,52.49919601,2,0.5,12 to 16
5,5100316.0,11,13,7,3,0,3,0,0,1,0,0,0,1,0,13.18866472,52.53719618,2,0.0,12 to 16
7,7501031.0,11,9,4,3,2,6,0,0,1,0,0,0,0,0,13.40249351,52.44730051,1,0.0,08 to 12
10,10400835.0,11,12,7,3,5,3,0,0,1,0,0,0,0,0,13.59664363,52.52129342,1,0.0,12 to 16
4,4300622.0,11,10,2,3,1,5,0,1,1,0,0,0,0,1,13.32390651,52.51049669,2,0.5,08 to 12
1,1400937.0,11,12,3,3,2,2,0,0,1,0,0,0,0,0,13.33323262,52.56092894,1,0.0,12 to 16
2,2200212.0,11,14,2,3,1,5,0,1,0,0,0,0,1,0,13.41240438,52.48848308,2,0.5,12 to 16
7,7601236.0,11,18,2,3,5,3,2,1,0,0,0,0,1,1,13.3699647,52.42601726,2,0.5,16 to 20
4,4501040.0,11,16,2,3,0,1,2,0,0,0,1,0,0,1,13.31332104,52.5025691,1,0.0,16 to 20
4,4100102.0,11,11,7,3,6,4,0,0,1,1,0,0,0,0,13.30092541,52.53565873,2,0.0,08 to 12
1,1100205.0,11,13,3,3,5,2,0,1,1,0,0,0,0,0,13.37683002,52.50941648,2,0.5,12 to 16
2,2200211.0,11,18,6,3,0,3,2,0,1,0,1,0,0,0,13.3872452,52.48996252,2,0.0,16 to 20
6,6400839.0,11,14,2,3,5,3,0,1,1,0,0,0,0,0,13.24422454,52.43635669,2,0.5,12 to 16
2,2500831.0,11,16,2,3,4,2,1,1,1,0,0,0,0,0,13.46245544,52.51315904,2,0.5,16 to 20
2,2400623.0,11,17,4,3,5,2,2,1,1,0,0,0,0,0,13.43049076,52.51102151,2,0.5,16 to 20
10,10200524.0,11,7,3,2,5,3,2,1,1,0,0,0,0,0,13.61973158,52.53343832,2,0.5,04 to 08
2,2300417.0,11,12,6,3,2,6,0,1,1,0,0,0,1,0,13.41997685,52.49860168,3,0.3333333333333333,12 to 16
7,7200308.0,11,15,2,3,2,6,1,1,1,0,0,0,0,0,13.33964727,52.48164606,2,0.5,12 to 16
11,11501238.0,11,15,2,3,5,2,0,1,0,0,0,0,1,0,13.49790003,52.48608354,2,0.5,12 to 16
5,5100317.0,11,8,4,3,5,3,0,1,1,0,0,0,0,0,13.24599229,52.52471288,2,0.5,08 to 12
7,7200307.0,11,21,7,3,0,3,2,0,1,0,0,0,0,0,13.3452025,52.48591202,1,0.0,20 to 24
1,1300834.0,11,23,2,2,0,1,2,1,0,0,0,0,0,1,13.40273067,52.54015835,1,1.0,20 to 24
5,5200629.0,11,15,2,3,2,6,0,0,1,0,0,0,0,0,13.19762839,52.53314814,1,0.0,12 to 16
4,4100101.0,11,14,2,3,5,2,0,0,1,0,0,0,1,0,13.32625114,52.5380082,2,0.0,12 to 16
3,3200310.0,11,14,2,3,5,3,0,1,1,0,0,0,0,0,13.42456496,52.60723685,2,0.5,12 to 16
7,7400721.0,12,16,3,2,1,5,2,1,1,0,0,0,0,0,13.38014528,52.4751216,2,0.5,16 to 20
12,12500824.0,11,12,2,3,5,7,0,0,1,0,0,0,0,1,13.29260847,52.58948049,1,0.0,12 to 16
9,9100407.0,11,11,7,3,6,2,0,0,1,1,0,0,0,0,13.50036346,52.44123711,2,0.0,08 to 12
5,5300736.0,11,6,3,3,6,2,2,0,1,1,0,0,0,0,13.21734903,52.53786271,2,0.0,04 to 08
7,7601544.0,11,17,5,3,5,3,2,0,1,0,0,0,0,1,13.39014538,52.39869541,1,0.0,16 to 20
3,3100103.0,11,7,2,3,5,3,0,1,0,0,0,0,1,0,13.49900722,52.63345436,2,0.5,04 to 08
4,7300515.0,11,12,2,3,2,6,0,0,1,0,0,0,0,0,13.32033254,52.47224411,1,0.0,12 to 16
1,1400942.0,11,15,4,3,5,2,0,0,1,0,1,0,0,0,13.34592334,52.54483512,2,0.0,12 to 16
12,12200515.0,11,12,7,3,2,7,0,0,1,0,0,0,0,0,13.28298668,52.58363828,1,0.0,12 to 16
4,4501042.0,11,12,2,3,5,2,0,1,1,0,0,0,0,0,13.33950048,52.50320039,2,0.5,12 to 16
7,7501030.0,11,12,2,3,4,2,0,0,1,0,0,0,1,0,13.38373817,52.44661936,2,0.0,12 to 16
5,5100103.0,11,17,6,1,6,4,2,0,1,1,0,0,0,0,13.21325658,52.56183689,2,0.0,16 to 20
1,1100207.0,11,13,6,3,5,3,0,0,1,0,0,0,0,0,13.39020965,52.50854844,1,0.0,12 to 16
1,1401046.0,11,11,2,3,0,2,0,1,1,0,0,0,0,1,13.34944384,52.54232518,2,0.5,08 to 12
5,5200528.0,11,10,7,2,4,6,0,0,1,0,0,0,0,0,13.17943404,52.50751448,1,0.0,08 to 12
3,11300618.0,11,11,2,3,2,6,0,0,1,0,0,0,0,0,13.45784105,52.52866036,1,0.0,08 to 12
8,8100416.0,11,17,6,3,5,3,2,1,1,0,0,0,0,0,13.44237352,52.47626754,2,0.5,16 to 20
12,12200515.0,11,7,2,3,0,2,0,1,1,0,0,0,0,1,13.28088453,52.59391237,2,0.5,04 to 08
8,8100417.0,11,7,2,3,6,2,1,0,0,1,0,0,1,1,13.45227253,52.47097976,2,0.0,04 to 08
4,4300623.0,11,18,6,3,2,3,2,0,1,0,0,0,0,0,13.30661491,52.51003507,1,0.0,16 to 20
11,11400929.0,11,12,6,3,5,3,0,0,1,0,0,0,0,0,13.50032335,52.50496253,1,0.0,12 to 16
12,12500928.0,11,7,2,3,2,2,1,0,1,0,0,0,0,1,13.31987481,52.60688863,1,0.0,04 to 08
4,4500939.0,12,14,3,3,5,2,0,0,1,0,1,0,0,0,13.29775137,52.49166469,2,0.0,12 to 16
3,3200205.0,11,7,2,2,0,3,2,0,1,0,1,0,0,1,13.40283035,52.60054663,2,0.0,04 to 08
10,10100104.0,11,9,6,2,5,2,0,1,1,0,0,0,0,0,13.5749913,52.57357826,2,0.5,08 to 12
3,3601142.0,11,14,5,3,0,3,0,1,1,0,0,0,0,1,13.40556425,52.54083699,2,0.5,12 to 16
2,2300315.0,11,18,2,3,5,3,1,1,1,0,0,0,0,0,13.43220476,52.49927913,2,0.5,16 to 20
5,5200631.0,11,6,2,3,5,3,2,0,1,0,1,0,1,1,13.20271289,52.52374593,3,0.0,04 to 08
12,12100204.0,11,13,4,2,6,4,0,0,0,1,0,1,0,0,13.36216934,52.56789788,2,0.0,12 to 16
9,9200819.0,11,9,2,3,4,7,0,1,0,0,0,0,0,1,13.56993054,52.44162692,1,1.0,08 to 12
1,1401046.0,12,17,4,3,6,7,2,0,1,1,0,0,0,0,13.34822089,52.54134283,2,0.0,16 to 20
12,12601031.0,11,9,2,3,5,3,0,0,1,0,0,0,0,0,13.33898923,52.60116476,1,0.0,08 to 12
10,10200418.0,11,11,6,2,6,2,0,0,1,1,0,0,0,0,13.5914929,52.54501341,2,0.0,08 to 12
8,8200832.0,11,7,6,3,6,2,2,0,1,1,0,0,0,1,13.43676025,52.42355017,2,0.0,04 to 08
12,12400618.0,11,6,2,3,0,6,2,1,1,0,0,0,0,1,13.22965461,52.62517349,2,0.5,04 to 08
1,1200626.0,11,9,2,3,0,1,0,0,0,0,1,0,0,1,13.3491264,52.52459361,1,0.0,08 to 12
4,4200310.0,11,7,6,3,5,7,1,1,1,0,0,0,0,0,13.27426897,52.51041719,2,0.5,04 to 08
1,1100207.0,11,8,4,3,5,3,0,0,1,0,0,0,0,0,13.39211356,52.50874674,1,0.0,08 to 12
7,7501031.0,12,19,3,2,1,5,2,0,1,0,0,0,0,0,13.39759211,52.44262644,1,0.0,16 to 20
8,8100312.0,11,9,2,3,2,6,0,0,1,0,1,0,0,1,13.43563436,52.48401224,2,0.0,08 to 12
4,4300412.0,11,9,6,3,5,3,0,1,1,0,0,0,0,1,13.28529918,52.52349687,2,0.5,08 to 12
4,4300416.0,11,7,5,3,5,3,2,1,1,0,0,0,0,0,13.29738819,52.51059732,2,0.5,04 to 08
11,11300725.0,11,1,1,3,6,4,2,0,1,1,0,0,0,1,13.49770053,52.51222056,2,0.0,00 to 04
1,1100207.0,11,8,2,3,1,5,0,1,1,0,0,0,0,1,13.400133,52.50961134,2,0.5,08 to 12
9,9200819.0,11,12,4,3,5,2,0,1,1,0,0,0,0,0,13.56168212,52.44469236,2,0.5,12 to 16
3,3400618.0,11,8,2,3,5,2,0,0,1,0,1,0,0,1,13.3766493,52.59844802,2,0.0,08 to 12
5,5200524.0,12,18,3,2,2,6,2,0,1,0,0,0,0,0,13.12182072,52.52878022,1,0.0,16 to 20
6,6100207.0,11,8,2,3,0,1,0,0,0,0,1,0,0,1,13.32116625,52.45149635,1,0.0,08 to 12
3,3601141.0,11,8,6,3,2,2,0,1,1,0,0,0,0,0,13.41099415,52.55374308,2,0.5,08 to 12
1,1401045.0,11,16,6,3,0,2,1,0,1,0,0,0,1,0,13.37702632,52.55653512,2,0.0,16 to 20
12,12100204.0,11,10,2,3,5,2,0,1,1,0,0,0,0,0,13.36227785,52.56792854,2,0.5,08 to 12
1,1300733.0,11,4,2,3,5,3,2,0,1,0,0,0,0,1,13.38418884,52.55565153,1,0.0,04 to 08
12,12100102.0,11,8,6,3,1,5,0,0,1,0,0,0,0,0,13.37055815,52.56997936,1,0.0,08 to 12
1,1100308.0,11,8,4,3,1,5,0,1,1,0,0,0,0,0,13.37945265,52.52363663,2,0.5,08 to 12
5,5100101.0,11,10,7,3,5,3,0,1,1,0,0,0,0,1,13.17711761,52.58508443,2,0.5,08 to 12
1,1100310.0,11,6,2,2,0,1,2,0,0,0,0,0,1,1,13.41680998,52.52384645,1,0.0,04 to 08
2,2500830.0,11,9,2,3,0,1,0,1,1,0,0,0,0,1,13.45624684,52.51330199,2,0.5,08 to 12
10,10400941.0,11,10,2,3,5,3,0,1,1,0,0,0,0,0,13.60067471,52.47640667,2,0.5,08 to 12
3,3601142.0,11,14,1,3,5,2,0,1,1,0,0,0,0,0,13.41287864,52.54676224,2,0.5,12 to 16
1,1100416.0,11,10,2,3,0,3,0,1,1,0,0,0,0,1,13.40433472,52.5331626,2,0.5,08 to 12
4,4300622.0,11,11,2,3,2,6,0,0,1,0,0,1,0,1,13.32233499,52.51316519,2,0.0,08 to 12
6,6100208.0,11,11,2,3,2,6,0,0,1,0,0,0,0,0,13.33903489,52.45608906,1,0.0,08 to 12
4,4300624.0,11,7,6,3,5,2,0,1,1,0,0,0,0,1,13.31995496,52.50588393,2,0.5,04 to 08
3,3400721.0,11,13,3,3,5,2,0,1,1,0,0,0,0,0,13.39435825,52.56494563,2,0.5,12 to 16
5,5100316.0,11,13,6,3,2,6,0,0,1,0,0,0,0,0,13.20774089,52.5387073,1,0.0,12 to 16
5,5200420.0,11,15,2,3,1,5,0,0,1,0,1,0,0,0,13.1768337,52.53568142,2,0.0,12 to 16
4,4300622.0,11,11,2,3,3,6,0,0,0,0,1,0,1,0,13.31687493,52.51406499,2,0.0,08 to 12
1,1100205.0,11,12,3,2,6,4,0,1,0,1,0,0,0,0,13.37664674,52.51010423,2,0.5,12 to 16
4,4501150.0,11,8,4,2,5,3,0,1,1,0,0,0,0,0,13.32260252,52.48556035,2,0.5,08 to 12
9,9300920.0,11,13,7,2,1,5,0,0,1,0,0,1,0,0,13.52759533,52.41076602,2,0.0,12 to 16
1,1401049.0,11,11,2,2,8,1,0,0,1,0,0,0,0,0,13.3678628,52.55697777,1,0.0,08 to 12
4,4300619.0,11,11,3,3,6,7,0,0,1,1,0,0,0,0,13.30786323,52.51709972,2,0.0,08 to 12
7,7200409.0,11,11,2,3,0,3,0,0,1,0,1,0,0,1,13.34754117,52.4861438,2,0.0,08 to 12
2,2500833.0,11,16,1,3,0,6,0,1,1,0,0,0,0,0,13.45504568,52.51013797,2,0.5,16 to 20
11,11400929.0,11,14,1,2,6,4,0,0,1,1,0,0,0,0,13.4946437,52.50387395,2,0.0,12 to 16
9,9100305.0,12,15,3,3,5,2,1,1,1,0,0,0,0,0,13.48974422,52.46787019,2,0.5,12 to 16
2,2500834.0,11,16,1,3,5,2,1,1,1,0,0,0,0,0,13.45876698,52.50643194,2,0.5,16 to 20
11,11300721.0,11,1,6,2,4,6,2,0,1,0,0,0,0,0,13.49997001,52.52952029,1,0.0,00 to 04
2,2300316.0,11,16,5,3,5,3,0,1,1,0,0,0,0,1,13.42998554,52.50350255,2,0.5,16 to 20
5,5200633.0,11,11,4,2,0,1,0,0,0,0,1,0,0,0,13.18632293,52.51762044,1,0.0,08 to 12
11,11300620.0,11,6,2,3,0,2,1,1,1,0,0,0,0,0,13.47996028,52.52661402,2,0.5,04 to 08
3,3400723.0,12,10,4,2,0,7,0,0,0,0,1,0,1,1,13.41641462,52.57083894,2,0.0,08 to 12
11,11300722.0,12,11,7,3,5,3,0,0,1,0,0,0,1,0,13.47934745,52.52304909,2,0.0,08 to 12
1,1300733.0,12,5,5,3,0,7,2,0,0,0,0,1,0,0,13.39231266,52.55507632,1,0.0,04 to 08
1,1200517.0,12,18,3,3,2,6,2,0,0,0,1,0,1,0,13.32750222,52.53568204,2,0.0,16 to 20
9,9100101.0,12,13,1,3,0,1,0,0,0,0,1,0,0,1,13.44684007,52.49154477,1,0.0,12 to 16
5,5100103.0,12,13,3,3,2,6,0,0,1,0,0,0,0,0,13.20845483,52.56235469,1,0.0,12 to 16
4,4501044.0,12,6,2,3,6,2,2,0,1,1,0,0,0,0,13.31952157,52.49208671,2,0.0,04 to 08
6,4400729.0,12,16,7,3,2,6,0,0,1,0,0,0,0,0,13.24782176,52.46771526,1,0.0,16 to 20
3,3400827.0,12,8,7,2,1,5,0,0,1,0,0,0,0,0,13.41577374,52.55989848,1,0.0,08 to 12
9,9100304.0,12,6,7,3,9,1,1,0,1,0,0,0,0,2,13.47801038,52.46177603,1,0.0,04 to 08
7,7300516.0,12,11,7,3,5,2,0,1,1,0,0,0,0,0,13.33081515,52.46741772,2,0.5,08 to 12
11,11200410.0,12,19,3,3,1,5,2,0,1,0,0,0,0,0,13.51514795,52.55259735,1,0.0,16 to 20
1,1300836.0,12,17,5,3,5,2,2,1,1,0,0,0,0,1,13.37934109,52.5402552,2,0.5,16 to 20
9,9501838.0,12,9,6,3,6,4,0,0,1,1,0,0,0,0,13.69290189,52.43894641,2,0.0,08 to 12
3,3601449.0,12,19,3,2,5,3,2,1,0,0,0,0,1,0,13.44587662,52.54463715,2,0.5,16 to 20
1,1100101.0,12,17,2,3,2,6,2,0,1,0,0,0,0,0,13.34929776,52.50317135,1,0.0,16 to 20
2,2200210.0,12,16,3,3,5,3,2,1,1,0,0,0,0,0,13.39279696,52.4921276,2,0.5,16 to 20
6,6200419.0,12,10,7,2,5,3,0,1,1,0,0,0,0,0,13.31712508,52.41413311,2,0.5,08 to 12
10,10100311.0,12,12,4,3,2,6,0,0,1,0,0,0,1,1,13.51899285,52.51609312,2,0.0,12 to 16
1,1100308.0,12,19,3,3,0,3,2,1,0,0,0,0,1,0,13.37741485,52.52216959,2,0.5,16 to 20
4,4400830.0,12,15,7,3,5,3,1,0,1,0,1,0,0,1,13.29574186,52.4811967,2,0.0,12 to 16
8,8100521.0,12,16,2,3,5,2,1,0,1,0,1,0,0,0,13.46524207,52.4645615,2,0.0,16 to 20
3,3300516.0,12,10,7,3,0,1,0,0,0,0,1,0,0,0,13.45675899,52.56781362,1,0.0,08 to 12
2,2200210.0,12,9,6,3,5,2,0,1,1,0,0,0,0,1,13.39777283,52.49530497,2,0.5,08 to 12
4,4400729.0,12,12,7,3,2,6,0,0,1,0,0,0,0,0,13.26233285,52.48006201,1,0.0,12 to 16
2,2400521.0,12,7,5,3,5,3,1,1,1,0,0,0,0,0,13.42869,52.5189154,2,0.5,04 to 08
6,6300528.0,12,9,6,3,5,2,0,1,1,0,0,0,0,1,13.27680581,52.42630113,2,0.5,08 to 12
4,4300622.0,12,16,7,3,2,6,1,0,1,0,0,0,1,0,13.3286242,52.50802926,2,0.0,16 to 20
10,10100313.0,12,10,7,2,3,6,0,0,1,0,0,0,0,1,13.54082139,52.54024652,1,0.0,08 to 12
4,4300619.0,12,14,5,3,6,2,0,0,0,1,0,0,1,0,13.3150868,52.51455037,2,0.0,12 to 16
11,11100102.0,12,19,5,3,3,6,2,1,0,0,0,0,1,0,13.53518815,52.57062249,2,0.5,16 to 20
2,2200209.0,12,20,3,3,5,2,2,1,0,0,0,0,1,0,13.38611267,52.48486973,2,0.5,20 to 24
9,9401329.0,12,6,2,3,5,2,1,1,1,0,0,0,0,1,13.58655123,52.44096833,2,0.5,04 to 08
3,3501037.0,12,15,3,3,5,3,0,1,1,0,0,0,0,0,13.46095353,52.56390824,2,0.5,12 to 16
1,1300836.0,12,14,7,3,5,3,0,0,1,0,0,0,0,0,13.37842723,52.55042768,1,0.0,12 to 16
8,8100206.0,12,10,4,3,6,4,0,0,1,1,0,0,0,1,13.42605717,52.4809413,2,0.0,08 to 12
8,8100521.0,12,21,3,3,5,3,2,0,1,0,0,0,1,0,13.47206553,52.46162583,2,0.0,20 to 24
4,4500938.0,12,9,7,3,0,1,0,1,0,0,0,0,0,1,13.29974521,52.49508314,1,1.0,08 to 12
10,10200524.0,12,11,2,3,6,4,0,1,0,1,0,0,0,1,13.60957439,52.53332821,2,0.5,08 to 12
9,9200819.0,12,13,7,3,5,3,0,1,0,0,0,0,0,0,13.56958907,52.4444883,1,1.0,12 to 16
8,8100418.0,12,19,6,3,5,2,2,1,1,0,0,0,0,0,13.4496053,52.47907276,2,0.5,16 to 20
7,7300517.0,12,9,7,3,0,1,0,0,0,0,1,0,0,2,13.3291079,52.47144723,1,0.0,08 to 12
1,1100415.0,12,8,4,3,0,1,1,1,0,0,0,0,0,1,13.39855031,52.53255359,1,1.0,08 to 12
6,6200423.0,12,11,5,2,5,2,0,1,0,0,0,1,0,0,13.31483653,52.41751055,2,0.5,08 to 12
6,6100206.0,12,7,2,2,0,5,2,1,1,0,0,0,0,0,13.33401273,52.44990601,2,0.5,04 to 08
5,5200632.0,12,11,2,3,2,6,0,0,1,0,0,0,0,0,13.20436496,52.53027998,1,0.0,08 to 12
12,12601031.0,12,12,3,2,6,2,0,0,1,1,0,0,0,0,13.32653152,52.60465522,2,0.0,12 to 16
11,11100205.0,12,6,3,3,0,3,2,0,0,0,1,0,1,1,13.51336525,52.56800571,2,0.0,04 to 08
10,10400836.0,12,12,7,3,0,1,0,1,0,0,0,0,0,2,13.5870581,52.51171518,1,1.0,12 to 16
12,12500824.0,12,18,4,3,3,6,2,0,1,0,0,0,0,1,13.28575263,52.59524869,1,0.0,16 to 20
10,10100311.0,12,12,2,3,2,7,0,0,1,0,0,0,1,0,13.51790729,52.53552598,2,0.0,12 to 16
5,5100210.0,12,13,7,3,1,5,0,1,1,0,0,0,0,0,13.18392417,52.54366957,2,0.5,12 to 16
8,8100314.0,12,18,5,3,6,4,2,0,1,1,0,0,0,0,13.42449743,52.48622622,2,0.0,16 to 20
11,11501238.0,12,17,2,3,5,2,2,1,1,0,0,0,0,0,13.48080827,52.49910081,2,0.5,16 to 20
10,10100312.0,12,12,2,3,2,2,0,0,1,0,0,0,0,1,13.53843175,52.52459493,1,0.0,12 to 16
10,10400837.0,12,12,3,2,5,3,0,0,1,0,0,0,0,0,13.57576589,52.49120313,1,0.0,12 to 16
4,4300518.0,12,12,7,3,5,7,0,0,1,0,1,0,0,0,13.31300447,52.52577219,2,0.0,12 to 16
10,10100205.0,12,7,4,3,2,6,2,0,1,0,0,0,0,1,13.53690057,52.54582088,1,0.0,04 to 08
1,1100311.0,12,22,2,3,5,3,2,1,1,0,0,0,0,1,13.4233168,52.52018631,2,0.5,20 to 24
3,3200308.0,12,18,7,3,0,1,2,1,0,0,0,0,0,0,13.43298616,52.59605327,1,1.0,16 to 20
4,5300840.0,12,7,2,3,2,6,0,0,1,0,0,0,0,0,13.28204272,52.53380779,1,0.0,04 to 08
4,4501041.0,12,12,7,3,1,5,0,1,1,0,0,0,0,0,13.32286996,52.50221198,2,0.5,12 to 16
6,6400841.0,12,14,6,3,1,7,0,0,1,0,0,0,0,0,13.26338306,52.4396661,1,0.0,12 to 16
2,2400623.0,12,20,6,3,2,6,2,1,0,0,0,0,1,0,13.43022042,52.51037883,2,0.5,20 to 24
3,3300516.0,12,14,4,3,5,3,0,0,1,0,0,0,0,0,13.42939465,52.57191114,1,0.0,12 to 16
11,11200512.0,12,10,5,3,5,2,0,0,1,0,0,0,0,0,13.470341,52.53998365,1,0.0,08 to 12
11,11501238.0,12,15,2,3,2,6,1,0,1,0,0,0,0,1,13.47567188,52.50140652,1,0.0,12 to 16
6,6400844.0,12,10,2,3,5,3,0,1,1,0,0,0,0,1,13.28607321,52.45300871,2,0.5,08 to 12
8,8100102.0,12,12,3,3,5,2,0,1,1,0,0,0,0,0,13.42550548,52.47978529,2,0.5,12 to 16
8,8300935.0,12,18,2,3,0,1,2,1,0,0,0,0,0,1,13.45975282,52.42441168,1,1.0,16 to 20
6,6200312.0,12,15,6,3,5,3,0,0,1,0,0,0,0,0,13.33210985,52.43683452,1,0.0,12 to 16
8,8200729.0,12,10,7,3,0,1,0,1,0,0,0,0,0,2,13.41178954,52.43847492,1,1.0,08 to 12
12,12601031.0,12,16,1,3,2,6,1,0,1,0,0,0,0,0,13.33994094,52.60068857,1,0.0,16 to 20
7,7400927.0,12,5,6,3,6,2,1,0,1,1,0,0,0,0,13.40208431,52.46334021,2,0.0,04 to 08
3,3400828.0,12,14,2,3,5,3,0,1,1,0,0,0,0,1,13.42334924,52.55617941,2,0.5,12 to 16
1,1100310.0,12,18,5,3,4,2,2,1,1,0,0,0,0,1,13.4087456,52.52297546,2,0.5,16 to 20
10,10100311.0,12,12,1,3,5,3,0,0,1,0,0,0,0,1,13.52191324,52.53572583,1,0.0,12 to 16
2,2300315.0,12,22,6,3,6,4,2,0,0,1,0,0,1,0,13.43411632,52.49963642,2,0.0,20 to 24
2,2500728.0,12,10,5,3,1,5,0,1,1,0,0,0,0,0,13.46523102,52.51736289,2,0.5,08 to 12
5,5300735.0,12,5,6,2,6,2,2,0,1,1,0,0,0,0,13.22585857,52.55448575,2,0.0,04 to 08
10,10100315.0,12,12,4,3,2,6,0,0,1,0,0,0,1,0,13.57039061,52.54302007,2,0.0,12 to 16
4,4300622.0,12,9,4,3,0,3,0,0,1,0,1,0,0,0,13.31976478,52.51716524,2,0.0,08 to 12
9,9300920.0,12,22,6,3,5,3,2,1,1,0,0,0,0,0,13.53092431,52.41563739,2,0.5,20 to 24
1,1100207.0,12,1,5,3,5,3,2,0,1,0,0,0,0,1,13.39210012,52.5095841,1,0.0,00 to 04
10,10400941.0,12,14,2,3,9,1,0,0,1,0,0,0,0,1,13.62215063,52.49090653,1,0.0,12 to 16
3,3601346.0,12,23,1,3,0,1,2,0,0,0,1,0,0,1,13.41738302,52.54680803,1,0.0,20 to 24
2,2300314.0,12,11,3,3,5,2,0,1,1,0,0,0,0,0,13.41933766,52.501339,2,0.5,08 to 12
4,4500936.0,12,20,2,3,1,5,2,1,1,0,0,0,0,0,13.29861415,52.50083388,2,0.5,20 to 24
3,3400725.0,12,7,6,3,2,2,0,0,1,0,0,0,0,0,13.4301095,52.58831954,1,0.0,04 to 08
7,7300618.0,12,17,6,2,5,3,2,0,1,0,1,0,0,0,13.33286245,52.46873468,2,0.0,16 to 20
2,2200213.0,12,20,7,3,1,5,2,1,1,0,0,0,0,0,13.41963697,52.49567188,2,0.5,20 to 24
1,1401045.0,12,16,6,3,0,3,2,0,0,0,0,0,1,0,13.37700194,52.55664241,1,0.0,16 to 20
12,12500824.0,12,7,2,3,2,2,1,0,1,0,0,0,1,0,13.28915878,52.5902545,2,0.0,04 to 08
10,10200524.0,12,16,5,3,2,6,0,0,1,0,0,0,0,0,13.6142689,52.53205725,1,0.0,16 to 20
1,1300732.0,12,11,6,3,0,6,0,0,1,0,0,0,1,0,13.38762065,52.56037659,2,0.0,08 to 12
3,3701660.0,12,7,2,3,5,2,0,1,1,0,0,0,0,1,13.43678548,52.52954731,2,0.5,04 to 08