bez,lor_ab_2021,umonat,ustunde,uwochentag,ukategorie,uart,utyp1,ulichtverh,istrad,istpkw,istfuss,istkrad,istgkfz,istsonstige,ustrzustand,xgcswgs84,ygcswgs84,all_acc,perc_bike_acc,rushhours
12,12500926.0,12,16,2,3,5,2,2,1,1,0,0,0,0,1,13.33886672,52.58937333,2,0.5,16 to 20
9,9200717.0,12,16,3,3,1,5,2,1,1,0,0,0,0,0,13.54917088,52.43830719,2,0.5,16 to 20
12,12100206.0,12,12,6,3,0,1,0,0,0,0,1,0,0,1,13.33327792,52.57681399,1,0.0,12 to 16
1,1200624.0,12,11,4,3,5,2,0,1,1,0,0,0,0,1,13.36034106,52.53724347,2,0.5,08 to 12
9,9200715.0,12,7,2,3,5,3,0,0,1,0,0,0,0,1,13.53559245,52.43043349,1,0.0,04 to 08
9,9501939.0,12,12,7,3,1,5,0,0,1,0,0,0,1,0,13.57948926,52.45558452,2,0.0,12 to 16
3,3601141.0,12,8,6,3,5,2,0,1,1,0,0,0,0,0,13.41165455,52.55377155,2,0.5,08 to 12
6,6300634.0,12,12,2,3,5,2,0,1,1,0,0,0,0,1,13.3074533,52.43333931,2,0.5,12 to 16
7,7601238.0,12,15,3,3,2,6,1,0,1,0,0,0,0,1,13.38794325,52.4118858,1,0.0,12 to 16
3,3100102.0,12,19,3,3,2,2,2,0,1,0,0,0,0,0,13.49924755,52.6352753,1,0.0,16 to 20
4,4501042.0,12,9,6,3,2,2,0,0,1,0,0,0,0,0,13.33244718,52.50624138,1,0.0,08 to 12
4,4501150.0,12,12,4,3,5,2,0,1,1,0,0,0,0,0,13.32573939,52.48653938,2,0.5,12 to 16
12,12500926.0,12,11,2,3,5,7,0,1,1,0,0,0,0,0,13.337241970000001,52.59576593,2,0.5,08 to 12
1,1100312.0,12,13,1,3,0,6,0,1,0,0,0,0,0,0,13.41603267,52.51045006,1,1.0,12 to 16
3,3500934.0,12,17,2,3,5,3,2,0,1,0,0,0,0,0,13.44182651,52.55033888,1,0.0,16 to 20
7,7100103.0,12,9,6,3,1,5,0,1,1,0,0,0,0,0,13.36103602,52.49790041,2,0.5,08 to 12
3,3601450.0,12,11,6,3,5,2,0,0,1,0,0,0,0,0,13.45289593,52.53379937,1,0.0,08 to 12
1,1300836.0,12,14,7,3,5,3,0,1,1,0,0,0,0,0,13.38334566,52.5485822,2,0.5,12 to 16
9,9501939.0,12,8,6,2,2,6,0,0,1,0,0,0,1,0,13.56882966,52.45331555,2,0.0,08 to 12
4,4400830.0,12,13,5,3,1,5,0,1,1,0,0,0,0,0,13.29009861,52.47574968,2,0.5,12 to 16
2,2200212.0,12,4,5,3,9,1,2,0,1,0,0,0,0,0,13.40558973,52.48927226,1,0.0,04 to 08
3,3500933.0,12,11,2,3,5,3,0,0,1,0,0,0,0,0,13.46197636,52.55897673,1,0.0,08 to 12
7,7200308.0,12,15,2,2,6,2,0,0,1,1,0,0,0,1,13.34958094,52.48086066,2,0.0,12 to 16
4,4501041.0,12,14,3,3,5,3,0,1,1,0,0,0,0,0,13.31911473,52.49957391,2,0.5,12 to 16
1,1200517.0,12,7,6,3,2,2,0,0,1,0,0,0,0,0,13.32842574,52.53295879,1,0.0,04 to 08
9,9300923.0,12,7,4,3,5,3,0,1,1,0,0,0,0,1,13.53410962,52.40841793,2,0.5,04 to 08
5,5100317.0,12,7,2,3,6,2,2,0,1,1,0,0,0,1,13.22739874,52.52841328,2,0.0,04 to 08
8,8100311.0,12,20,7,3,1,5,2,1,1,0,0,0,0,0,13.43132628,52.48719706,2,0.5,20 to 24
11,11200410.0,12,10,2,3,6,7,0,0,1,1,0,0,0,1,13.49945427,52.56223243,2,0.0,08 to 12
6,6300633.0,12,7,6,3,6,4,0,0,1,1,0,0,0,0,13.31606936,52.44067187,2,0.0,04 to 08
7,7100101.0,12,17,6,2,6,4,2,1,0,1,0,0,0,1,13.34047213,52.49748284,2,0.5,16 to 20
3,3400723.0,12,7,7,3,6,2,2,0,1,1,0,0,0,1,13.40644535,52.56538152,2,0.0,04 to 08
7,7400826.0,12,15,2,2,5,3,1,1,1,0,0,0,0,0,13.37219363,52.45543957,2,0.5,12 to 16
12,12200310.0,12,2,6,3,5,3,2,0,1,0,0,0,1,0,13.31421336,52.57678088,2,0.0,00 to 04
8,8200832.0,12,7,6,3,5,3,1,0,1,0,1,0,0,1,13.43324137,52.42458242,2,0.0,04 to 08
1,1200522.0,12,11,7,3,2,2,0,0,1,0,0,0,0,0,13.33928524,52.52570997,1,0.0,08 to 12
8,8100312.0,12,6,4,3,2,1,2,1,1,0,0,0,0,0,13.43942343,52.48410803,2,0.5,04 to 08
12,12601031.0,12,16,5,3,3,2,2,1,1,0,0,0,0,0,13.32646749,52.60456917,2,0.5,16 to 20
8,8100415.0,12,10,2,3,1,5,0,1,1,0,0,0,0,1,13.44175767,52.47965889,2,0.5,08 to 12
9,9200715.0,12,11,2,3,2,6,0,0,1,0,0,1,0,1,13.52704437,52.42644635,2,0.0,08 to 12
1,1200626.0,12,12,3,3,5,5,0,0,1,0,0,0,0,0,13.34908634,52.52334685,1,0.0,12 to 16
1,1100416.0,12,15,6,3,0,1,1,1,0,0,0,0,0,1,13.39998087,52.53286323,1,1.0,12 to 16
2,2100104.0,12,21,4,3,6,4,2,0,0,1,0,0,1,0,13.41386069,52.50038258,2,0.0,20 to 24
11,11200514.0,12,10,2,3,3,6,0,1,1,0,0,0,0,0,13.4972562,52.539111,2,0.5,08 to 12
12,12601236.0,12,15,7,2,5,3,0,0,1,0,0,0,0,1,13.3461204,52.59157796,1,0.0,12 to 16
8,8100418.0,12,22,1,2,0,1,2,1,0,0,0,0,0,1,13.45552657,52.47956086,1,1.0,20 to 24
10,10400939.0,12,15,6,3,6,7,0,0,1,1,0,0,0,0,13.61507956,52.51068329,2,0.0,12 to 16
2,2500834.0,12,16,5,3,6,2,2,0,1,1,0,0,0,0,13.45115055,52.50853023,2,0.0,16 to 20
7,7601236.0,12,15,6,2,5,2,1,0,1,0,0,0,0,0,13.37163322,52.42359268,1,0.0,12 to 16
4,4400830.0,12,13,4,3,2,7,0,1,1,0,0,0,0,1,13.30038187,52.48054555,2,0.5,12 to 16
8,8200833.0,12,14,6,3,5,2,0,1,1,0,0,0,0,0,13.44204018,52.42500088,2,0.5,12 to 16
6,6100205.0,12,7,5,2,2,6,1,0,1,0,1,0,0,1,13.35683654,52.44872624,2,0.0,04 to 08
7,7300619.0,12,10,2,2,5,3,0,0,1,0,0,1,0,1,13.34745947,52.47053465,2,0.0,08 to 12
4,4300414.0,12,19,1,3,5,3,2,1,1,0,0,0,0,1,13.29702719,52.51180515,2,0.5,16 to 20
12,12200412.0,12,10,3,3,2,6,0,0,1,0,0,0,0,0,13.29663371,52.57719596,1,0.0,08 to 12
9,9401329.0,12,21,4,2,8,1,2,0,1,0,0,0,0,1,13.6533923,52.41687446,1,0.0,20 to 24
4,4400830.0,12,8,5,3,5,3,0,1,1,0,0,0,0,0,13.28362355,52.47830025,2,0.5,08 to 12
8,8100415.0,12,9,2,3,2,7,0,0,1,0,1,0,0,0,13.44172131,52.47882719,2,0.0,08 to 12
1,1300732.0,12,19,2,3,5,3,2,1,1,0,0,0,0,0,13.39195679,52.56392841,2,0.5,16 to 20
6,6300633.0,12,15,3,3,5,3,1,1,0,0,0,0,0,0,13.31069197,52.44177683,1,1.0,12 to 16
2,2300315.0,12,1,3,2,0,1,2,0,0,0,0,0,1,1,13.43413468,52.50059913,1,0.0,00 to 04
3,3601245.0,12,14,6,3,5,2,0,1,1,0,0,0,0,0,13.43449771,52.54961858,2,0.5,12 to 16
1,1200628.0,12,17,4,3,6,4,1,1,0,1,0,0,0,1,13.36375952,52.52472488,2,0.5,16 to 20
12,12500929.0,12,12,7,2,1,1,0,0,0,0,1,0,1,0,13.35160442,52.61686358,2,0.0,12 to 16
1,1401048.0,12,19,1,3,2,6,2,0,1,0,0,0,1,0,13.35626611,52.55247741,2,0.0,16 to 20
5,5200420.0,12,12,6,3,5,2,0,0,1,0,0,0,0,0,13.15774515,52.53354504,1,0.0,12 to 16
1,1401046.0,12,9,5,3,5,2,0,1,1,0,0,0,0,0,13.3451677,52.53912239,2,0.5,08 to 12
2,2300418.0,12,15,4,3,2,7,0,1,1,0,0,0,1,1,13.43723549,52.49328429,3,0.3333333333333333,12 to 16
7,7300517.0,12,14,6,3,6,4,0,0,0,1,0,0,1,0,13.33122242,52.46976997,2,0.0,12 to 16
10,10300731.0,12,17,3,2,5,3,2,0,1,0,1,0,0,1,13.55268788,52.52318311,2,0.0,16 to 20
1,1401045.0,12,12,6,3,2,6,0,0,1,0,0,0,0,0,13.37741627,52.55626636,1,0.0,12 to 16
6,6400840.0,12,15,5,3,0,1,1,1,0,0,0,0,0,0,13.24798932,52.44861461,1,1.0,12 to 16
8,8100521.0,12,9,2,3,6,7,0,0,0,1,0,0,1,0,13.46930512,52.46318364,2,0.0,08 to 12
1,1300733.0,12,17,1,3,6,2,2,0,1,1,0,0,0,0,13.38642927,52.54938786,2,0.0,16 to 20
4,4501044.0,12,6,3,3,2,6,2,0,1,0,0,0,0,1,13.3172103,52.491482,1,0.0,04 to 08
4,4501043.0,12,18,2,3,2,6,2,0,1,0,0,0,0,0,13.30941615,52.49412046,1,0.0,16 to 20
6,6200421.0,12,21,6,2,0,1,2,0,0,0,1,0,0,0,13.31204275,52.430457,1,0.0,20 to 24
10,10100103.0,12,16,6,3,5,3,2,0,1,0,0,0,0,0,13.56936689,52.5689171,1,0.0,16 to 20
12,12200515.0,12,14,4,3,6,2,0,0,1,1,0,0,0,1,13.28484877,52.58856241,2,0.0,12 to 16
1,1100312.0,12,16,7,3,1,6,2,0,1,0,0,0,0,0,13.41323288,52.50848316,1,0.0,16 to 20
2,2100102.0,12,20,6,3,6,2,2,0,1,1,0,0,0,0,13.39821234,52.50699451,2,0.0,20 to 24
10,10100315.0,12,10,2,3,2,6,0,0,1,0,0,0,0,1,13.56974983,52.54571491,1,0.0,08 to 12
9,9200715.0,12,19,6,3,5,2,2,0,1,0,0,0,0,0,13.5266538,52.42644867,1,0.0,16 to 20
6,6300526.0,12,8,7,3,5,2,0,1,1,0,0,0,0,2,13.25992107,52.42925998,2,0.5,08 to 12
11,11400929.0,12,14,4,3,1,7,0,0,1,1,0,0,0,1,13.50045781,52.50924386,2,0.0,12 to 16
4,4500937.0,12,13,7,3,5,3,0,0,1,0,0,0,0,0,13.28684044,52.49583666,1,0.0,12 to 16
5,5300736.0,12,19,6,3,2,6,2,0,1,0,0,0,0,0,13.22908676,52.53807729,1,0.0,16 to 20
3,3601245.0,12,8,2,3,3,6,1,1,1,0,0,0,0,1,13.43631955,52.54825638,2,0.5,08 to 12
5,5100313.0,12,17,5,3,2,6,2,0,1,0,1,0,0,1,13.2086148,52.55296217,2,0.0,16 to 20
1,1100312.0,12,9,6,3,0,1,0,1,0,0,0,0,0,0,13.40824181,52.51183702,1,1.0,08 to 12
1,1200628.0,12,8,2,3,5,3,0,1,1,0,0,0,0,1,13.3627582,52.52275425,2,0.5,08 to 12
6,6200312.0,12,17,2,3,2,2,2,0,1,0,0,0,0,1,13.32757051,52.44017692,1,0.0,16 to 20
7,7601547.0,12,17,3,2,5,2,2,1,0,0,0,1,0,0,13.40975836,52.38723344,2,0.5,16 to 20
4,4501045.0,12,19,6,3,6,2,2,0,1,1,0,0,0,0,13.33501321,52.4980938,2,0.0,16 to 20
1,1100415.0,12,14,4,3,4,6,0,0,1,0,1,0,0,1,13.39757457,52.53249836,2,0.0,12 to 16
1,1401043.0,12,19,2,3,5,7,2,0,1,0,0,0,1,0,13.36284861,52.54656445,2,0.0,16 to 20
9,9301024.0,12,15,7,3,5,3,0,0,1,0,0,0,0,0,13.56007867,52.40508198,1,0.0,12 to 16
11,11300618.0,12,13,2,2,1,1,0,0,1,1,0,0,1,0,13.46583752,52.52631705,3,0.0,12 to 16
2,2500830.0,12,19,6,3,1,5,2,1,1,0,0,0,0,0,13.45528798,52.51363296,2,0.5,16 to 20
4,4300517.0,12,10,6,3,0,3,0,0,1,0,0,0,1,1,13.29920865,52.52386561,2,0.0,08 to 12
9,9501737.0,12,7,4,3,6,4,2,0,1,1,0,0,0,1,13.61839658,52.4554746,2,0.0,04 to 08
4,4300412.0,12,13,7,3,6,4,0,0,1,1,0,0,0,0,13.29627054,52.51936421,2,0.0,12 to 16
8,8100415.0,12,13,5,3,5,2,0,1,1,0,0,0,0,0,13.43664452,52.47989777,2,0.5,12 to 16
11,11300721.0,12,21,5,2,5,3,2,0,1,0,0,0,0,0,13.51420848,52.53529282,1,0.0,20 to 24
3,3601141.0,12,18,2,3,2,6,2,0,1,0,0,0,0,0,13.40771841,52.55426843,1,0.0,16 to 20
10,10100315.0,12,13,2,3,2,6,0,0,1,0,0,0,1,0,13.57128308,52.5461435,2,0.0,12 to 16
5,5100102.0,12,13,3,3,1,5,0,1,0,0,0,0,1,0,13.20353201,52.56338601,2,0.5,12 to 16
6,6300526.0,12,14,5,3,5,2,0,0,1,0,0,0,0,0,13.2507353,52.43505917,1,0.0,12 to 16
2,2100104.0,12,12,6,3,5,7,0,0,1,0,0,0,0,0,13.40484978,52.50304683,1,0.0,12 to 16
1,1401045.0,12,17,2,3,3,6,2,0,1,0,0,0,0,1,13.38326526,52.55611156,1,0.0,16 to 20
8,8100105.0,12,16,2,3,5,3,2,0,1,0,0,0,0,1,13.43246026,52.46578012,1,0.0,16 to 20
12,12601133.0,12,15,3,2,6,7,1,0,1,1,0,0,0,0,13.35588389,52.5985031,2,0.0,12 to 16
7,7400823.0,12,18,6,3,2,6,2,0,1,0,0,0,0,0,13.37357963,52.46895614,1,0.0,16 to 20
1,1401046.0,12,11,4,3,2,6,0,0,1,0,0,0,0,1,13.34982533,52.54236524,1,0.0,08 to 12
1,1400942.0,12,17,2,3,0,2,2,0,0,1,0,0,1,0,13.35906241,52.54655278,2,0.0,16 to 20
1,1200517.0,12,11,7,3,2,6,0,0,1,0,0,0,0,1,13.31717825,52.53086754,1,0.0,08 to 12
12,12500825.0,12,11,2,3,5,2,0,1,1,0,0,0,0,0,13.30298146,52.58068623,2,0.5,08 to 12
4,4200308.0,12,9,5,3,9,7,0,0,1,0,0,0,0,0,13.2827991,52.51864159,1,0.0,08 to 12
7,7601442.0,12,21,6,3,2,2,2,0,1,0,0,0,0,0,13.40670229,52.39851238,1,0.0,20 to 24
4,4501041.0,12,18,3,2,6,4,2,0,0,1,0,0,1,0,13.32025625,52.50164767,2,0.0,16 to 20
9,9100203.0,12,10,7,3,5,2,0,1,1,0,0,0,0,1,13.47378207,52.47494868,2,0.5,08 to 12
7,7501032.0,12,8,4,3,5,3,0,0,1,0,0,0,0,0,13.41080052,52.44471502,1,0.0,08 to 12
5,5100104.0,12,14,5,3,5,3,0,1,1,0,0,0,0,1,13.20768471,52.55576419,2,0.5,12 to 16
2,2500830.0,12,17,2,3,0,3,2,1,0,0,0,0,0,1,13.45712634,52.51299839,1,1.0,16 to 20
5,5400943.0,12,11,2,3,5,3,0,1,1,0,0,0,0,1,13.1221904,52.47318469,2,0.5,08 to 12
8,8100311.0,12,16,3,3,3,6,1,1,1,0,0,0,0,0,13.42866136,52.48673702,2,0.5,16 to 20
12,12500930.0,12,7,3,3,5,2,0,0,1,0,0,1,0,0,13.31541508,52.57792777,2,0.0,04 to 08
4,4500936.0,12,18,5,3,0,7,2,0,0,0,1,0,1,0,13.30706748,52.50007263,2,0.0,16 to 20
7,7200307.0,12,19,4,3,5,3,2,0,1,0,0,0,0,1,13.33902164,52.49222057,1,0.0,16 to 20
1,1100310.0,12,14,2,3,5,2,0,0,1,0,0,0,0,1,13.41554899,52.52707728,1,0.0,12 to 16
2,2200210.0,12,13,7,2,6,2,0,0,1,1,0,0,0,0,13.3963126,52.49134605,2,0.0,12 to 16
7,7601544.0,12,13,1,3,6,7,0,0,1,1,0,0,0,1,13.40187264,52.38668397,2,0.0,12 to 16
5,5100210.0,12,16,5,3,2,6,2,0,1,0,0,0,0,0,13.19055095,52.54637045,1,0.0,16 to 20
2,2100102.0,12,17,5,3,1,5,2,1,1,0,0,0,0,1,13.39061203,52.50617045,2,0.5,16 to 20
1,1401045.0,12,10,5,3,6,7,0,1,0,0,0,0,1,0,13.37597435,52.55638286,2,0.5,08 to 12
9,9200715.0,12,7,4,3,6,2,2,0,0,1,0,0,1,1,13.5384837,52.43455129,2,0.0,04 to 08
4,4501042.0,12,22,1,3,2,6,2,0,1,0,1,0,0,1,13.33780937,52.50380487,2,0.0,20 to 24
7,7601236.0,12,18,7,3,1,1,2,0,1,0,0,0,1,1,13.35521577,52.41527077,2,0.0,16 to 20
12,12200411.0,12,14,2,3,0,6,0,0,1,0,0,0,1,0,13.32595884,52.56172818,2,0.0,12 to 16
2,2400625.0,12,22,5,2,0,7,2,1,0,0,0,0,0,0,13.44657761,52.50272507,1,1.0,20 to 24
7,7501135.0,12,14,6,3,3,7,0,0,1,0,0,0,1,1,13.39838527,52.41953921,2,0.0,12 to 16
6,6300632.0,12,11,6,3,2,6,0,0,1,0,0,1,0,0,13.2819758,52.43261274,2,0.0,08 to 12
8,8100312.0,12,18,4,3,1,5,2,1,1,0,0,0,0,0,13.43957887,52.48188169,2,0.5,16 to 20
1,1100310.0,12,19,5,3,0,3,2,0,1,0,1,0,0,0,13.41558296,52.52670508,2,0.0,16 to 20
11,11300826.0,12,21,1,3,5,3,2,0,1,0,0,0,0,1,13.48134317,52.50664652,1,0.0,20 to 24
12,12500929.0,12,10,2,3,1,5,0,1,1,0,0,0,0,1,13.34806968,52.61539322,2,0.5,08 to 12
1,1100308.0,12,6,3,3,5,3,2,1,1,0,0,0,0,1,13.38789709,52.52340934,2,0.5,04 to 08
1,1100309.0,12,13,2,3,5,3,0,1,0,0,0,0,1,0,13.40084232,52.52686314,2,0.5,12 to 16
9,9200512.0,12,22,5,3,0,1,2,0,0,0,1,0,0,0,13.54295986,52.45757274,1,0.0,20 to 24
2,2500835.0,12,12,7,3,2,6,0,0,1,0,0,0,0,0,13.45888998,52.50129715,1,0.0,12 to 16
6,6100208.0,12,18,3,3,2,6,2,0,1,0,0,0,0,0,13.33129523,52.45336555,1,0.0,16 to 20
7,7400927.0,12,15,1,3,5,2,1,0,1,0,0,0,0,0,13.40400511,52.46346801,1,0.0,12 to 16
2,2100106.0,12,21,5,3,5,3,2,0,1,0,0,0,0,0,13.39941683,52.49828755,1,0.0,20 to 24
5,5200423.0,12,18,5,3,6,4,2,0,0,1,0,0,1,1,13.15467957,52.53190284,2,0.0,16 to 20
3,3601245.0,12,15,3,3,5,3,0,0,1,0,1,0,0,0,13.43157439,52.5507971,2,0.0,12 to 16
9,9100409.0,12,12,6,3,5,3,0,0,1,0,0,0,1,0,13.49786408,52.43371521,2,0.0,12 to 16
11,11401032.0,12,21,3,3,1,7,2,0,1,0,0,0,0,1,13.50363422,52.51207628,1,0.0,20 to 24
8,8401241.0,12,19,5,2,5,2,2,0,1,0,1,0,0,0,13.47072704,52.43546457,2,0.0,16 to 20
11,11400929.0,12,15,6,3,5,7,2,1,1,0,0,0,0,0,13.49775556,52.50917921,2,0.5,12 to 16
7,7501134.0,12,10,4,3,0,1,0,1,0,0,0,0,0,1,13.38930531,52.43928731,1,1.0,08 to 12
5,5100211.0,12,13,4,3,5,3,0,1,1,0,0,0,0,0,13.17794618,52.54874685,2,0.5,12 to 16
4,4300621.0,12,9,5,3,0,1,0,0,1,0,1,0,0,0,13.30213171,52.51695609,2,0.0,08 to 12
3,3400620.0,12,5,5,2,5,2,2,0,1,0,1,0,0,0,13.38018259,52.57495226,2,0.0,04 to 08
8,8301037.0,12,14,1,3,5,3,0,0,1,0,0,0,0,0,13.48134362,52.4256126,1,0.0,12 to 16
11,11400929.0,12,4,1,3,1,5,2,0,1,0,0,0,1,1,13.502973,52.50820275,2,0.0,04 to 08
9,9100407.0,12,16,3,3,5,2,2,1,1,0,0,0,0,0,13.49739394,52.45812546,2,0.5,16 to 20
3,3500935.0,12,5,2,3,5,3,2,0,1,0,0,0,1,1,13.44741181,52.54848154,2,0.0,04 to 08
8,8100417.0,12,19,5,3,1,5,2,1,1,0,0,0,0,0,13.44262172,52.47052404,2,0.5,16 to 20
8,8100209.0,12,2,7,3,1,5,2,0,1,0,0,0,1,1,13.44018578,52.46740271,2,0.0,00 to 04
1,1100102.0,12,20,7,3,5,2,2,1,1,0,0,0,0,0,13.35115678,52.51521269,2,0.5,20 to 24
4,4501041.0,12,18,5,3,5,3,2,0,1,0,0,0,0,0,13.31509784,52.50100805,1,0.0,16 to 20
12,12400720.0,12,16,1,3,1,5,1,0,1,0,0,0,0,0,13.28722279,52.62750611,1,0.0,16 to 20
1,1100308.0,12,16,5,2,6,4,1,0,1,1,0,0,0,1,13.3838591,52.529923,2,0.0,16 to 20
3,3601140.0,12,10,6,3,6,2,0,0,1,1,0,0,0,0,13.40396279,52.551311,2,0.0,08 to 12
7,7400823.0,12,15,1,3,6,2,0,0,1,1,0,0,0,0,13.37825344,52.46625506,2,0.0,12 to 16
1,1300733.0,12,17,2,3,1,5,2,0,1,0,0,0,1,1,13.39282781,52.55500132,2,0.0,16 to 20
12,12400723.0,12,16,3,3,0,5,2,0,1,0,0,0,1,0,13.31568149,52.62241098,2,0.0,16 to 20
6,6100205.0,12,17,5,2,6,4,2,0,1,1,0,0,0,0,13.34293842,52.44730787,2,0.0,16 to 20
11,2500832.0,12,12,4,3,2,6,0,0,1,0,0,0,0,1,13.47120303,52.50529304,1,0.0,12 to 16
4,4501042.0,12,14,1,3,0,6,0,0,1,0,0,0,1,0,13.33860586,52.50525572,2,0.0,12 to 16
10,10100101.0,12,9,7,3,0,1,0,0,0,0,1,0,0,2,13.55325851,52.56837163,1,0.0,08 to 12
7,7300619.0,12,12,2,3,5,2,0,1,0,0,0,0,1,1,13.34842997,52.45891993,2,0.5,12 to 16
5,5100103.0,12,16,5,3,5,3,1,1,1,0,0,0,0,0,13.21010244,52.56683483,2,0.5,16 to 20
11,11200515.0,12,8,6,3,2,6,0,0,1,0,0,0,1,1,13.51175671,52.53857469,2,0.0,08 to 12
7,7200308.0,12,14,3,3,2,6,0,0,1,0,0,0,0,0,13.34513577,52.48181232,1,0.0,12 to 16
10,10200629.0,12,16,5,3,6,2,0,0,1,1,0,0,0,0,13.58793734,52.52068391,2,0.0,16 to 20
10,10100102.0,12,14,1,3,2,6,0,0,1,0,0,0,0,0,13.56817147,52.57366103,1,0.0,12 to 16
2,2200210.0,12,13,1,3,6,7,0,0,0,1,0,0,1,0,13.39706543,52.49567114,2,0.0,12 to 16
2,2300316.0,12,13,2,3,5,3,0,0,1,0,1,0,0,0,13.43008374,52.50346175,2,0.0,12 to 16
2,2200211.0,12,15,5,2,1,5,1,1,1,0,0,0,0,0,13.39102453,52.48950507,2,0.5,12 to 16
2,2400625.0,12,12,6,2,3,6,0,1,0,0,0,0,1,1,13.44137022,52.51301243,2,0.5,12 to 16
4,4501041.0,12,15,7,3,6,7,1,0,0,1,0,0,1,0,13.31961948,52.50154981,2,0.0,12 to 16
3,3400829.0,12,14,5,3,2,6,0,1,1,0,0,0,0,0,13.41611142,52.56071612,2,0.5,12 to 16
5,5100208.0,12,14,5,3,6,7,0,0,0,1,0,0,1,0,13.16491262,52.55045245,2,0.0,12 to 16
9,9200511.0,12,15,5,3,6,4,0,0,1,1,0,0,0,0,13.52347401,52.46286336,2,0.0,12 to 16
12,12200515.0,12,12,1,3,5,3,0,0,1,0,0,0,0,1,13.28302134,52.59420841,1,0.0,12 to 16
6,6300527.0,12,15,2,3,2,6,1,0,1,0,0,0,0,1,13.26543073,52.4322016,1,0.0,12 to 16
4,4501045.0,12,14,3,3,5,2,1,1,1,0,0,0,0,0,13.32376889,52.49465429,2,0.5,12 to 16
4,4300622.0,12,14,5,3,6,4,0,0,1,1,0,0,0,0,13.32902388,52.50539097,2,0.0,12 to 16
2,2200209.0,12,10,4,3,0,1,0,1,0,0,0,0,0,1,13.37371683,52.48793037,1,1.0,08 to 12
11,11200514.0,12,12,1,3,5,2,0,1,0,0,0,0,1,0,13.47328143,52.53616808,2,0.5,12 to 16
1,1401045.0,12,10,7,3,5,2,0,0,1,0,0,0,0,1,13.3741553,52.55651063,1,0.0,08 to 12
9,9200715.0,12,15,2,3,5,2,1,1,1,0,0,0,0,0,13.55064593,52.42919872,2,0.5,12 to 16
12,12400722.0,12,13,5,3,6,7,0,0,1,1,0,0,0,0,13.30613233,52.61769035,2,0.0,12 to 16
6,6200422.0,12,18,6,3,3,6,2,0,1,0,0,0,0,0,13.3259625,52.42793162,1,0.0,16 to 20
7,7501030.0,12,8,7,3,0,1,0,0,0,0,1,0,0,2,13.37980241,52.44522774,1,0.0,08 to 12
6,6200317.0,12,7,4,3,5,3,1,0,1,0,0,0,0,1,13.35204567,52.4184292,1,0.0,04 to 08
12,12500927.0,12,10,5,3,5,3,0,1,0,0,0,0,1,0,13.32617565,52.59171011,2,0.5,08 to 12
5,5100103.0,12,9,1,2,6,2,0,0,1,1,0,0,0,0,13.20947355,52.56542864,2,0.0,08 to 12
11,11501339.0,12,11,2,3,2,6,0,0,1,0,0,0,0,1,13.5262791,52.49340834,1,0.0,08 to 12
3,3400619.0,12,12,7,3,2,7,0,0,1,0,0,0,0,0,13.37456438,52.58301744,1,0.0,12 to 16
2,2100102.0,12,11,4,3,5,7,0,0,1,0,0,0,0,0,13.39488863,52.50376065,1,0.0,08 to 12
4,4300415.0,12,17,5,3,0,7,2,1,1,0,0,0,0,0,13.28366715,52.50625629,2,0.5,16 to 20
12,12500824.0,12,9,1,3,5,3,0,0,1,0,0,0,0,1,13.30121602,52.59952179,1,0.0,08 to 12
8,8100415.0,12,11,2,2,6,2,0,0,1,1,0,0,0,0,13.43904638,52.48050077,2,0.0,08 to 12
12,12100204.0,12,12,3,3,6,4,0,0,1,1,0,0,0,1,13.36248491,52.5622045,2,0.0,12 to 16
1,1300834.0,12,12,5,3,5,2,0,1,1,0,0,0,0,0,13.39108701,52.54468047,2,0.5,12 to 16
2,2300316.0,12,6,4,3,6,2,2,0,1,1,0,0,0,1,13.44152077,52.50130961,2,0.0,04 to 08
9,9100306.0,12,7,1,3,6,7,2,0,1,1,0,0,0,1,13.48409499,52.44759883,2,0.0,04 to 08
8,8100312.0,12,16,7,3,6,7,1,0,1,1,0,0,0,0,13.44155954,52.4830436,2,0.0,16 to 20
10,10300733.0,12,23,1,3,8,1,2,0,1,0,0,0,0,1,13.55292917,52.50750615,1,0.0,20 to 24
7,7400927.0,12,12,5,2,5,2,0,1,0,0,0,1,0,0,13.4020804,52.46332805,2,0.5,12 to 16
1,1100310.0,12,14,6,3,1,5,0,1,1,0,0,0,0,0,13.40905535,52.52414255,2,0.5,12 to 16
3,3701657.0,12,14,3,3,0,1,0,1,0,0,0,0,0,0,13.42646116,52.54297072,1,1.0,12 to 16
4,4300622.0,12,19,6,3,5,7,2,0,1,0,0,0,0,0,13.31728337,52.51393541,1,0.0,16 to 20