bez,lor_ab_2021,umonat,ustunde,uwochentag,ukategorie,uart,utyp1,ulichtverh,istrad,istpkw,istfuss,istkrad,istgkfz,istsonstige,ustrzustand,xgcswgs84,ygcswgs84,all_acc,perc_bike_acc,rushhours
2,2500726.0,12,14,4,3,5,2,0,0,1,0,0,0,1,0,13.45079361,52.52720122,2,0.0,12 to 16
7,7400824.0,12,8,5,3,1,5,0,1,1,0,0,0,0,0,13.3786387,52.46138508,2,0.5,08 to 12
12,12200309.0,12,20,7,3,6,7,2,0,1,1,0,0,0,0,13.31743065,52.56957,2,0.0,20 to 24
5,5100312.0,12,23,2,3,1,1,2,0,1,0,0,0,1,1,13.19416022,52.55107406,2,0.0,20 to 24
7,7601341.0,12,17,3,3,2,6,2,0,1,0,0,1,0,1,13.36747007,52.41034514,2,0.0,16 to 20
8,8100311.0,12,11,2,3,0,2,0,0,1,0,0,0,1,0,13.43026401,52.48611251,2,0.0,08 to 12
4,4500937.0,12,11,5,3,6,2,0,0,1,1,0,0,0,0,13.29882182,52.49854083,2,0.0,08 to 12
5,5200632.0,12,9,7,3,0,7,0,1,0,0,0,0,0,2,13.21619771,52.52672072,1,1.0,08 to 12
1,1100206.0,12,17,3,3,5,2,2,1,1,0,0,0,0,0,13.38917016,52.51483533,2,0.5,16 to 20
5,5100105.0,12,3,3,3,1,7,2,0,1,0,0,0,1,1,13.19258234,52.55225501,2,0.0,00 to 04
3,3701659.0,12,10,5,3,0,3,0,0,1,0,1,0,0,1,13.41840193,52.52851736,2,0.0,08 to 12
1,1100207.0,12,17,4,2,5,3,1,1,1,0,0,0,0,0,13.39348577,52.51223504,2,0.5,16 to 20
3,3500934.0,12,13,7,3,5,3,0,0,1,0,1,0,0,0,13.4356113,52.55087462,2,0.0,12 to 16
2,2500832.0,12,20,1,3,2,6,2,0,1,0,0,0,0,1,13.47126694,52.50721998,1,0.0,20 to 24
8,8100208.0,12,9,5,3,5,3,0,0,1,0,0,0,0,0,13.43522254,52.4705625,1,0.0,08 to 12
7,7200414.0,12,10,5,3,2,6,0,0,1,0,0,0,0,0,13.36958718,52.48506973,1,0.0,08 to 12
12,12500930.0,12,14,6,3,5,2,0,0,1,0,0,0,0,0,13.31543218,52.57793717,1,0.0,12 to 16
3,3400830.0,12,11,4,3,1,5,0,1,1,0,0,0,0,1,13.41503479,52.56651876,2,0.5,08 to 12
5,5100101.0,12,21,3,2,9,1,2,0,1,0,0,0,0,1,13.1685746,52.5619695,1,0.0,20 to 24
7,7601339.0,12,12,5,3,5,3,0,1,1,0,0,0,0,0,13.3479264,52.4146242,2,0.5,12 to 16
6,6100205.0,12,15,5,2,0,7,1,0,1,0,0,0,0,0,13.35295054,52.44916625,1,0.0,12 to 16
2,2200210.0,12,19,7,3,2,7,2,0,1,0,0,0,0,0,13.39521587,52.49476236,1,0.0,16 to 20
6,6200313.0,12,13,1,3,5,2,0,1,0,0,0,0,1,0,13.34590686,52.43628448,2,0.5,12 to 16
4,4501153.0,12,17,3,3,2,6,2,0,1,0,0,0,0,0,13.32907303,52.48124518,1,0.0,16 to 20
3,3400619.0,12,19,2,3,2,6,2,0,1,0,0,0,0,1,13.368514,52.58804415,1,0.0,16 to 20
9,11501341.0,12,7,5,3,5,3,0,1,1,0,0,0,0,0,13.50780221,52.47496511,2,0.5,04 to 08
11,11401136.0,12,22,6,3,1,5,2,0,1,0,0,0,0,1,13.49984378,52.49900517,1,0.0,20 to 24
1,1100102.0,12,16,7,3,5,3,2,0,1,0,0,0,0,0,13.35051424,52.51382237,1,0.0,16 to 20
6,6100205.0,12,14,4,3,6,3,0,0,1,1,0,0,0,0,13.35412463,52.44911297,2,0.0,12 to 16
4,4400831.0,12,15,5,3,6,7,1,0,1,1,0,0,0,0,13.2856835,52.47597115,2,0.0,12 to 16
2,2100104.0,12,12,6,3,0,1,0,1,0,0,0,0,0,0,13.41172873,52.50334603,1,1.0,12 to 16
8,8100314.0,12,15,7,3,2,7,0,1,1,0,0,0,1,0,13.42892893,52.48626028,3,0.3333333333333333,12 to 16
2,2200208.0,12,16,2,3,6,4,2,0,1,1,0,0,0,0,13.38378354,52.49377921,2,0.0,16 to 20
10,10400941.0,12,12,7,3,5,3,0,0,1,0,0,0,0,1,13.6150275,52.49488899,1,0.0,12 to 16
4,4501153.0,12,18,4,3,5,2,2,1,1,0,0,0,0,0,13.32882866,52.47887113,2,0.5,16 to 20
4,4200308.0,12,0,7,3,2,6,2,0,1,0,0,0,0,0,13.28060706,52.51850579,1,0.0,00 to 04
1,1100415.0,12,17,5,3,1,5,2,1,1,0,0,0,0,1,13.3979594,52.53251808,2,0.5,16 to 20
5,5100312.0,12,7,6,3,6,4,1,0,1,1,0,0,0,0,13.2004636,52.54975805,2,0.0,04 to 08
8,8401139.0,12,19,7,3,5,3,2,0,1,0,0,0,0,0,13.45873305,52.44031181,1,0.0,16 to 20
11,11400930.0,12,22,2,3,5,3,2,0,1,0,1,0,0,1,13.51148509,52.50560547,2,0.0,20 to 24
4,4501042.0,12,18,3,3,2,6,2,0,1,0,0,0,0,0,13.33150298,52.50536335,1,0.0,16 to 20
10,10300734.0,12,15,4,3,6,4,1,0,1,1,0,0,0,0,13.56189363,52.50062473,2,0.0,12 to 16
10,10400941.0,12,7,4,3,5,3,0,1,1,0,0,0,0,0,13.61201393,52.49664457,2,0.5,04 to 08
12,12200412.0,12,19,7,2,5,3,2,0,1,0,1,0,0,0,13.2925461,52.57550167,2,0.0,16 to 20
9,9501737.0,12,13,7,3,0,1,0,1,0,0,0,0,0,1,13.62417814,52.44707216,1,1.0,12 to 16
3,11300618.0,12,17,2,3,6,2,2,0,1,1,0,0,0,0,13.45782711,52.52868577,2,0.0,16 to 20
4,4500937.0,12,23,4,3,2,6,2,0,1,0,0,0,0,0,13.29983889,52.49857082,1,0.0,20 to 24
10,10400837.0,12,11,6,3,2,2,0,0,1,0,0,1,0,1,13.58624542,52.48199139,2,0.0,08 to 12
5,4200308.0,12,13,7,3,2,6,0,0,1,0,0,0,0,0,13.2477852,52.52446778,1,0.0,12 to 16
1,1100310.0,12,13,5,3,5,2,0,1,1,0,0,0,0,0,13.41525913,52.52683188,2,0.5,12 to 16
7,7200308.0,12,22,5,3,5,3,2,1,1,0,0,0,0,0,13.34435666,52.48557552,2,0.5,20 to 24
1,1100103.0,12,18,7,3,5,3,2,0,1,0,0,0,0,0,13.35219695,52.50544958,1,0.0,16 to 20
10,10100312.0,12,13,2,3,5,2,0,0,1,0,0,0,1,1,13.54412481,52.52583258,2,0.0,12 to 16
8,8200833.0,12,14,3,3,0,6,0,0,0,0,0,0,1,0,13.44299788,52.42539018,1,0.0,12 to 16
12,12200310.0,12,20,4,3,5,2,2,0,1,0,0,0,0,0,13.31251636,52.56954668,1,0.0,20 to 24
5,5100313.0,12,7,4,2,6,4,1,0,0,1,0,0,1,1,13.20984214,52.54801353,2,0.0,04 to 08
3,3100102.0,12,12,7,2,5,2,0,1,1,0,0,0,0,1,13.51496736,52.63275178,2,0.5,12 to 16
9,9200715.0,12,19,7,3,5,3,2,0,1,0,0,0,1,0,13.52721764,52.43204138,2,0.0,16 to 20
7,7400823.0,12,8,2,3,5,3,0,0,1,0,0,0,0,1,13.37655403,52.46001969,1,0.0,08 to 12
11,11100205.0,12,15,3,3,8,1,0,0,1,0,0,0,0,0,13.51181096,52.56810984,1,0.0,12 to 16
12,12400619.0,12,18,4,3,2,2,2,1,1,0,0,0,0,0,13.24061715,52.60889301,2,0.5,16 to 20
8,8100314.0,12,11,4,3,5,2,0,1,1,0,0,0,0,0,13.42445404,52.48624628,2,0.5,08 to 12
8,8401245.0,12,12,7,3,5,7,0,0,1,0,0,0,1,0,13.50816597,52.40360278,2,0.0,12 to 16
4,4300619.0,12,11,7,3,2,6,0,0,1,0,0,0,0,0,13.31033634,52.51631759,1,0.0,08 to 12
12,12200515.0,12,12,2,3,6,7,0,0,1,1,0,0,0,0,13.28450258,52.58888497,2,0.0,12 to 16
5,5300737.0,12,17,4,3,2,6,2,0,1,0,0,0,0,0,13.24742236,52.54153516,1,0.0,16 to 20
1,1100310.0,12,6,6,3,5,2,2,0,1,0,0,0,1,1,13.41162407,52.52396127,2,0.0,04 to 08
8,8401243.0,12,11,7,3,2,6,0,0,1,0,0,0,0,1,13.49708743,52.43293999,1,0.0,08 to 12
2,2300315.0,12,9,4,3,5,3,0,1,0,0,1,0,0,1,13.42672608,52.49928531,2,0.5,08 to 12
10,10400836.0,12,16,5,3,1,5,2,0,1,0,0,0,0,0,13.60161456,52.51053918,1,0.0,16 to 20
5,5200632.0,12,17,7,3,5,2,2,1,0,0,0,0,1,0,13.21174045,52.52740216,2,0.5,16 to 20
11,11300721.0,12,11,2,3,2,6,0,0,1,0,0,0,0,1,13.49215378,52.53406751,1,0.0,08 to 12
8,8200726.0,12,9,3,3,6,3,1,0,1,1,0,0,0,0,13.43768966,52.45091882,2,0.0,08 to 12
5,5100101.0,12,13,4,3,8,1,0,0,1,1,0,0,0,0,13.21185661,52.57487957,2,0.0,12 to 16
10,10100206.0,12,21,4,2,5,3,2,0,1,0,0,0,1,0,13.56942736,52.56081336,2,0.0,20 to 24
3,3501037.0,12,17,7,3,2,6,1,0,1,0,0,0,0,0,13.45744631,52.5612362,1,0.0,16 to 20
2,3601453.0,12,14,7,2,6,7,0,0,1,1,0,0,0,0,13.45602852,52.52257204,2,0.0,12 to 16
4,4501042.0,12,14,1,3,2,6,0,0,1,0,0,0,0,0,13.32639464,52.50282827,1,0.0,12 to 16
9,9401635.0,12,16,4,2,5,2,0,0,1,0,1,0,0,0,13.65676168,52.41507616,2,0.0,16 to 20
4,4501152.0,12,15,5,3,5,2,1,1,1,0,0,0,0,0,13.33100928,52.49319115,2,0.5,12 to 16
7,7200307.0,12,15,6,3,5,3,1,1,1,0,0,0,0,0,13.34493555,52.49042637,2,0.5,12 to 16
1,1200519.0,12,1,4,2,9,1,2,0,1,0,0,0,0,0,13.3354124,52.52685877,1,0.0,00 to 04
1,1100102.0,12,17,4,3,5,2,2,1,1,0,0,0,0,0,13.37194872,52.51940137,2,0.5,16 to 20
5,5100315.0,12,16,6,3,5,3,2,0,1,0,0,0,1,1,13.20363243,52.54438758,2,0.0,16 to 20
4,4200311.0,12,15,6,3,5,3,0,0,1,0,1,0,0,0,13.27349077,52.49995048,2,0.0,12 to 16
2,2200208.0,12,19,4,3,0,2,2,1,1,0,0,0,0,0,13.38763937,52.49631987,2,0.5,16 to 20
1,1100207.0,12,19,5,3,5,2,2,1,1,0,0,0,0,0,13.40122065,52.51112889,2,0.5,16 to 20
12,12400618.0,12,11,7,3,5,3,0,0,1,0,0,0,0,0,13.24438213,52.61435194,1,0.0,08 to 12
3,3601451.0,12,10,2,3,0,1,0,0,0,0,1,0,0,1,13.44234416,52.53274215,1,0.0,08 to 12
9,9300923.0,12,18,3,3,0,3,2,1,1,0,0,0,0,0,13.53569903,52.4001402,2,0.5,16 to 20
2,2400522.0,12,0,3,2,0,1,2,1,0,0,0,0,0,0,13.44462718,52.52556231,1,1.0,00 to 04
7,7601339.0,12,7,4,3,6,2,1,0,1,1,0,0,0,0,13.35019648,52.41420364,2,0.0,04 to 08
3,3601245.0,12,15,4,2,5,2,1,1,1,0,0,0,0,1,13.43457061,52.54962015,2,0.5,12 to 16
12,12500926.0,12,12,7,3,6,2,0,0,1,1,0,0,0,1,13.33878244,52.58937879,2,0.0,12 to 16
10,10100206.0,12,13,3,2,2,3,0,0,1,0,1,0,0,0,13.56948932,52.56081055,2,0.0,12 to 16
5,5400942.0,12,16,1,3,8,1,2,0,0,0,1,0,0,0,13.18131014,52.48147904,1,0.0,16 to 20
5,5100208.0,12,14,4,2,3,6,0,0,1,0,0,0,0,0,13.16346567,52.55145812,1,0.0,12 to 16
3,3601245.0,12,13,5,3,6,7,0,0,1,1,0,0,0,0,13.43516537,52.55035815,2,0.0,12 to 16
4,4200308.0,12,15,3,2,2,6,0,0,0,0,1,1,0,0,13.28230462,52.51845022,2,0.0,12 to 16
3,3601244.0,12,14,6,3,5,3,0,0,1,0,0,0,0,0,13.42643307,52.54858377,1,0.0,12 to 16
5,5300736.0,12,20,3,3,5,3,2,0,1,0,0,0,0,1,13.22265076,52.540122,1,0.0,20 to 24
10,10200524.0,12,11,4,3,6,4,0,0,1,1,0,0,0,0,13.60925443,52.53310202,2,0.0,08 to 12
11,11501341.0,12,16,5,3,0,3,2,0,1,0,0,0,1,0,13.52173878,52.47529872,2,0.0,16 to 20
12,12100204.0,12,11,7,3,6,4,0,0,1,1,0,0,0,0,13.352439,52.56529483,2,0.0,08 to 12
5,5200629.0,12,13,1,3,2,6,1,0,1,0,0,0,0,0,13.19498668,52.53367989,1,0.0,12 to 16
6,6100206.0,12,17,2,3,0,6,2,0,0,0,0,0,1,1,13.33913649,52.44864865,1,0.0,16 to 20
6,6400737.0,12,13,4,2,6,7,0,0,1,1,0,0,0,0,13.21534257,52.43851852,2,0.0,12 to 16
7,7501031.0,12,19,1,3,9,1,2,0,1,0,0,0,0,0,13.40187079,52.44670297,1,0.0,16 to 20
6,6200423.0,12,14,3,3,3,6,0,0,1,0,0,0,0,0,13.31440216,52.41771446,1,0.0,12 to 16
6,6200315.0,12,6,4,3,5,2,2,1,0,0,0,0,0,0,13.34709649,52.42843727,1,1.0,04 to 08
8,8401241.0,12,19,1,3,5,3,2,0,1,0,0,0,0,0,13.47757253,52.43008645,1,0.0,16 to 20
2,2400522.0,12,18,1,3,0,1,2,0,0,0,1,0,0,0,13.44819489,52.52175847,1,0.0,16 to 20
6,6100205.0,12,13,5,3,5,3,0,0,1,0,0,0,0,0,13.3403982,52.45070677,1,0.0,12 to 16
3,3200204.0,12,15,1,3,0,1,0,0,0,0,1,0,0,1,13.39461511,52.61513018,1,0.0,12 to 16
4,4200206.0,12,12,1,2,0,1,0,1,0,0,0,0,0,0,13.25790443,52.50816693,1,1.0,12 to 16
8,8401139.0,12,13,5,3,5,3,0,0,1,0,0,0,0,0,13.45614045,52.43693357,1,0.0,12 to 16
3,3400723.0,12,11,1,3,1,5,0,1,1,0,0,0,0,0,13.40962533,52.56658304,2,0.5,08 to 12
8,8300935.0,12,11,7,2,5,2,0,0,1,0,0,0,0,1,13.45741447,52.4227659,1,0.0,08 to 12
9,9301228.0,12,14,3,2,5,2,0,1,1,0,0,0,0,1,13.64348804,52.3781629,2,0.5,12 to 16
8,8100104.0,12,11,4,3,2,6,0,0,1,0,0,0,1,1,13.42931325,52.47115806,2,0.0,08 to 12
7,7100103.0,12,19,7,3,1,7,2,0,1,0,0,0,0,1,13.35555839,52.49903352,1,0.0,16 to 20
3,3100103.0,12,16,7,2,4,6,2,0,1,0,0,0,0,1,13.49585453,52.62609618,1,0.0,16 to 20
2,2300316.0,12,14,4,3,2,6,0,0,1,0,0,0,0,1,13.43928521,52.50038736,1,0.0,12 to 16
2,2200209.0,12,17,7,3,0,2,2,0,1,0,1,0,0,1,13.38582741,52.48494731,2,0.0,16 to 20
9,9200510.0,12,11,7,2,5,3,0,1,1,0,0,0,0,0,13.51728927,52.47143288,2,0.5,08 to 12
4,4400834.0,12,8,3,3,0,1,0,1,0,0,0,0,0,1,13.31153342,52.47956269,1,1.0,08 to 12
8,8100314.0,12,16,4,3,5,7,1,0,1,0,1,0,0,1,13.42660246,52.485404,2,0.0,16 to 20
3,3400619.0,12,21,6,3,2,6,2,0,1,0,0,0,1,0,13.3651501,52.59025306,2,0.0,20 to 24
12,12601133.0,12,13,6,3,5,3,0,0,1,0,0,0,0,1,13.36027732,52.5989977,1,0.0,12 to 16
7,7501134.0,12,11,3,3,2,6,0,0,1,0,0,0,0,1,13.39700176,52.42367666,1,0.0,08 to 12
9,9100304.0,12,17,4,3,5,3,2,0,1,0,0,0,0,1,13.48125577,52.46079553,1,0.0,16 to 20
7,7501029.0,12,13,6,3,5,3,0,0,1,0,0,0,0,1,13.37268059,52.4459632,1,0.0,12 to 16
4,4100101.0,12,20,5,3,6,7,2,0,1,0,0,0,1,1,13.27299291,52.54374567,2,0.0,20 to 24
1,1200628.0,12,14,5,2,5,3,0,0,1,0,1,0,0,0,13.36721577,52.52333622,2,0.0,12 to 16
2,2200210.0,12,23,5,3,6,2,2,0,1,1,0,0,0,1,13.39510724,52.49626102,2,0.0,20 to 24
1,1401049.0,12,15,5,3,5,2,1,0,1,0,0,0,0,1,13.36569682,52.55713092,1,0.0,12 to 16
6,6200421.0,12,19,5,2,6,4,2,0,1,1,0,0,0,1,13.32521372,52.42793798,2,0.0,16 to 20
6,6100102.0,12,14,5,3,2,6,1,0,1,0,0,0,0,1,13.32385031,52.45608775,1,0.0,12 to 16
6,6200422.0,12,12,4,2,0,7,0,0,1,0,0,0,1,0,13.32342791,52.41866185,2,0.0,12 to 16
9,9200510.0,12,11,5,3,2,6,0,1,1,0,0,0,0,1,13.5119579,52.46405599,2,0.5,08 to 12
2,2200210.0,12,11,5,3,5,3,0,0,1,0,0,0,0,1,13.39858172,52.49629782,1,0.0,08 to 12
8,8200730.0,12,10,5,3,6,7,0,0,1,1,0,0,0,0,13.43469707,52.44028323,2,0.0,08 to 12
5,5300736.0,12,9,5,3,5,2,1,0,1,0,0,0,0,1,13.21726337,52.53776666,1,0.0,08 to 12
8,8401242.0,12,11,4,3,5,3,0,0,1,0,0,0,0,1,13.47799309,52.41781475,1,0.0,08 to 12
1,1400942.0,12,6,5,3,2,6,2,0,1,0,0,0,1,1,13.344133,52.54612803,2,0.0,04 to 08
12,12200515.0,12,14,4,3,1,5,0,0,1,0,0,0,1,1,13.28583354,52.59099739,2,0.0,12 to 16
7,7200307.0,12,8,3,2,0,1,0,1,0,0,0,0,0,1,13.34037706,52.48825915,1,1.0,08 to 12
8,8401244.0,12,17,4,3,6,2,2,0,1,1,0,0,0,1,13.4963863,52.41582611,2,0.0,16 to 20
2,2200213.0,12,18,2,3,2,3,2,1,1,0,0,0,0,1,13.41189601,52.49377058,2,0.5,16 to 20
4,4300416.0,12,9,4,3,1,5,0,1,1,0,0,0,0,0,13.2951664,52.50396761,2,0.5,08 to 12
9,9100305.0,12,9,3,3,6,2,0,0,1,1,0,0,0,1,13.49138676,52.46916577,2,0.0,08 to 12
4,4300622.0,12,17,4,2,6,4,2,0,0,1,0,0,1,1,13.32576404,52.50940716,2,0.0,16 to 20
8,8100312.0,12,17,2,3,2,7,2,1,1,0,0,0,0,1,13.43102102,52.4859085,2,0.5,16 to 20
9,9200510.0,12,14,4,3,5,3,0,1,1,0,0,0,0,0,13.51198076,52.47070179,2,0.5,12 to 16
6,6200317.0,12,8,3,3,0,1,0,1,0,0,0,0,0,2,13.34618746,52.41899631,1,1.0,08 to 12
4,4300518.0,12,16,4,3,5,3,2,1,1,0,0,0,0,1,13.3147516,52.5257184,2,0.5,16 to 20
11,11401135.0,12,9,3,2,0,1,0,1,0,0,0,0,0,2,13.50179065,52.49824545,1,1.0,08 to 12
12,12200309.0,12,17,4,3,0,7,2,1,0,0,0,0,0,1,13.33176068,52.56183841,1,1.0,16 to 20
2,2200207.0,12,17,4,3,1,5,2,1,1,0,0,0,0,1,13.37919736,52.49246224,2,0.5,16 to 20
10,10100209.0,12,19,5,3,4,6,2,0,1,0,0,0,0,1,13.57211398,52.54824342,1,0.0,16 to 20
4,4300517.0,12,12,4,3,1,5,0,0,1,0,1,0,0,0,13.30129978,52.52287414,2,0.0,12 to 16
9,9502042.0,12,9,3,3,1,1,0,1,1,0,0,0,0,2,13.58810804,52.461819,2,0.5,08 to 12
8,8301037.0,12,12,4,3,6,7,0,0,0,1,0,0,1,0,13.47531611,52.42259316,2,0.0,12 to 16
9,9501941.0,12,13,4,3,5,3,0,0,1,0,0,0,0,0,13.58526792,52.45158909,1,0.0,12 to 16
4,4100101.0,12,13,5,3,0,5,0,0,1,0,1,0,0,1,13.28423599,52.53818279,2,0.0,12 to 16
1,1401045.0,12,20,4,3,6,4,2,0,1,1,0,0,0,1,13.37699866,52.55407075,2,0.0,20 to 24
6,6100101.0,12,8,3,3,0,1,0,1,0,0,0,0,0,2,13.31837262,52.45445887,1,1.0,08 to 12
3,3400723.0,12,11,4,3,2,6,0,0,1,0,0,0,1,0,13.42422611,52.57462912,2,0.0,08 to 12
11,11300722.0,12,14,2,3,2,6,0,0,1,0,0,0,0,0,13.4791536,52.52038054,1,0.0,12 to 16
5,5100315.0,12,11,4,2,5,2,0,1,1,0,0,0,0,0,13.19349093,52.54884779,2,0.5,08 to 12
7,7300517.0,12,19,4,3,6,2,2,0,1,1,0,0,0,1,13.3324301,52.46890585,2,0.0,16 to 20
8,8100415.0,12,0,5,2,1,5,2,0,1,0,0,0,1,1,13.44257522,52.47828668,2,0.0,00 to 04
3,3400724.0,12,11,4,3,0,3,0,1,0,0,1,0,0,0,13.42266821,52.57581491,2,0.5,08 to 12
6,6100102.0,12,19,4,3,5,3,2,1,1,0,0,0,0,1,13.31911257,52.45451613,2,0.5,16 to 20
9,9401635.0,12,10,2,3,3,6,0,1,1,0,0,0,0,1,13.66180627,52.41207166,2,0.5,08 to 12
9,9100203.0,12,15,4,2,6,7,0,0,1,1,0,0,0,0,13.4820782,52.48163178,2,0.0,12 to 16
3,3300514.0,12,8,3,3,5,2,0,1,1,0,0,0,0,1,13.45055834,52.5982806,2,0.5,08 to 12
7,7601238.0,12,1,3,3,0,7,2,0,1,0,0,0,0,1,13.38737764,52.41180332,1,0.0,00 to 04
1,1401045.0,12,9,4,3,3,6,0,1,0,0,0,0,0,0,13.37624367,52.55636119,1,1.0,08 to 12
1,1200623.0,12,19,2,3,6,2,2,0,1,1,0,0,0,1,13.34568246,52.53314583,2,0.0,16 to 20
8,8200624.0,12,17,4,3,6,4,2,0,1,1,0,0,0,1,13.43274373,52.45241395,2,0.0,16 to 20
11,11300620.0,12,18,4,3,6,2,2,0,1,1,0,0,0,1,13.47658328,52.53299157,2,0.0,16 to 20
2,2200211.0,12,17,4,3,6,4,2,0,1,1,0,0,0,1,13.39633713,52.48644978,2,0.0,16 to 20
7,7400720.0,12,18,5,3,5,2,2,0,1,0,0,0,0,0,13.38118205,52.48258267,1,0.0,16 to 20
11,11300617.0,12,17,4,3,2,6,2,0,1,0,0,0,0,1,13.46934288,52.53159906,1,0.0,16 to 20
7,7100102.0,12,22,3,3,0,2,2,0,1,0,1,0,0,0,13.35418848,52.49863174,2,0.0,20 to 24
7,7100101.0,12,17,4,3,5,2,2,0,1,0,0,0,0,1,13.34577832,52.49435431,1,0.0,16 to 20
9,9200717.0,12,13,4,3,5,3,0,0,1,0,1,0,0,0,13.55325828,52.43399411,2,0.0,12 to 16
2,2400625.0,12,16,3,2,7,7,2,0,0,0,1,0,0,1,13.44511949,52.50134284,1,0.0,16 to 20
1,1400937.0,12,12,5,3,5,3,0,0,1,0,0,0,0,0,13.3347927,52.55639768,1,0.0,12 to 16
10,10100102.0,12,13,3,3,3,2,0,0,1,0,0,0,0,1,13.57185353,52.56831634,1,0.0,12 to 16
4,4200310.0,12,14,3,3,5,2,0,1,1,0,0,0,0,0,13.26631828,52.51311784,2,0.5,12 to 16
5,5100316.0,12,11,3,3,2,6,0,0,1,0,0,0,0,1,13.2061201,52.53515164,1,0.0,08 to 12
12,12601134.0,12,16,4,3,6,4,2,0,1,1,0,0,0,0,13.34346971,52.59881398,2,0.0,16 to 20
9,9100306.0,12,11,3,3,2,2,0,0,1,0,0,0,1,1,13.4958285,52.44893919,2,0.0,08 to 12
8,8100520.0,12,18,3,3,6,2,2,0,1,1,0,0,0,1,13.46436448,52.4702069,2,0.0,16 to 20
2,2100101.0,12,10,3,3,5,3,0,0,1,0,1,0,0,1,13.38240477,52.50452427,2,0.0,08 to 12
9,9501838.0,12,17,2,3,0,7,2,0,1,0,0,0,0,1,13.72950078,52.43029103,1,0.0,16 to 20
1,1100312.0,12,16,4,3,5,3,2,1,1,0,0,0,0,1,13.40440734,52.50790059,2,0.5,16 to 20
10,10400837.0,12,13,2,3,0,1,0,1,0,0,0,0,0,0,13.57562252,52.48995017,1,1.0,12 to 16
1,1300836.0,12,11,4,2,5,3,0,1,1,0,0,0,0,1,13.37932044,52.5405158,2,0.5,08 to 12
1,1401045.0,12,9,3,3,2,6,0,0,1,0,0,0,0,1,13.37676238,52.55403337,1,0.0,08 to 12
9,9100409.0,12,1,2,3,9,1,2,0,1,0,0,0,0,1,13.51348352,52.42764457,1,0.0,00 to 04
6,6300527.0,12,17,4,3,5,2,2,1,0,0,0,0,1,0,13.27241086,52.43727181,2,0.5,16 to 20
6,6400844.0,12,8,3,2,6,2,2,0,1,1,0,0,0,1,13.27049951,52.45102048,2,0.0,08 to 12
8,8401241.0,12,2,3,3,0,1,2,0,0,0,1,0,0,1,13.48311808,52.43091543,1,0.0,00 to 04
3,3300516.0,12,19,3,3,6,4,2,0,1,1,0,0,0,1,13.44431917,52.56523593,2,0.0,16 to 20
1,1100206.0,12,22,5,3,1,5,2,1,0,0,0,0,1,1,13.39038233,52.51815265,2,0.5,20 to 24
11,11300620.0,12,19,3,2,2,6,2,0,1,0,0,0,0,1,13.48464443,52.53347544,1,0.0,16 to 20
4,4501041.0,12,11,3,3,2,6,0,1,1,0,0,0,0,1,13.32200696,52.50208035,2,0.5,08 to 12
6,6200317.0,12,17,3,3,0,6,2,0,1,0,1,0,0,0,13.35893893,52.42033316,2,0.0,16 to 20
3,3300413.0,12,9,5,3,5,2,0,1,1,0,0,0,0,1,13.47906961,52.60763999,2,0.5,08 to 12
7,7100205.0,12,17,3,3,5,3,2,0,1,0,0,0,0,1,13.36634709,52.49526718,1,0.0,16 to 20
3,3501038.0,12,13,5,3,5,3,0,1,1,0,0,0,0,0,13.47862205,52.55595603,2,0.5,12 to 16
3,3200308.0,12,17,3,3,6,2,2,0,1,1,0,0,0,1,13.41980974,52.60621955,2,0.0,16 to 20
10,10200422.0,12,16,3,2,0,7,2,0,1,0,0,0,0,1,13.60310714,52.54572302,1,0.0,16 to 20
7,7400823.0,12,11,4,3,5,2,0,0,1,0,0,0,1,1,13.37827367,52.46700306,2,0.0,08 to 12
1,3701556.0,12,16,3,3,2,6,2,0,1,0,0,0,0,1,13.40983818,52.52898708,1,0.0,16 to 20
2,2100106.0,12,16,3,3,6,4,2,0,1,1,0,0,0,1,13.41779604,52.49904396,2,0.0,16 to 20
2,2200209.0,12,3,1,3,5,2,2,0,1,0,0,0,0,0,13.38226078,52.48499784,1,0.0,00 to 04
7,7400823.0,12,7,4,3,6,2,1,0,1,1,0,0,0,1,13.37794126,52.46644169,2,0.0,04 to 08
12,12400722.0,12,17,3,3,5,3,2,0,1,0,0,0,0,1,13.31091476,52.61301792,1,0.0,16 to 20
1,1100313.0,12,14,3,3,5,3,0,0,1,0,0,0,1,0,13.41964879,52.50609051,2,0.0,12 to 16
1,1100207.0,12,16,3,3,6,2,2,0,1,1,0,0,0,1,13.39181741,52.51057,2,0.0,16 to 20
1,1300732.0,12,14,4,3,2,2,0,0,1,0,0,1,0,0,13.38671399,52.5592837,2,0.0,12 to 16